001/001/im1.png (1080,1920,1) 1
001/001/im2.png (1080,1920,1) 1
001/001/im3.png (1080,1920,1) 1
001/001/im4.png (1080,1920,1) 1
001/001/im5.png (1080,1920,1) 1
001/001/im6.png (1080,1920,1) 1
001/001/im7.png (1080,1920,1) 1
001/001/im8.png (1080,1920,1) 1
001/001/im9.png (1080,1920,1) 1
001/001/im10.png (1080,1920,1) 1
001/001/im11.png (1080,1920,1) 1
001/001/im12.png (1080,1920,1) 1
001/001/im13.png (1080,1920,1) 1
001/001/im14.png (1080,1920,1) 1
001/001/im15.png (1080,1920,1) 1
001/002/im1.png (1080,1920,1) 1
001/002/im2.png (1080,1920,1) 1
001/002/im3.png (1080,1920,1) 1
001/002/im4.png (1080,1920,1) 1
001/002/im5.png (1080,1920,1) 1
001/002/im6.png (1080,1920,1) 1
001/002/im7.png (1080,1920,1) 1
001/002/im8.png (1080,1920,1) 1
001/002/im9.png (1080,1920,1) 1
001/002/im10.png (1080,1920,1) 1
001/002/im11.png (1080,1920,1) 1
001/002/im12.png (1080,1920,1) 1
001/002/im13.png (1080,1920,1) 1
001/002/im14.png (1080,1920,1) 1
001/002/im15.png (1080,1920,1) 1
001/003/im1.png (1080,1920,1) 1
001/003/im2.png (1080,1920,1) 1
001/003/im3.png (1080,1920,1) 1
001/003/im4.png (1080,1920,1) 1
001/003/im5.png (1080,1920,1) 1
001/003/im6.png (1080,1920,1) 1
001/003/im7.png (1080,1920,1) 1
001/003/im8.png (1080,1920,1) 1
001/003/im9.png (1080,1920,1) 1
001/003/im10.png (1080,1920,1) 1
001/003/im11.png (1080,1920,1) 1
001/003/im12.png (1080,1920,1) 1
001/003/im13.png (1080,1920,1) 1
001/003/im14.png (1080,1920,1) 1
001/003/im15.png (1080,1920,1) 1
001/004/im1.png (1080,1920,1) 1
001/004/im2.png (1080,1920,1) 1
001/004/im3.png (1080,1920,1) 1
001/004/im4.png (1080,1920,1) 1
001/004/im5.png (1080,1920,1) 1
001/004/im6.png (1080,1920,1) 1
001/004/im7.png (1080,1920,1) 1
001/004/im8.png (1080,1920,1) 1
001/004/im9.png (1080,1920,1) 1
001/004/im10.png (1080,1920,1) 1
001/004/im11.png (1080,1920,1) 1
001/004/im12.png (1080,1920,1) 1
001/004/im13.png (1080,1920,1) 1
001/004/im14.png (1080,1920,1) 1
001/004/im15.png (1080,1920,1) 1
001/005/im1.png (1080,1920,1) 1
001/005/im2.png (1080,1920,1) 1
001/005/im3.png (1080,1920,1) 1
001/005/im4.png (1080,1920,1) 1
001/005/im5.png (1080,1920,1) 1
001/005/im6.png (1080,1920,1) 1
001/005/im7.png (1080,1920,1) 1
001/005/im8.png (1080,1920,1) 1
001/005/im9.png (1080,1920,1) 1
001/005/im10.png (1080,1920,1) 1
001/005/im11.png (1080,1920,1) 1
001/005/im12.png (1080,1920,1) 1
001/005/im13.png (1080,1920,1) 1
001/005/im14.png (1080,1920,1) 1
001/005/im15.png (1080,1920,1) 1
002/001/im1.png (1080,1920,1) 1
002/001/im2.png (1080,1920,1) 1
002/001/im3.png (1080,1920,1) 1
002/001/im4.png (1080,1920,1) 1
002/001/im5.png (1080,1920,1) 1
002/001/im6.png (1080,1920,1) 1
002/001/im7.png (1080,1920,1) 1
002/001/im8.png (1080,1920,1) 1
002/001/im9.png (1080,1920,1) 1
002/001/im10.png (1080,1920,1) 1
002/001/im11.png (1080,1920,1) 1
002/001/im12.png (1080,1920,1) 1
002/001/im13.png (1080,1920,1) 1
002/001/im14.png (1080,1920,1) 1
002/001/im15.png (1080,1920,1) 1
002/002/im1.png (1080,1920,1) 1
002/002/im2.png (1080,1920,1) 1
002/002/im3.png (1080,1920,1) 1
002/002/im4.png (1080,1920,1) 1
002/002/im5.png (1080,1920,1) 1
002/002/im6.png (1080,1920,1) 1
002/002/im7.png (1080,1920,1) 1
002/002/im8.png (1080,1920,1) 1
002/002/im9.png (1080,1920,1) 1
002/002/im10.png (1080,1920,1) 1
002/002/im11.png (1080,1920,1) 1
002/002/im12.png (1080,1920,1) 1
002/002/im13.png (1080,1920,1) 1
002/002/im14.png (1080,1920,1) 1
002/002/im15.png (1080,1920,1) 1
002/003/im1.png (1080,1920,1) 1
002/003/im2.png (1080,1920,1) 1
002/003/im3.png (1080,1920,1) 1
002/003/im4.png (1080,1920,1) 1
002/003/im5.png (1080,1920,1) 1
002/003/im6.png (1080,1920,1) 1
002/003/im7.png (1080,1920,1) 1
002/003/im8.png (1080,1920,1) 1
002/003/im9.png (1080,1920,1) 1
002/003/im10.png (1080,1920,1) 1
002/003/im11.png (1080,1920,1) 1
002/003/im12.png (1080,1920,1) 1
002/003/im13.png (1080,1920,1) 1
002/003/im14.png (1080,1920,1) 1
002/003/im15.png (1080,1920,1) 1
002/004/im1.png (1080,1920,1) 1
002/004/im2.png (1080,1920,1) 1
002/004/im3.png (1080,1920,1) 1
002/004/im4.png (1080,1920,1) 1
002/004/im5.png (1080,1920,1) 1
002/004/im6.png (1080,1920,1) 1
002/004/im7.png (1080,1920,1) 1
002/004/im8.png (1080,1920,1) 1
002/004/im9.png (1080,1920,1) 1
002/004/im10.png (1080,1920,1) 1
002/004/im11.png (1080,1920,1) 1
002/004/im12.png (1080,1920,1) 1
002/004/im13.png (1080,1920,1) 1
002/004/im14.png (1080,1920,1) 1
002/004/im15.png (1080,1920,1) 1
002/005/im1.png (1080,1920,1) 1
002/005/im2.png (1080,1920,1) 1
002/005/im3.png (1080,1920,1) 1
002/005/im4.png (1080,1920,1) 1
002/005/im5.png (1080,1920,1) 1
002/005/im6.png (1080,1920,1) 1
002/005/im7.png (1080,1920,1) 1
002/005/im8.png (1080,1920,1) 1
002/005/im9.png (1080,1920,1) 1
002/005/im10.png (1080,1920,1) 1
002/005/im11.png (1080,1920,1) 1
002/005/im12.png (1080,1920,1) 1
002/005/im13.png (1080,1920,1) 1
002/005/im14.png (1080,1920,1) 1
002/005/im15.png (1080,1920,1) 1
003/001/im1.png (1080,1920,1) 1
003/001/im2.png (1080,1920,1) 1
003/001/im3.png (1080,1920,1) 1
003/001/im4.png (1080,1920,1) 1
003/001/im5.png (1080,1920,1) 1
003/001/im6.png (1080,1920,1) 1
003/001/im7.png (1080,1920,1) 1
003/001/im8.png (1080,1920,1) 1
003/001/im9.png (1080,1920,1) 1
003/001/im10.png (1080,1920,1) 1
003/001/im11.png (1080,1920,1) 1
003/001/im12.png (1080,1920,1) 1
003/001/im13.png (1080,1920,1) 1
003/001/im14.png (1080,1920,1) 1
003/001/im15.png (1080,1920,1) 1
003/002/im1.png (1080,1920,1) 1
003/002/im2.png (1080,1920,1) 1
003/002/im3.png (1080,1920,1) 1
003/002/im4.png (1080,1920,1) 1
003/002/im5.png (1080,1920,1) 1
003/002/im6.png (1080,1920,1) 1
003/002/im7.png (1080,1920,1) 1
003/002/im8.png (1080,1920,1) 1
003/002/im9.png (1080,1920,1) 1
003/002/im10.png (1080,1920,1) 1
003/002/im11.png (1080,1920,1) 1
003/002/im12.png (1080,1920,1) 1
003/002/im13.png (1080,1920,1) 1
003/002/im14.png (1080,1920,1) 1
003/002/im15.png (1080,1920,1) 1
003/003/im1.png (1080,1920,1) 1
003/003/im2.png (1080,1920,1) 1
003/003/im3.png (1080,1920,1) 1
003/003/im4.png (1080,1920,1) 1
003/003/im5.png (1080,1920,1) 1
003/003/im6.png (1080,1920,1) 1
003/003/im7.png (1080,1920,1) 1
003/003/im8.png (1080,1920,1) 1
003/003/im9.png (1080,1920,1) 1
003/003/im10.png (1080,1920,1) 1
003/003/im11.png (1080,1920,1) 1
003/003/im12.png (1080,1920,1) 1
003/003/im13.png (1080,1920,1) 1
003/003/im14.png (1080,1920,1) 1
003/003/im15.png (1080,1920,1) 1
004/001/im1.png (1080,1920,1) 1
004/001/im2.png (1080,1920,1) 1
004/001/im3.png (1080,1920,1) 1
004/001/im4.png (1080,1920,1) 1
004/001/im5.png (1080,1920,1) 1
004/001/im6.png (1080,1920,1) 1
004/001/im7.png (1080,1920,1) 1
004/001/im8.png (1080,1920,1) 1
004/001/im9.png (1080,1920,1) 1
004/001/im10.png (1080,1920,1) 1
004/001/im11.png (1080,1920,1) 1
004/001/im12.png (1080,1920,1) 1
004/001/im13.png (1080,1920,1) 1
004/001/im14.png (1080,1920,1) 1
004/001/im15.png (1080,1920,1) 1
004/002/im1.png (1080,1920,1) 1
004/002/im2.png (1080,1920,1) 1
004/002/im3.png (1080,1920,1) 1
004/002/im4.png (1080,1920,1) 1
004/002/im5.png (1080,1920,1) 1
004/002/im6.png (1080,1920,1) 1
004/002/im7.png (1080,1920,1) 1
004/002/im8.png (1080,1920,1) 1
004/002/im9.png (1080,1920,1) 1
004/002/im10.png (1080,1920,1) 1
004/002/im11.png (1080,1920,1) 1
004/002/im12.png (1080,1920,1) 1
004/002/im13.png (1080,1920,1) 1
004/002/im14.png (1080,1920,1) 1
004/002/im15.png (1080,1920,1) 1
004/003/im1.png (1080,1920,1) 1
004/003/im2.png (1080,1920,1) 1
004/003/im3.png (1080,1920,1) 1
004/003/im4.png (1080,1920,1) 1
004/003/im5.png (1080,1920,1) 1
004/003/im6.png (1080,1920,1) 1
004/003/im7.png (1080,1920,1) 1
004/003/im8.png (1080,1920,1) 1
004/003/im9.png (1080,1920,1) 1
004/003/im10.png (1080,1920,1) 1
004/003/im11.png (1080,1920,1) 1
004/003/im12.png (1080,1920,1) 1
004/003/im13.png (1080,1920,1) 1
004/003/im14.png (1080,1920,1) 1
004/003/im15.png (1080,1920,1) 1
004/004/im1.png (1080,1920,1) 1
004/004/im2.png (1080,1920,1) 1
004/004/im3.png (1080,1920,1) 1
004/004/im4.png (1080,1920,1) 1
004/004/im5.png (1080,1920,1) 1
004/004/im6.png (1080,1920,1) 1
004/004/im7.png (1080,1920,1) 1
004/004/im8.png (1080,1920,1) 1
004/004/im9.png (1080,1920,1) 1
004/004/im10.png (1080,1920,1) 1
004/004/im11.png (1080,1920,1) 1
004/004/im12.png (1080,1920,1) 1
004/004/im13.png (1080,1920,1) 1
004/004/im14.png (1080,1920,1) 1
004/004/im15.png (1080,1920,1) 1
004/005/im1.png (1080,1920,1) 1
004/005/im2.png (1080,1920,1) 1
004/005/im3.png (1080,1920,1) 1
004/005/im4.png (1080,1920,1) 1
004/005/im5.png (1080,1920,1) 1
004/005/im6.png (1080,1920,1) 1
004/005/im7.png (1080,1920,1) 1
004/005/im8.png (1080,1920,1) 1
004/005/im9.png (1080,1920,1) 1
004/005/im10.png (1080,1920,1) 1
004/005/im11.png (1080,1920,1) 1
004/005/im12.png (1080,1920,1) 1
004/005/im13.png (1080,1920,1) 1
004/005/im14.png (1080,1920,1) 1
004/005/im15.png (1080,1920,1) 1
004/006/im1.png (1080,1920,1) 1
004/006/im2.png (1080,1920,1) 1
004/006/im3.png (1080,1920,1) 1
004/006/im4.png (1080,1920,1) 1
004/006/im5.png (1080,1920,1) 1
004/006/im6.png (1080,1920,1) 1
004/006/im7.png (1080,1920,1) 1
004/006/im8.png (1080,1920,1) 1
004/006/im9.png (1080,1920,1) 1
004/006/im10.png (1080,1920,1) 1
004/006/im11.png (1080,1920,1) 1
004/006/im12.png (1080,1920,1) 1
004/006/im13.png (1080,1920,1) 1
004/006/im14.png (1080,1920,1) 1
004/006/im15.png (1080,1920,1) 1
004/007/im1.png (1080,1920,1) 1
004/007/im2.png (1080,1920,1) 1
004/007/im3.png (1080,1920,1) 1
004/007/im4.png (1080,1920,1) 1
004/007/im5.png (1080,1920,1) 1
004/007/im6.png (1080,1920,1) 1
004/007/im7.png (1080,1920,1) 1
004/007/im8.png (1080,1920,1) 1
004/007/im9.png (1080,1920,1) 1
004/007/im10.png (1080,1920,1) 1
004/007/im11.png (1080,1920,1) 1
004/007/im12.png (1080,1920,1) 1
004/007/im13.png (1080,1920,1) 1
004/007/im14.png (1080,1920,1) 1
004/007/im15.png (1080,1920,1) 1
004/008/im1.png (1080,1920,1) 1
004/008/im2.png (1080,1920,1) 1
004/008/im3.png (1080,1920,1) 1
004/008/im4.png (1080,1920,1) 1
004/008/im5.png (1080,1920,1) 1
004/008/im6.png (1080,1920,1) 1
004/008/im7.png (1080,1920,1) 1
004/008/im8.png (1080,1920,1) 1
004/008/im9.png (1080,1920,1) 1
004/008/im10.png (1080,1920,1) 1
004/008/im11.png (1080,1920,1) 1
004/008/im12.png (1080,1920,1) 1
004/008/im13.png (1080,1920,1) 1
004/008/im14.png (1080,1920,1) 1
004/008/im15.png (1080,1920,1) 1
004/009/im1.png (1080,1920,1) 1
004/009/im2.png (1080,1920,1) 1
004/009/im3.png (1080,1920,1) 1
004/009/im4.png (1080,1920,1) 1
004/009/im5.png (1080,1920,1) 1
004/009/im6.png (1080,1920,1) 1
004/009/im7.png (1080,1920,1) 1
004/009/im8.png (1080,1920,1) 1
004/009/im9.png (1080,1920,1) 1
004/009/im10.png (1080,1920,1) 1
004/009/im11.png (1080,1920,1) 1
004/009/im12.png (1080,1920,1) 1
004/009/im13.png (1080,1920,1) 1
004/009/im14.png (1080,1920,1) 1
004/009/im15.png (1080,1920,1) 1
004/010/im1.png (1080,1920,1) 1
004/010/im2.png (1080,1920,1) 1
004/010/im3.png (1080,1920,1) 1
004/010/im4.png (1080,1920,1) 1
004/010/im5.png (1080,1920,1) 1
004/010/im6.png (1080,1920,1) 1
004/010/im7.png (1080,1920,1) 1
004/010/im8.png (1080,1920,1) 1
004/010/im9.png (1080,1920,1) 1
004/010/im10.png (1080,1920,1) 1
004/010/im11.png (1080,1920,1) 1
004/010/im12.png (1080,1920,1) 1
004/010/im13.png (1080,1920,1) 1
004/010/im14.png (1080,1920,1) 1
004/010/im15.png (1080,1920,1) 1
004/011/im1.png (1080,1920,1) 1
004/011/im2.png (1080,1920,1) 1
004/011/im3.png (1080,1920,1) 1
004/011/im4.png (1080,1920,1) 1
004/011/im5.png (1080,1920,1) 1
004/011/im6.png (1080,1920,1) 1
004/011/im7.png (1080,1920,1) 1
004/011/im8.png (1080,1920,1) 1
004/011/im9.png (1080,1920,1) 1
004/011/im10.png (1080,1920,1) 1
004/011/im11.png (1080,1920,1) 1
004/011/im12.png (1080,1920,1) 1
004/011/im13.png (1080,1920,1) 1
004/011/im14.png (1080,1920,1) 1
004/011/im15.png (1080,1920,1) 1
004/012/im1.png (1080,1920,1) 1
004/012/im2.png (1080,1920,1) 1
004/012/im3.png (1080,1920,1) 1
004/012/im4.png (1080,1920,1) 1
004/012/im5.png (1080,1920,1) 1
004/012/im6.png (1080,1920,1) 1
004/012/im7.png (1080,1920,1) 1
004/012/im8.png (1080,1920,1) 1
004/012/im9.png (1080,1920,1) 1
004/012/im10.png (1080,1920,1) 1
004/012/im11.png (1080,1920,1) 1
004/012/im12.png (1080,1920,1) 1
004/012/im13.png (1080,1920,1) 1
004/012/im14.png (1080,1920,1) 1
004/012/im15.png (1080,1920,1) 1
004/013/im1.png (1080,1920,1) 1
004/013/im2.png (1080,1920,1) 1
004/013/im3.png (1080,1920,1) 1
004/013/im4.png (1080,1920,1) 1
004/013/im5.png (1080,1920,1) 1
004/013/im6.png (1080,1920,1) 1
004/013/im7.png (1080,1920,1) 1
004/013/im8.png (1080,1920,1) 1
004/013/im9.png (1080,1920,1) 1
004/013/im10.png (1080,1920,1) 1
004/013/im11.png (1080,1920,1) 1
004/013/im12.png (1080,1920,1) 1
004/013/im13.png (1080,1920,1) 1
004/013/im14.png (1080,1920,1) 1
004/013/im15.png (1080,1920,1) 1
004/014/im1.png (1080,1920,1) 1
004/014/im2.png (1080,1920,1) 1
004/014/im3.png (1080,1920,1) 1
004/014/im4.png (1080,1920,1) 1
004/014/im5.png (1080,1920,1) 1
004/014/im6.png (1080,1920,1) 1
004/014/im7.png (1080,1920,1) 1
004/014/im8.png (1080,1920,1) 1
004/014/im9.png (1080,1920,1) 1
004/014/im10.png (1080,1920,1) 1
004/014/im11.png (1080,1920,1) 1
004/014/im12.png (1080,1920,1) 1
004/014/im13.png (1080,1920,1) 1
004/014/im14.png (1080,1920,1) 1
004/014/im15.png (1080,1920,1) 1
004/015/im1.png (1080,1920,1) 1
004/015/im2.png (1080,1920,1) 1
004/015/im3.png (1080,1920,1) 1
004/015/im4.png (1080,1920,1) 1
004/015/im5.png (1080,1920,1) 1
004/015/im6.png (1080,1920,1) 1
004/015/im7.png (1080,1920,1) 1
004/015/im8.png (1080,1920,1) 1
004/015/im9.png (1080,1920,1) 1
004/015/im10.png (1080,1920,1) 1
004/015/im11.png (1080,1920,1) 1
004/015/im12.png (1080,1920,1) 1
004/015/im13.png (1080,1920,1) 1
004/015/im14.png (1080,1920,1) 1
004/015/im15.png (1080,1920,1) 1
004/016/im1.png (1080,1920,1) 1
004/016/im2.png (1080,1920,1) 1
004/016/im3.png (1080,1920,1) 1
004/016/im4.png (1080,1920,1) 1
004/016/im5.png (1080,1920,1) 1
004/016/im6.png (1080,1920,1) 1
004/016/im7.png (1080,1920,1) 1
004/016/im8.png (1080,1920,1) 1
004/016/im9.png (1080,1920,1) 1
004/016/im10.png (1080,1920,1) 1
004/016/im11.png (1080,1920,1) 1
004/016/im12.png (1080,1920,1) 1
004/016/im13.png (1080,1920,1) 1
004/016/im14.png (1080,1920,1) 1
004/016/im15.png (1080,1920,1) 1
004/017/im1.png (1080,1920,1) 1
004/017/im2.png (1080,1920,1) 1
004/017/im3.png (1080,1920,1) 1
004/017/im4.png (1080,1920,1) 1
004/017/im5.png (1080,1920,1) 1
004/017/im6.png (1080,1920,1) 1
004/017/im7.png (1080,1920,1) 1
004/017/im8.png (1080,1920,1) 1
004/017/im9.png (1080,1920,1) 1
004/017/im10.png (1080,1920,1) 1
004/017/im11.png (1080,1920,1) 1
004/017/im12.png (1080,1920,1) 1
004/017/im13.png (1080,1920,1) 1
004/017/im14.png (1080,1920,1) 1
004/017/im15.png (1080,1920,1) 1
004/018/im1.png (1080,1920,1) 1
004/018/im2.png (1080,1920,1) 1
004/018/im3.png (1080,1920,1) 1
004/018/im4.png (1080,1920,1) 1
004/018/im5.png (1080,1920,1) 1
004/018/im6.png (1080,1920,1) 1
004/018/im7.png (1080,1920,1) 1
004/018/im8.png (1080,1920,1) 1
004/018/im9.png (1080,1920,1) 1
004/018/im10.png (1080,1920,1) 1
004/018/im11.png (1080,1920,1) 1
004/018/im12.png (1080,1920,1) 1
004/018/im13.png (1080,1920,1) 1
004/018/im14.png (1080,1920,1) 1
004/018/im15.png (1080,1920,1) 1
004/019/im1.png (1080,1920,1) 1
004/019/im2.png (1080,1920,1) 1
004/019/im3.png (1080,1920,1) 1
004/019/im4.png (1080,1920,1) 1
004/019/im5.png (1080,1920,1) 1
004/019/im6.png (1080,1920,1) 1
004/019/im7.png (1080,1920,1) 1
004/019/im8.png (1080,1920,1) 1
004/019/im9.png (1080,1920,1) 1
004/019/im10.png (1080,1920,1) 1
004/019/im11.png (1080,1920,1) 1
004/019/im12.png (1080,1920,1) 1
004/019/im13.png (1080,1920,1) 1
004/019/im14.png (1080,1920,1) 1
004/019/im15.png (1080,1920,1) 1
004/020/im1.png (1080,1920,1) 1
004/020/im2.png (1080,1920,1) 1
004/020/im3.png (1080,1920,1) 1
004/020/im4.png (1080,1920,1) 1
004/020/im5.png (1080,1920,1) 1
004/020/im6.png (1080,1920,1) 1
004/020/im7.png (1080,1920,1) 1
004/020/im8.png (1080,1920,1) 1
004/020/im9.png (1080,1920,1) 1
004/020/im10.png (1080,1920,1) 1
004/020/im11.png (1080,1920,1) 1
004/020/im12.png (1080,1920,1) 1
004/020/im13.png (1080,1920,1) 1
004/020/im14.png (1080,1920,1) 1
004/020/im15.png (1080,1920,1) 1
005/001/im1.png (1080,1920,1) 1
005/001/im2.png (1080,1920,1) 1
005/001/im3.png (1080,1920,1) 1
005/001/im4.png (1080,1920,1) 1
005/001/im5.png (1080,1920,1) 1
005/001/im6.png (1080,1920,1) 1
005/001/im7.png (1080,1920,1) 1
005/001/im8.png (1080,1920,1) 1
005/001/im9.png (1080,1920,1) 1
005/001/im10.png (1080,1920,1) 1
005/001/im11.png (1080,1920,1) 1
005/001/im12.png (1080,1920,1) 1
005/001/im13.png (1080,1920,1) 1
005/001/im14.png (1080,1920,1) 1
005/001/im15.png (1080,1920,1) 1
005/002/im1.png (1080,1920,1) 1
005/002/im2.png (1080,1920,1) 1
005/002/im3.png (1080,1920,1) 1
005/002/im4.png (1080,1920,1) 1
005/002/im5.png (1080,1920,1) 1
005/002/im6.png (1080,1920,1) 1
005/002/im7.png (1080,1920,1) 1
005/002/im8.png (1080,1920,1) 1
005/002/im9.png (1080,1920,1) 1
005/002/im10.png (1080,1920,1) 1
005/002/im11.png (1080,1920,1) 1
005/002/im12.png (1080,1920,1) 1
005/002/im13.png (1080,1920,1) 1
005/002/im14.png (1080,1920,1) 1
005/002/im15.png (1080,1920,1) 1
005/003/im1.png (1080,1920,1) 1
005/003/im2.png (1080,1920,1) 1
005/003/im3.png (1080,1920,1) 1
005/003/im4.png (1080,1920,1) 1
005/003/im5.png (1080,1920,1) 1
005/003/im6.png (1080,1920,1) 1
005/003/im7.png (1080,1920,1) 1
005/003/im8.png (1080,1920,1) 1
005/003/im9.png (1080,1920,1) 1
005/003/im10.png (1080,1920,1) 1
005/003/im11.png (1080,1920,1) 1
005/003/im12.png (1080,1920,1) 1
005/003/im13.png (1080,1920,1) 1
005/003/im14.png (1080,1920,1) 1
005/003/im15.png (1080,1920,1) 1
005/004/im1.png (1080,1920,1) 1
005/004/im2.png (1080,1920,1) 1
005/004/im3.png (1080,1920,1) 1
005/004/im4.png (1080,1920,1) 1
005/004/im5.png (1080,1920,1) 1
005/004/im6.png (1080,1920,1) 1
005/004/im7.png (1080,1920,1) 1
005/004/im8.png (1080,1920,1) 1
005/004/im9.png (1080,1920,1) 1
005/004/im10.png (1080,1920,1) 1
005/004/im11.png (1080,1920,1) 1
005/004/im12.png (1080,1920,1) 1
005/004/im13.png (1080,1920,1) 1
005/004/im14.png (1080,1920,1) 1
005/004/im15.png (1080,1920,1) 1
005/005/im1.png (1080,1920,1) 1
005/005/im2.png (1080,1920,1) 1
005/005/im3.png (1080,1920,1) 1
005/005/im4.png (1080,1920,1) 1
005/005/im5.png (1080,1920,1) 1
005/005/im6.png (1080,1920,1) 1
005/005/im7.png (1080,1920,1) 1
005/005/im8.png (1080,1920,1) 1
005/005/im9.png (1080,1920,1) 1
005/005/im10.png (1080,1920,1) 1
005/005/im11.png (1080,1920,1) 1
005/005/im12.png (1080,1920,1) 1
005/005/im13.png (1080,1920,1) 1
005/005/im14.png (1080,1920,1) 1
005/005/im15.png (1080,1920,1) 1
005/006/im1.png (1080,1920,1) 1
005/006/im2.png (1080,1920,1) 1
005/006/im3.png (1080,1920,1) 1
005/006/im4.png (1080,1920,1) 1
005/006/im5.png (1080,1920,1) 1
005/006/im6.png (1080,1920,1) 1
005/006/im7.png (1080,1920,1) 1
005/006/im8.png (1080,1920,1) 1
005/006/im9.png (1080,1920,1) 1
005/006/im10.png (1080,1920,1) 1
005/006/im11.png (1080,1920,1) 1
005/006/im12.png (1080,1920,1) 1
005/006/im13.png (1080,1920,1) 1
005/006/im14.png (1080,1920,1) 1
005/006/im15.png (1080,1920,1) 1
005/007/im1.png (1080,1920,1) 1
005/007/im2.png (1080,1920,1) 1
005/007/im3.png (1080,1920,1) 1
005/007/im4.png (1080,1920,1) 1
005/007/im5.png (1080,1920,1) 1
005/007/im6.png (1080,1920,1) 1
005/007/im7.png (1080,1920,1) 1
005/007/im8.png (1080,1920,1) 1
005/007/im9.png (1080,1920,1) 1
005/007/im10.png (1080,1920,1) 1
005/007/im11.png (1080,1920,1) 1
005/007/im12.png (1080,1920,1) 1
005/007/im13.png (1080,1920,1) 1
005/007/im14.png (1080,1920,1) 1
005/007/im15.png (1080,1920,1) 1
005/008/im1.png (1080,1920,1) 1
005/008/im2.png (1080,1920,1) 1
005/008/im3.png (1080,1920,1) 1
005/008/im4.png (1080,1920,1) 1
005/008/im5.png (1080,1920,1) 1
005/008/im6.png (1080,1920,1) 1
005/008/im7.png (1080,1920,1) 1
005/008/im8.png (1080,1920,1) 1
005/008/im9.png (1080,1920,1) 1
005/008/im10.png (1080,1920,1) 1
005/008/im11.png (1080,1920,1) 1
005/008/im12.png (1080,1920,1) 1
005/008/im13.png (1080,1920,1) 1
005/008/im14.png (1080,1920,1) 1
005/008/im15.png (1080,1920,1) 1
005/009/im1.png (1080,1920,1) 1
005/009/im2.png (1080,1920,1) 1
005/009/im3.png (1080,1920,1) 1
005/009/im4.png (1080,1920,1) 1
005/009/im5.png (1080,1920,1) 1
005/009/im6.png (1080,1920,1) 1
005/009/im7.png (1080,1920,1) 1
005/009/im8.png (1080,1920,1) 1
005/009/im9.png (1080,1920,1) 1
005/009/im10.png (1080,1920,1) 1
005/009/im11.png (1080,1920,1) 1
005/009/im12.png (1080,1920,1) 1
005/009/im13.png (1080,1920,1) 1
005/009/im14.png (1080,1920,1) 1
005/009/im15.png (1080,1920,1) 1
005/010/im1.png (1080,1920,1) 1
005/010/im2.png (1080,1920,1) 1
005/010/im3.png (1080,1920,1) 1
005/010/im4.png (1080,1920,1) 1
005/010/im5.png (1080,1920,1) 1
005/010/im6.png (1080,1920,1) 1
005/010/im7.png (1080,1920,1) 1
005/010/im8.png (1080,1920,1) 1
005/010/im9.png (1080,1920,1) 1
005/010/im10.png (1080,1920,1) 1
005/010/im11.png (1080,1920,1) 1
005/010/im12.png (1080,1920,1) 1
005/010/im13.png (1080,1920,1) 1
005/010/im14.png (1080,1920,1) 1
005/010/im15.png (1080,1920,1) 1
005/011/im1.png (1080,1920,1) 1
005/011/im2.png (1080,1920,1) 1
005/011/im3.png (1080,1920,1) 1
005/011/im4.png (1080,1920,1) 1
005/011/im5.png (1080,1920,1) 1
005/011/im6.png (1080,1920,1) 1
005/011/im7.png (1080,1920,1) 1
005/011/im8.png (1080,1920,1) 1
005/011/im9.png (1080,1920,1) 1
005/011/im10.png (1080,1920,1) 1
005/011/im11.png (1080,1920,1) 1
005/011/im12.png (1080,1920,1) 1
005/011/im13.png (1080,1920,1) 1
005/011/im14.png (1080,1920,1) 1
005/011/im15.png (1080,1920,1) 1
005/012/im1.png (1080,1920,1) 1
005/012/im2.png (1080,1920,1) 1
005/012/im3.png (1080,1920,1) 1
005/012/im4.png (1080,1920,1) 1
005/012/im5.png (1080,1920,1) 1
005/012/im6.png (1080,1920,1) 1
005/012/im7.png (1080,1920,1) 1
005/012/im8.png (1080,1920,1) 1
005/012/im9.png (1080,1920,1) 1
005/012/im10.png (1080,1920,1) 1
005/012/im11.png (1080,1920,1) 1
005/012/im12.png (1080,1920,1) 1
005/012/im13.png (1080,1920,1) 1
005/012/im14.png (1080,1920,1) 1
005/012/im15.png (1080,1920,1) 1
005/013/im1.png (1080,1920,1) 1
005/013/im2.png (1080,1920,1) 1
005/013/im3.png (1080,1920,1) 1
005/013/im4.png (1080,1920,1) 1
005/013/im5.png (1080,1920,1) 1
005/013/im6.png (1080,1920,1) 1
005/013/im7.png (1080,1920,1) 1
005/013/im8.png (1080,1920,1) 1
005/013/im9.png (1080,1920,1) 1
005/013/im10.png (1080,1920,1) 1
005/013/im11.png (1080,1920,1) 1
005/013/im12.png (1080,1920,1) 1
005/013/im13.png (1080,1920,1) 1
005/013/im14.png (1080,1920,1) 1
005/013/im15.png (1080,1920,1) 1
005/014/im1.png (1080,1920,1) 1
005/014/im2.png (1080,1920,1) 1
005/014/im3.png (1080,1920,1) 1
005/014/im4.png (1080,1920,1) 1
005/014/im5.png (1080,1920,1) 1
005/014/im6.png (1080,1920,1) 1
005/014/im7.png (1080,1920,1) 1
005/014/im8.png (1080,1920,1) 1
005/014/im9.png (1080,1920,1) 1
005/014/im10.png (1080,1920,1) 1
005/014/im11.png (1080,1920,1) 1
005/014/im12.png (1080,1920,1) 1
005/014/im13.png (1080,1920,1) 1
005/014/im14.png (1080,1920,1) 1
005/014/im15.png (1080,1920,1) 1
005/015/im1.png (1080,1920,1) 1
005/015/im2.png (1080,1920,1) 1
005/015/im3.png (1080,1920,1) 1
005/015/im4.png (1080,1920,1) 1
005/015/im5.png (1080,1920,1) 1
005/015/im6.png (1080,1920,1) 1
005/015/im7.png (1080,1920,1) 1
005/015/im8.png (1080,1920,1) 1
005/015/im9.png (1080,1920,1) 1
005/015/im10.png (1080,1920,1) 1
005/015/im11.png (1080,1920,1) 1
005/015/im12.png (1080,1920,1) 1
005/015/im13.png (1080,1920,1) 1
005/015/im14.png (1080,1920,1) 1
005/015/im15.png (1080,1920,1) 1
005/016/im1.png (1080,1920,1) 1
005/016/im2.png (1080,1920,1) 1
005/016/im3.png (1080,1920,1) 1
005/016/im4.png (1080,1920,1) 1
005/016/im5.png (1080,1920,1) 1
005/016/im6.png (1080,1920,1) 1
005/016/im7.png (1080,1920,1) 1
005/016/im8.png (1080,1920,1) 1
005/016/im9.png (1080,1920,1) 1
005/016/im10.png (1080,1920,1) 1
005/016/im11.png (1080,1920,1) 1
005/016/im12.png (1080,1920,1) 1
005/016/im13.png (1080,1920,1) 1
005/016/im14.png (1080,1920,1) 1
005/016/im15.png (1080,1920,1) 1
005/017/im1.png (1080,1920,1) 1
005/017/im2.png (1080,1920,1) 1
005/017/im3.png (1080,1920,1) 1
005/017/im4.png (1080,1920,1) 1
005/017/im5.png (1080,1920,1) 1
005/017/im6.png (1080,1920,1) 1
005/017/im7.png (1080,1920,1) 1
005/017/im8.png (1080,1920,1) 1
005/017/im9.png (1080,1920,1) 1
005/017/im10.png (1080,1920,1) 1
005/017/im11.png (1080,1920,1) 1
005/017/im12.png (1080,1920,1) 1
005/017/im13.png (1080,1920,1) 1
005/017/im14.png (1080,1920,1) 1
005/017/im15.png (1080,1920,1) 1
005/018/im1.png (1080,1920,1) 1
005/018/im2.png (1080,1920,1) 1
005/018/im3.png (1080,1920,1) 1
005/018/im4.png (1080,1920,1) 1
005/018/im5.png (1080,1920,1) 1
005/018/im6.png (1080,1920,1) 1
005/018/im7.png (1080,1920,1) 1
005/018/im8.png (1080,1920,1) 1
005/018/im9.png (1080,1920,1) 1
005/018/im10.png (1080,1920,1) 1
005/018/im11.png (1080,1920,1) 1
005/018/im12.png (1080,1920,1) 1
005/018/im13.png (1080,1920,1) 1
005/018/im14.png (1080,1920,1) 1
005/018/im15.png (1080,1920,1) 1
005/019/im1.png (1080,1920,1) 1
005/019/im2.png (1080,1920,1) 1
005/019/im3.png (1080,1920,1) 1
005/019/im4.png (1080,1920,1) 1
005/019/im5.png (1080,1920,1) 1
005/019/im6.png (1080,1920,1) 1
005/019/im7.png (1080,1920,1) 1
005/019/im8.png (1080,1920,1) 1
005/019/im9.png (1080,1920,1) 1
005/019/im10.png (1080,1920,1) 1
005/019/im11.png (1080,1920,1) 1
005/019/im12.png (1080,1920,1) 1
005/019/im13.png (1080,1920,1) 1
005/019/im14.png (1080,1920,1) 1
005/019/im15.png (1080,1920,1) 1
005/020/im1.png (1080,1920,1) 1
005/020/im2.png (1080,1920,1) 1
005/020/im3.png (1080,1920,1) 1
005/020/im4.png (1080,1920,1) 1
005/020/im5.png (1080,1920,1) 1
005/020/im6.png (1080,1920,1) 1
005/020/im7.png (1080,1920,1) 1
005/020/im8.png (1080,1920,1) 1
005/020/im9.png (1080,1920,1) 1
005/020/im10.png (1080,1920,1) 1
005/020/im11.png (1080,1920,1) 1
005/020/im12.png (1080,1920,1) 1
005/020/im13.png (1080,1920,1) 1
005/020/im14.png (1080,1920,1) 1
005/020/im15.png (1080,1920,1) 1
006/001/im1.png (1080,1920,1) 1
006/001/im2.png (1080,1920,1) 1
006/001/im3.png (1080,1920,1) 1
006/001/im4.png (1080,1920,1) 1
006/001/im5.png (1080,1920,1) 1
006/001/im6.png (1080,1920,1) 1
006/001/im7.png (1080,1920,1) 1
006/001/im8.png (1080,1920,1) 1
006/001/im9.png (1080,1920,1) 1
006/001/im10.png (1080,1920,1) 1
006/001/im11.png (1080,1920,1) 1
006/001/im12.png (1080,1920,1) 1
006/001/im13.png (1080,1920,1) 1
006/001/im14.png (1080,1920,1) 1
006/001/im15.png (1080,1920,1) 1
006/002/im1.png (1080,1920,1) 1
006/002/im2.png (1080,1920,1) 1
006/002/im3.png (1080,1920,1) 1
006/002/im4.png (1080,1920,1) 1
006/002/im5.png (1080,1920,1) 1
006/002/im6.png (1080,1920,1) 1
006/002/im7.png (1080,1920,1) 1
006/002/im8.png (1080,1920,1) 1
006/002/im9.png (1080,1920,1) 1
006/002/im10.png (1080,1920,1) 1
006/002/im11.png (1080,1920,1) 1
006/002/im12.png (1080,1920,1) 1
006/002/im13.png (1080,1920,1) 1
006/002/im14.png (1080,1920,1) 1
006/002/im15.png (1080,1920,1) 1
006/003/im1.png (1080,1920,1) 1
006/003/im2.png (1080,1920,1) 1
006/003/im3.png (1080,1920,1) 1
006/003/im4.png (1080,1920,1) 1
006/003/im5.png (1080,1920,1) 1
006/003/im6.png (1080,1920,1) 1
006/003/im7.png (1080,1920,1) 1
006/003/im8.png (1080,1920,1) 1
006/003/im9.png (1080,1920,1) 1
006/003/im10.png (1080,1920,1) 1
006/003/im11.png (1080,1920,1) 1
006/003/im12.png (1080,1920,1) 1
006/003/im13.png (1080,1920,1) 1
006/003/im14.png (1080,1920,1) 1
006/003/im15.png (1080,1920,1) 1
006/004/im1.png (1080,1920,1) 1
006/004/im2.png (1080,1920,1) 1
006/004/im3.png (1080,1920,1) 1
006/004/im4.png (1080,1920,1) 1
006/004/im5.png (1080,1920,1) 1
006/004/im6.png (1080,1920,1) 1
006/004/im7.png (1080,1920,1) 1
006/004/im8.png (1080,1920,1) 1
006/004/im9.png (1080,1920,1) 1
006/004/im10.png (1080,1920,1) 1
006/004/im11.png (1080,1920,1) 1
006/004/im12.png (1080,1920,1) 1
006/004/im13.png (1080,1920,1) 1
006/004/im14.png (1080,1920,1) 1
006/004/im15.png (1080,1920,1) 1
006/005/im1.png (1080,1920,1) 1
006/005/im2.png (1080,1920,1) 1
006/005/im3.png (1080,1920,1) 1
006/005/im4.png (1080,1920,1) 1
006/005/im5.png (1080,1920,1) 1
006/005/im6.png (1080,1920,1) 1
006/005/im7.png (1080,1920,1) 1
006/005/im8.png (1080,1920,1) 1
006/005/im9.png (1080,1920,1) 1
006/005/im10.png (1080,1920,1) 1
006/005/im11.png (1080,1920,1) 1
006/005/im12.png (1080,1920,1) 1
006/005/im13.png (1080,1920,1) 1
006/005/im14.png (1080,1920,1) 1
006/005/im15.png (1080,1920,1) 1
006/006/im1.png (1080,1920,1) 1
006/006/im2.png (1080,1920,1) 1
006/006/im3.png (1080,1920,1) 1
006/006/im4.png (1080,1920,1) 1
006/006/im5.png (1080,1920,1) 1
006/006/im6.png (1080,1920,1) 1
006/006/im7.png (1080,1920,1) 1
006/006/im8.png (1080,1920,1) 1
006/006/im9.png (1080,1920,1) 1
006/006/im10.png (1080,1920,1) 1
006/006/im11.png (1080,1920,1) 1
006/006/im12.png (1080,1920,1) 1
006/006/im13.png (1080,1920,1) 1
006/006/im14.png (1080,1920,1) 1
006/006/im15.png (1080,1920,1) 1
006/007/im1.png (1080,1920,1) 1
006/007/im2.png (1080,1920,1) 1
006/007/im3.png (1080,1920,1) 1
006/007/im4.png (1080,1920,1) 1
006/007/im5.png (1080,1920,1) 1
006/007/im6.png (1080,1920,1) 1
006/007/im7.png (1080,1920,1) 1
006/007/im8.png (1080,1920,1) 1
006/007/im9.png (1080,1920,1) 1
006/007/im10.png (1080,1920,1) 1
006/007/im11.png (1080,1920,1) 1
006/007/im12.png (1080,1920,1) 1
006/007/im13.png (1080,1920,1) 1
006/007/im14.png (1080,1920,1) 1
006/007/im15.png (1080,1920,1) 1
006/008/im1.png (1080,1920,1) 1
006/008/im2.png (1080,1920,1) 1
006/008/im3.png (1080,1920,1) 1
006/008/im4.png (1080,1920,1) 1
006/008/im5.png (1080,1920,1) 1
006/008/im6.png (1080,1920,1) 1
006/008/im7.png (1080,1920,1) 1
006/008/im8.png (1080,1920,1) 1
006/008/im9.png (1080,1920,1) 1
006/008/im10.png (1080,1920,1) 1
006/008/im11.png (1080,1920,1) 1
006/008/im12.png (1080,1920,1) 1
006/008/im13.png (1080,1920,1) 1
006/008/im14.png (1080,1920,1) 1
006/008/im15.png (1080,1920,1) 1
006/009/im1.png (1080,1920,1) 1
006/009/im2.png (1080,1920,1) 1
006/009/im3.png (1080,1920,1) 1
006/009/im4.png (1080,1920,1) 1
006/009/im5.png (1080,1920,1) 1
006/009/im6.png (1080,1920,1) 1
006/009/im7.png (1080,1920,1) 1
006/009/im8.png (1080,1920,1) 1
006/009/im9.png (1080,1920,1) 1
006/009/im10.png (1080,1920,1) 1
006/009/im11.png (1080,1920,1) 1
006/009/im12.png (1080,1920,1) 1
006/009/im13.png (1080,1920,1) 1
006/009/im14.png (1080,1920,1) 1
006/009/im15.png (1080,1920,1) 1
006/010/im1.png (1080,1920,1) 1
006/010/im2.png (1080,1920,1) 1
006/010/im3.png (1080,1920,1) 1
006/010/im4.png (1080,1920,1) 1
006/010/im5.png (1080,1920,1) 1
006/010/im6.png (1080,1920,1) 1
006/010/im7.png (1080,1920,1) 1
006/010/im8.png (1080,1920,1) 1
006/010/im9.png (1080,1920,1) 1
006/010/im10.png (1080,1920,1) 1
006/010/im11.png (1080,1920,1) 1
006/010/im12.png (1080,1920,1) 1
006/010/im13.png (1080,1920,1) 1
006/010/im14.png (1080,1920,1) 1
006/010/im15.png (1080,1920,1) 1
006/011/im1.png (1080,1920,1) 1
006/011/im2.png (1080,1920,1) 1
006/011/im3.png (1080,1920,1) 1
006/011/im4.png (1080,1920,1) 1
006/011/im5.png (1080,1920,1) 1
006/011/im6.png (1080,1920,1) 1
006/011/im7.png (1080,1920,1) 1
006/011/im8.png (1080,1920,1) 1
006/011/im9.png (1080,1920,1) 1
006/011/im10.png (1080,1920,1) 1
006/011/im11.png (1080,1920,1) 1
006/011/im12.png (1080,1920,1) 1
006/011/im13.png (1080,1920,1) 1
006/011/im14.png (1080,1920,1) 1
006/011/im15.png (1080,1920,1) 1
007/001/im1.png (1080,1920,1) 1
007/001/im2.png (1080,1920,1) 1
007/001/im3.png (1080,1920,1) 1
007/001/im4.png (1080,1920,1) 1
007/001/im5.png (1080,1920,1) 1
007/001/im6.png (1080,1920,1) 1
007/001/im7.png (1080,1920,1) 1
007/001/im8.png (1080,1920,1) 1
007/001/im9.png (1080,1920,1) 1
007/001/im10.png (1080,1920,1) 1
007/001/im11.png (1080,1920,1) 1
007/001/im12.png (1080,1920,1) 1
007/001/im13.png (1080,1920,1) 1
007/001/im14.png (1080,1920,1) 1
007/001/im15.png (1080,1920,1) 1
007/002/im1.png (1080,1920,1) 1
007/002/im2.png (1080,1920,1) 1
007/002/im3.png (1080,1920,1) 1
007/002/im4.png (1080,1920,1) 1
007/002/im5.png (1080,1920,1) 1
007/002/im6.png (1080,1920,1) 1
007/002/im7.png (1080,1920,1) 1
007/002/im8.png (1080,1920,1) 1
007/002/im9.png (1080,1920,1) 1
007/002/im10.png (1080,1920,1) 1
007/002/im11.png (1080,1920,1) 1
007/002/im12.png (1080,1920,1) 1
007/002/im13.png (1080,1920,1) 1
007/002/im14.png (1080,1920,1) 1
007/002/im15.png (1080,1920,1) 1
007/003/im1.png (1080,1920,1) 1
007/003/im2.png (1080,1920,1) 1
007/003/im3.png (1080,1920,1) 1
007/003/im4.png (1080,1920,1) 1
007/003/im5.png (1080,1920,1) 1
007/003/im6.png (1080,1920,1) 1
007/003/im7.png (1080,1920,1) 1
007/003/im8.png (1080,1920,1) 1
007/003/im9.png (1080,1920,1) 1
007/003/im10.png (1080,1920,1) 1
007/003/im11.png (1080,1920,1) 1
007/003/im12.png (1080,1920,1) 1
007/003/im13.png (1080,1920,1) 1
007/003/im14.png (1080,1920,1) 1
007/003/im15.png (1080,1920,1) 1
007/004/im1.png (1080,1920,1) 1
007/004/im2.png (1080,1920,1) 1
007/004/im3.png (1080,1920,1) 1
007/004/im4.png (1080,1920,1) 1
007/004/im5.png (1080,1920,1) 1
007/004/im6.png (1080,1920,1) 1
007/004/im7.png (1080,1920,1) 1
007/004/im8.png (1080,1920,1) 1
007/004/im9.png (1080,1920,1) 1
007/004/im10.png (1080,1920,1) 1
007/004/im11.png (1080,1920,1) 1
007/004/im12.png (1080,1920,1) 1
007/004/im13.png (1080,1920,1) 1
007/004/im14.png (1080,1920,1) 1
007/004/im15.png (1080,1920,1) 1
007/005/im1.png (1080,1920,1) 1
007/005/im2.png (1080,1920,1) 1
007/005/im3.png (1080,1920,1) 1
007/005/im4.png (1080,1920,1) 1
007/005/im5.png (1080,1920,1) 1
007/005/im6.png (1080,1920,1) 1
007/005/im7.png (1080,1920,1) 1
007/005/im8.png (1080,1920,1) 1
007/005/im9.png (1080,1920,1) 1
007/005/im10.png (1080,1920,1) 1
007/005/im11.png (1080,1920,1) 1
007/005/im12.png (1080,1920,1) 1
007/005/im13.png (1080,1920,1) 1
007/005/im14.png (1080,1920,1) 1
007/005/im15.png (1080,1920,1) 1
007/006/im1.png (1080,1920,1) 1
007/006/im2.png (1080,1920,1) 1
007/006/im3.png (1080,1920,1) 1
007/006/im4.png (1080,1920,1) 1
007/006/im5.png (1080,1920,1) 1
007/006/im6.png (1080,1920,1) 1
007/006/im7.png (1080,1920,1) 1
007/006/im8.png (1080,1920,1) 1
007/006/im9.png (1080,1920,1) 1
007/006/im10.png (1080,1920,1) 1
007/006/im11.png (1080,1920,1) 1
007/006/im12.png (1080,1920,1) 1
007/006/im13.png (1080,1920,1) 1
007/006/im14.png (1080,1920,1) 1
007/006/im15.png (1080,1920,1) 1
007/007/im1.png (1080,1920,1) 1
007/007/im2.png (1080,1920,1) 1
007/007/im3.png (1080,1920,1) 1
007/007/im4.png (1080,1920,1) 1
007/007/im5.png (1080,1920,1) 1
007/007/im6.png (1080,1920,1) 1
007/007/im7.png (1080,1920,1) 1
007/007/im8.png (1080,1920,1) 1
007/007/im9.png (1080,1920,1) 1
007/007/im10.png (1080,1920,1) 1
007/007/im11.png (1080,1920,1) 1
007/007/im12.png (1080,1920,1) 1
007/007/im13.png (1080,1920,1) 1
007/007/im14.png (1080,1920,1) 1
007/007/im15.png (1080,1920,1) 1
007/008/im1.png (1080,1920,1) 1
007/008/im2.png (1080,1920,1) 1
007/008/im3.png (1080,1920,1) 1
007/008/im4.png (1080,1920,1) 1
007/008/im5.png (1080,1920,1) 1
007/008/im6.png (1080,1920,1) 1
007/008/im7.png (1080,1920,1) 1
007/008/im8.png (1080,1920,1) 1
007/008/im9.png (1080,1920,1) 1
007/008/im10.png (1080,1920,1) 1
007/008/im11.png (1080,1920,1) 1
007/008/im12.png (1080,1920,1) 1
007/008/im13.png (1080,1920,1) 1
007/008/im14.png (1080,1920,1) 1
007/008/im15.png (1080,1920,1) 1
007/009/im1.png (1080,1920,1) 1
007/009/im2.png (1080,1920,1) 1
007/009/im3.png (1080,1920,1) 1
007/009/im4.png (1080,1920,1) 1
007/009/im5.png (1080,1920,1) 1
007/009/im6.png (1080,1920,1) 1
007/009/im7.png (1080,1920,1) 1
007/009/im8.png (1080,1920,1) 1
007/009/im9.png (1080,1920,1) 1
007/009/im10.png (1080,1920,1) 1
007/009/im11.png (1080,1920,1) 1
007/009/im12.png (1080,1920,1) 1
007/009/im13.png (1080,1920,1) 1
007/009/im14.png (1080,1920,1) 1
007/009/im15.png (1080,1920,1) 1
007/010/im1.png (1080,1920,1) 1
007/010/im2.png (1080,1920,1) 1
007/010/im3.png (1080,1920,1) 1
007/010/im4.png (1080,1920,1) 1
007/010/im5.png (1080,1920,1) 1
007/010/im6.png (1080,1920,1) 1
007/010/im7.png (1080,1920,1) 1
007/010/im8.png (1080,1920,1) 1
007/010/im9.png (1080,1920,1) 1
007/010/im10.png (1080,1920,1) 1
007/010/im11.png (1080,1920,1) 1
007/010/im12.png (1080,1920,1) 1
007/010/im13.png (1080,1920,1) 1
007/010/im14.png (1080,1920,1) 1
007/010/im15.png (1080,1920,1) 1
007/011/im1.png (1080,1920,1) 1
007/011/im2.png (1080,1920,1) 1
007/011/im3.png (1080,1920,1) 1
007/011/im4.png (1080,1920,1) 1
007/011/im5.png (1080,1920,1) 1
007/011/im6.png (1080,1920,1) 1
007/011/im7.png (1080,1920,1) 1
007/011/im8.png (1080,1920,1) 1
007/011/im9.png (1080,1920,1) 1
007/011/im10.png (1080,1920,1) 1
007/011/im11.png (1080,1920,1) 1
007/011/im12.png (1080,1920,1) 1
007/011/im13.png (1080,1920,1) 1
007/011/im14.png (1080,1920,1) 1
007/011/im15.png (1080,1920,1) 1
007/012/im1.png (1080,1920,1) 1
007/012/im2.png (1080,1920,1) 1
007/012/im3.png (1080,1920,1) 1
007/012/im4.png (1080,1920,1) 1
007/012/im5.png (1080,1920,1) 1
007/012/im6.png (1080,1920,1) 1
007/012/im7.png (1080,1920,1) 1
007/012/im8.png (1080,1920,1) 1
007/012/im9.png (1080,1920,1) 1
007/012/im10.png (1080,1920,1) 1
007/012/im11.png (1080,1920,1) 1
007/012/im12.png (1080,1920,1) 1
007/012/im13.png (1080,1920,1) 1
007/012/im14.png (1080,1920,1) 1
007/012/im15.png (1080,1920,1) 1
007/013/im1.png (1080,1920,1) 1
007/013/im2.png (1080,1920,1) 1
007/013/im3.png (1080,1920,1) 1
007/013/im4.png (1080,1920,1) 1
007/013/im5.png (1080,1920,1) 1
007/013/im6.png (1080,1920,1) 1
007/013/im7.png (1080,1920,1) 1
007/013/im8.png (1080,1920,1) 1
007/013/im9.png (1080,1920,1) 1
007/013/im10.png (1080,1920,1) 1
007/013/im11.png (1080,1920,1) 1
007/013/im12.png (1080,1920,1) 1
007/013/im13.png (1080,1920,1) 1
007/013/im14.png (1080,1920,1) 1
007/013/im15.png (1080,1920,1) 1
007/014/im1.png (1080,1920,1) 1
007/014/im2.png (1080,1920,1) 1
007/014/im3.png (1080,1920,1) 1
007/014/im4.png (1080,1920,1) 1
007/014/im5.png (1080,1920,1) 1
007/014/im6.png (1080,1920,1) 1
007/014/im7.png (1080,1920,1) 1
007/014/im8.png (1080,1920,1) 1
007/014/im9.png (1080,1920,1) 1
007/014/im10.png (1080,1920,1) 1
007/014/im11.png (1080,1920,1) 1
007/014/im12.png (1080,1920,1) 1
007/014/im13.png (1080,1920,1) 1
007/014/im14.png (1080,1920,1) 1
007/014/im15.png (1080,1920,1) 1
007/015/im1.png (1080,1920,1) 1
007/015/im2.png (1080,1920,1) 1
007/015/im3.png (1080,1920,1) 1
007/015/im4.png (1080,1920,1) 1
007/015/im5.png (1080,1920,1) 1
007/015/im6.png (1080,1920,1) 1
007/015/im7.png (1080,1920,1) 1
007/015/im8.png (1080,1920,1) 1
007/015/im9.png (1080,1920,1) 1
007/015/im10.png (1080,1920,1) 1
007/015/im11.png (1080,1920,1) 1
007/015/im12.png (1080,1920,1) 1
007/015/im13.png (1080,1920,1) 1
007/015/im14.png (1080,1920,1) 1
007/015/im15.png (1080,1920,1) 1
007/016/im1.png (1080,1920,1) 1
007/016/im2.png (1080,1920,1) 1
007/016/im3.png (1080,1920,1) 1
007/016/im4.png (1080,1920,1) 1
007/016/im5.png (1080,1920,1) 1
007/016/im6.png (1080,1920,1) 1
007/016/im7.png (1080,1920,1) 1
007/016/im8.png (1080,1920,1) 1
007/016/im9.png (1080,1920,1) 1
007/016/im10.png (1080,1920,1) 1
007/016/im11.png (1080,1920,1) 1
007/016/im12.png (1080,1920,1) 1
007/016/im13.png (1080,1920,1) 1
007/016/im14.png (1080,1920,1) 1
007/016/im15.png (1080,1920,1) 1
007/017/im1.png (1080,1920,1) 1
007/017/im2.png (1080,1920,1) 1
007/017/im3.png (1080,1920,1) 1
007/017/im4.png (1080,1920,1) 1
007/017/im5.png (1080,1920,1) 1
007/017/im6.png (1080,1920,1) 1
007/017/im7.png (1080,1920,1) 1
007/017/im8.png (1080,1920,1) 1
007/017/im9.png (1080,1920,1) 1
007/017/im10.png (1080,1920,1) 1
007/017/im11.png (1080,1920,1) 1
007/017/im12.png (1080,1920,1) 1
007/017/im13.png (1080,1920,1) 1
007/017/im14.png (1080,1920,1) 1
007/017/im15.png (1080,1920,1) 1
007/018/im1.png (1080,1920,1) 1
007/018/im2.png (1080,1920,1) 1
007/018/im3.png (1080,1920,1) 1
007/018/im4.png (1080,1920,1) 1
007/018/im5.png (1080,1920,1) 1
007/018/im6.png (1080,1920,1) 1
007/018/im7.png (1080,1920,1) 1
007/018/im8.png (1080,1920,1) 1
007/018/im9.png (1080,1920,1) 1
007/018/im10.png (1080,1920,1) 1
007/018/im11.png (1080,1920,1) 1
007/018/im12.png (1080,1920,1) 1
007/018/im13.png (1080,1920,1) 1
007/018/im14.png (1080,1920,1) 1
007/018/im15.png (1080,1920,1) 1
007/019/im1.png (1080,1920,1) 1
007/019/im2.png (1080,1920,1) 1
007/019/im3.png (1080,1920,1) 1
007/019/im4.png (1080,1920,1) 1
007/019/im5.png (1080,1920,1) 1
007/019/im6.png (1080,1920,1) 1
007/019/im7.png (1080,1920,1) 1
007/019/im8.png (1080,1920,1) 1
007/019/im9.png (1080,1920,1) 1
007/019/im10.png (1080,1920,1) 1
007/019/im11.png (1080,1920,1) 1
007/019/im12.png (1080,1920,1) 1
007/019/im13.png (1080,1920,1) 1
007/019/im14.png (1080,1920,1) 1
007/019/im15.png (1080,1920,1) 1
007/020/im1.png (1080,1920,1) 1
007/020/im2.png (1080,1920,1) 1
007/020/im3.png (1080,1920,1) 1
007/020/im4.png (1080,1920,1) 1
007/020/im5.png (1080,1920,1) 1
007/020/im6.png (1080,1920,1) 1
007/020/im7.png (1080,1920,1) 1
007/020/im8.png (1080,1920,1) 1
007/020/im9.png (1080,1920,1) 1
007/020/im10.png (1080,1920,1) 1
007/020/im11.png (1080,1920,1) 1
007/020/im12.png (1080,1920,1) 1
007/020/im13.png (1080,1920,1) 1
007/020/im14.png (1080,1920,1) 1
007/020/im15.png (1080,1920,1) 1
008/001/im1.png (1080,1920,1) 1
008/001/im2.png (1080,1920,1) 1
008/001/im3.png (1080,1920,1) 1
008/001/im4.png (1080,1920,1) 1
008/001/im5.png (1080,1920,1) 1
008/001/im6.png (1080,1920,1) 1
008/001/im7.png (1080,1920,1) 1
008/001/im8.png (1080,1920,1) 1
008/001/im9.png (1080,1920,1) 1
008/001/im10.png (1080,1920,1) 1
008/001/im11.png (1080,1920,1) 1
008/001/im12.png (1080,1920,1) 1
008/001/im13.png (1080,1920,1) 1
008/001/im14.png (1080,1920,1) 1
008/001/im15.png (1080,1920,1) 1
008/002/im1.png (1080,1920,1) 1
008/002/im2.png (1080,1920,1) 1
008/002/im3.png (1080,1920,1) 1
008/002/im4.png (1080,1920,1) 1
008/002/im5.png (1080,1920,1) 1
008/002/im6.png (1080,1920,1) 1
008/002/im7.png (1080,1920,1) 1
008/002/im8.png (1080,1920,1) 1
008/002/im9.png (1080,1920,1) 1
008/002/im10.png (1080,1920,1) 1
008/002/im11.png (1080,1920,1) 1
008/002/im12.png (1080,1920,1) 1
008/002/im13.png (1080,1920,1) 1
008/002/im14.png (1080,1920,1) 1
008/002/im15.png (1080,1920,1) 1
008/003/im1.png (1080,1920,1) 1
008/003/im2.png (1080,1920,1) 1
008/003/im3.png (1080,1920,1) 1
008/003/im4.png (1080,1920,1) 1
008/003/im5.png (1080,1920,1) 1
008/003/im6.png (1080,1920,1) 1
008/003/im7.png (1080,1920,1) 1
008/003/im8.png (1080,1920,1) 1
008/003/im9.png (1080,1920,1) 1
008/003/im10.png (1080,1920,1) 1
008/003/im11.png (1080,1920,1) 1
008/003/im12.png (1080,1920,1) 1
008/003/im13.png (1080,1920,1) 1
008/003/im14.png (1080,1920,1) 1
008/003/im15.png (1080,1920,1) 1
008/004/im1.png (1080,1920,1) 1
008/004/im2.png (1080,1920,1) 1
008/004/im3.png (1080,1920,1) 1
008/004/im4.png (1080,1920,1) 1
008/004/im5.png (1080,1920,1) 1
008/004/im6.png (1080,1920,1) 1
008/004/im7.png (1080,1920,1) 1
008/004/im8.png (1080,1920,1) 1
008/004/im9.png (1080,1920,1) 1
008/004/im10.png (1080,1920,1) 1
008/004/im11.png (1080,1920,1) 1
008/004/im12.png (1080,1920,1) 1
008/004/im13.png (1080,1920,1) 1
008/004/im14.png (1080,1920,1) 1
008/004/im15.png (1080,1920,1) 1
008/005/im1.png (1080,1920,1) 1
008/005/im2.png (1080,1920,1) 1
008/005/im3.png (1080,1920,1) 1
008/005/im4.png (1080,1920,1) 1
008/005/im5.png (1080,1920,1) 1
008/005/im6.png (1080,1920,1) 1
008/005/im7.png (1080,1920,1) 1
008/005/im8.png (1080,1920,1) 1
008/005/im9.png (1080,1920,1) 1
008/005/im10.png (1080,1920,1) 1
008/005/im11.png (1080,1920,1) 1
008/005/im12.png (1080,1920,1) 1
008/005/im13.png (1080,1920,1) 1
008/005/im14.png (1080,1920,1) 1
008/005/im15.png (1080,1920,1) 1
008/006/im1.png (1080,1920,1) 1
008/006/im2.png (1080,1920,1) 1
008/006/im3.png (1080,1920,1) 1
008/006/im4.png (1080,1920,1) 1
008/006/im5.png (1080,1920,1) 1
008/006/im6.png (1080,1920,1) 1
008/006/im7.png (1080,1920,1) 1
008/006/im8.png (1080,1920,1) 1
008/006/im9.png (1080,1920,1) 1
008/006/im10.png (1080,1920,1) 1
008/006/im11.png (1080,1920,1) 1
008/006/im12.png (1080,1920,1) 1
008/006/im13.png (1080,1920,1) 1
008/006/im14.png (1080,1920,1) 1
008/006/im15.png (1080,1920,1) 1
008/007/im1.png (1080,1920,1) 1
008/007/im2.png (1080,1920,1) 1
008/007/im3.png (1080,1920,1) 1
008/007/im4.png (1080,1920,1) 1
008/007/im5.png (1080,1920,1) 1
008/007/im6.png (1080,1920,1) 1
008/007/im7.png (1080,1920,1) 1
008/007/im8.png (1080,1920,1) 1
008/007/im9.png (1080,1920,1) 1
008/007/im10.png (1080,1920,1) 1
008/007/im11.png (1080,1920,1) 1
008/007/im12.png (1080,1920,1) 1
008/007/im13.png (1080,1920,1) 1
008/007/im14.png (1080,1920,1) 1
008/007/im15.png (1080,1920,1) 1
008/008/im1.png (1080,1920,1) 1
008/008/im2.png (1080,1920,1) 1
008/008/im3.png (1080,1920,1) 1
008/008/im4.png (1080,1920,1) 1
008/008/im5.png (1080,1920,1) 1
008/008/im6.png (1080,1920,1) 1
008/008/im7.png (1080,1920,1) 1
008/008/im8.png (1080,1920,1) 1
008/008/im9.png (1080,1920,1) 1
008/008/im10.png (1080,1920,1) 1
008/008/im11.png (1080,1920,1) 1
008/008/im12.png (1080,1920,1) 1
008/008/im13.png (1080,1920,1) 1
008/008/im14.png (1080,1920,1) 1
008/008/im15.png (1080,1920,1) 1
008/009/im1.png (1080,1920,1) 1
008/009/im2.png (1080,1920,1) 1
008/009/im3.png (1080,1920,1) 1
008/009/im4.png (1080,1920,1) 1
008/009/im5.png (1080,1920,1) 1
008/009/im6.png (1080,1920,1) 1
008/009/im7.png (1080,1920,1) 1
008/009/im8.png (1080,1920,1) 1
008/009/im9.png (1080,1920,1) 1
008/009/im10.png (1080,1920,1) 1
008/009/im11.png (1080,1920,1) 1
008/009/im12.png (1080,1920,1) 1
008/009/im13.png (1080,1920,1) 1
008/009/im14.png (1080,1920,1) 1
008/009/im15.png (1080,1920,1) 1
008/010/im1.png (1080,1920,1) 1
008/010/im2.png (1080,1920,1) 1
008/010/im3.png (1080,1920,1) 1
008/010/im4.png (1080,1920,1) 1
008/010/im5.png (1080,1920,1) 1
008/010/im6.png (1080,1920,1) 1
008/010/im7.png (1080,1920,1) 1
008/010/im8.png (1080,1920,1) 1
008/010/im9.png (1080,1920,1) 1
008/010/im10.png (1080,1920,1) 1
008/010/im11.png (1080,1920,1) 1
008/010/im12.png (1080,1920,1) 1
008/010/im13.png (1080,1920,1) 1
008/010/im14.png (1080,1920,1) 1
008/010/im15.png (1080,1920,1) 1
008/011/im1.png (1080,1920,1) 1
008/011/im2.png (1080,1920,1) 1
008/011/im3.png (1080,1920,1) 1
008/011/im4.png (1080,1920,1) 1
008/011/im5.png (1080,1920,1) 1
008/011/im6.png (1080,1920,1) 1
008/011/im7.png (1080,1920,1) 1
008/011/im8.png (1080,1920,1) 1
008/011/im9.png (1080,1920,1) 1
008/011/im10.png (1080,1920,1) 1
008/011/im11.png (1080,1920,1) 1
008/011/im12.png (1080,1920,1) 1
008/011/im13.png (1080,1920,1) 1
008/011/im14.png (1080,1920,1) 1
008/011/im15.png (1080,1920,1) 1
008/012/im1.png (1080,1920,1) 1
008/012/im2.png (1080,1920,1) 1
008/012/im3.png (1080,1920,1) 1
008/012/im4.png (1080,1920,1) 1
008/012/im5.png (1080,1920,1) 1
008/012/im6.png (1080,1920,1) 1
008/012/im7.png (1080,1920,1) 1
008/012/im8.png (1080,1920,1) 1
008/012/im9.png (1080,1920,1) 1
008/012/im10.png (1080,1920,1) 1
008/012/im11.png (1080,1920,1) 1
008/012/im12.png (1080,1920,1) 1
008/012/im13.png (1080,1920,1) 1
008/012/im14.png (1080,1920,1) 1
008/012/im15.png (1080,1920,1) 1
008/013/im1.png (1080,1920,1) 1
008/013/im2.png (1080,1920,1) 1
008/013/im3.png (1080,1920,1) 1
008/013/im4.png (1080,1920,1) 1
008/013/im5.png (1080,1920,1) 1
008/013/im6.png (1080,1920,1) 1
008/013/im7.png (1080,1920,1) 1
008/013/im8.png (1080,1920,1) 1
008/013/im9.png (1080,1920,1) 1
008/013/im10.png (1080,1920,1) 1
008/013/im11.png (1080,1920,1) 1
008/013/im12.png (1080,1920,1) 1
008/013/im13.png (1080,1920,1) 1
008/013/im14.png (1080,1920,1) 1
008/013/im15.png (1080,1920,1) 1
008/014/im1.png (1080,1920,1) 1
008/014/im2.png (1080,1920,1) 1
008/014/im3.png (1080,1920,1) 1
008/014/im4.png (1080,1920,1) 1
008/014/im5.png (1080,1920,1) 1
008/014/im6.png (1080,1920,1) 1
008/014/im7.png (1080,1920,1) 1
008/014/im8.png (1080,1920,1) 1
008/014/im9.png (1080,1920,1) 1
008/014/im10.png (1080,1920,1) 1
008/014/im11.png (1080,1920,1) 1
008/014/im12.png (1080,1920,1) 1
008/014/im13.png (1080,1920,1) 1
008/014/im14.png (1080,1920,1) 1
008/014/im15.png (1080,1920,1) 1
008/015/im1.png (1080,1920,1) 1
008/015/im2.png (1080,1920,1) 1
008/015/im3.png (1080,1920,1) 1
008/015/im4.png (1080,1920,1) 1
008/015/im5.png (1080,1920,1) 1
008/015/im6.png (1080,1920,1) 1
008/015/im7.png (1080,1920,1) 1
008/015/im8.png (1080,1920,1) 1
008/015/im9.png (1080,1920,1) 1
008/015/im10.png (1080,1920,1) 1
008/015/im11.png (1080,1920,1) 1
008/015/im12.png (1080,1920,1) 1
008/015/im13.png (1080,1920,1) 1
008/015/im14.png (1080,1920,1) 1
008/015/im15.png (1080,1920,1) 1
008/016/im1.png (1080,1920,1) 1
008/016/im2.png (1080,1920,1) 1
008/016/im3.png (1080,1920,1) 1
008/016/im4.png (1080,1920,1) 1
008/016/im5.png (1080,1920,1) 1
008/016/im6.png (1080,1920,1) 1
008/016/im7.png (1080,1920,1) 1
008/016/im8.png (1080,1920,1) 1
008/016/im9.png (1080,1920,1) 1
008/016/im10.png (1080,1920,1) 1
008/016/im11.png (1080,1920,1) 1
008/016/im12.png (1080,1920,1) 1
008/016/im13.png (1080,1920,1) 1
008/016/im14.png (1080,1920,1) 1
008/016/im15.png (1080,1920,1) 1
008/017/im1.png (1080,1920,1) 1
008/017/im2.png (1080,1920,1) 1
008/017/im3.png (1080,1920,1) 1
008/017/im4.png (1080,1920,1) 1
008/017/im5.png (1080,1920,1) 1
008/017/im6.png (1080,1920,1) 1
008/017/im7.png (1080,1920,1) 1
008/017/im8.png (1080,1920,1) 1
008/017/im9.png (1080,1920,1) 1
008/017/im10.png (1080,1920,1) 1
008/017/im11.png (1080,1920,1) 1
008/017/im12.png (1080,1920,1) 1
008/017/im13.png (1080,1920,1) 1
008/017/im14.png (1080,1920,1) 1
008/017/im15.png (1080,1920,1) 1
008/018/im1.png (1080,1920,1) 1
008/018/im2.png (1080,1920,1) 1
008/018/im3.png (1080,1920,1) 1
008/018/im4.png (1080,1920,1) 1
008/018/im5.png (1080,1920,1) 1
008/018/im6.png (1080,1920,1) 1
008/018/im7.png (1080,1920,1) 1
008/018/im8.png (1080,1920,1) 1
008/018/im9.png (1080,1920,1) 1
008/018/im10.png (1080,1920,1) 1
008/018/im11.png (1080,1920,1) 1
008/018/im12.png (1080,1920,1) 1
008/018/im13.png (1080,1920,1) 1
008/018/im14.png (1080,1920,1) 1
008/018/im15.png (1080,1920,1) 1
008/019/im1.png (1080,1920,1) 1
008/019/im2.png (1080,1920,1) 1
008/019/im3.png (1080,1920,1) 1
008/019/im4.png (1080,1920,1) 1
008/019/im5.png (1080,1920,1) 1
008/019/im6.png (1080,1920,1) 1
008/019/im7.png (1080,1920,1) 1
008/019/im8.png (1080,1920,1) 1
008/019/im9.png (1080,1920,1) 1
008/019/im10.png (1080,1920,1) 1
008/019/im11.png (1080,1920,1) 1
008/019/im12.png (1080,1920,1) 1
008/019/im13.png (1080,1920,1) 1
008/019/im14.png (1080,1920,1) 1
008/019/im15.png (1080,1920,1) 1
009/001/im1.png (1080,1920,1) 1
009/001/im2.png (1080,1920,1) 1
009/001/im3.png (1080,1920,1) 1
009/001/im4.png (1080,1920,1) 1
009/001/im5.png (1080,1920,1) 1
009/001/im6.png (1080,1920,1) 1
009/001/im7.png (1080,1920,1) 1
009/001/im8.png (1080,1920,1) 1
009/001/im9.png (1080,1920,1) 1
009/001/im10.png (1080,1920,1) 1
009/001/im11.png (1080,1920,1) 1
009/001/im12.png (1080,1920,1) 1
009/001/im13.png (1080,1920,1) 1
009/001/im14.png (1080,1920,1) 1
009/001/im15.png (1080,1920,1) 1
009/002/im1.png (1080,1920,1) 1
009/002/im2.png (1080,1920,1) 1
009/002/im3.png (1080,1920,1) 1
009/002/im4.png (1080,1920,1) 1
009/002/im5.png (1080,1920,1) 1
009/002/im6.png (1080,1920,1) 1
009/002/im7.png (1080,1920,1) 1
009/002/im8.png (1080,1920,1) 1
009/002/im9.png (1080,1920,1) 1
009/002/im10.png (1080,1920,1) 1
009/002/im11.png (1080,1920,1) 1
009/002/im12.png (1080,1920,1) 1
009/002/im13.png (1080,1920,1) 1
009/002/im14.png (1080,1920,1) 1
009/002/im15.png (1080,1920,1) 1
009/003/im1.png (1080,1920,1) 1
009/003/im2.png (1080,1920,1) 1
009/003/im3.png (1080,1920,1) 1
009/003/im4.png (1080,1920,1) 1
009/003/im5.png (1080,1920,1) 1
009/003/im6.png (1080,1920,1) 1
009/003/im7.png (1080,1920,1) 1
009/003/im8.png (1080,1920,1) 1
009/003/im9.png (1080,1920,1) 1
009/003/im10.png (1080,1920,1) 1
009/003/im11.png (1080,1920,1) 1
009/003/im12.png (1080,1920,1) 1
009/003/im13.png (1080,1920,1) 1
009/003/im14.png (1080,1920,1) 1
009/003/im15.png (1080,1920,1) 1
009/004/im1.png (1080,1920,1) 1
009/004/im2.png (1080,1920,1) 1
009/004/im3.png (1080,1920,1) 1
009/004/im4.png (1080,1920,1) 1
009/004/im5.png (1080,1920,1) 1
009/004/im6.png (1080,1920,1) 1
009/004/im7.png (1080,1920,1) 1
009/004/im8.png (1080,1920,1) 1
009/004/im9.png (1080,1920,1) 1
009/004/im10.png (1080,1920,1) 1
009/004/im11.png (1080,1920,1) 1
009/004/im12.png (1080,1920,1) 1
009/004/im13.png (1080,1920,1) 1
009/004/im14.png (1080,1920,1) 1
009/004/im15.png (1080,1920,1) 1
009/005/im1.png (1080,1920,1) 1
009/005/im2.png (1080,1920,1) 1
009/005/im3.png (1080,1920,1) 1
009/005/im4.png (1080,1920,1) 1
009/005/im5.png (1080,1920,1) 1
009/005/im6.png (1080,1920,1) 1
009/005/im7.png (1080,1920,1) 1
009/005/im8.png (1080,1920,1) 1
009/005/im9.png (1080,1920,1) 1
009/005/im10.png (1080,1920,1) 1
009/005/im11.png (1080,1920,1) 1
009/005/im12.png (1080,1920,1) 1
009/005/im13.png (1080,1920,1) 1
009/005/im14.png (1080,1920,1) 1
009/005/im15.png (1080,1920,1) 1
009/006/im1.png (1080,1920,1) 1
009/006/im2.png (1080,1920,1) 1
009/006/im3.png (1080,1920,1) 1
009/006/im4.png (1080,1920,1) 1
009/006/im5.png (1080,1920,1) 1
009/006/im6.png (1080,1920,1) 1
009/006/im7.png (1080,1920,1) 1
009/006/im8.png (1080,1920,1) 1
009/006/im9.png (1080,1920,1) 1
009/006/im10.png (1080,1920,1) 1
009/006/im11.png (1080,1920,1) 1
009/006/im12.png (1080,1920,1) 1
009/006/im13.png (1080,1920,1) 1
009/006/im14.png (1080,1920,1) 1
009/006/im15.png (1080,1920,1) 1
009/007/im1.png (1080,1920,1) 1
009/007/im2.png (1080,1920,1) 1
009/007/im3.png (1080,1920,1) 1
009/007/im4.png (1080,1920,1) 1
009/007/im5.png (1080,1920,1) 1
009/007/im6.png (1080,1920,1) 1
009/007/im7.png (1080,1920,1) 1
009/007/im8.png (1080,1920,1) 1
009/007/im9.png (1080,1920,1) 1
009/007/im10.png (1080,1920,1) 1
009/007/im11.png (1080,1920,1) 1
009/007/im12.png (1080,1920,1) 1
009/007/im13.png (1080,1920,1) 1
009/007/im14.png (1080,1920,1) 1
009/007/im15.png (1080,1920,1) 1
009/008/im1.png (1080,1920,1) 1
009/008/im2.png (1080,1920,1) 1
009/008/im3.png (1080,1920,1) 1
009/008/im4.png (1080,1920,1) 1
009/008/im5.png (1080,1920,1) 1
009/008/im6.png (1080,1920,1) 1
009/008/im7.png (1080,1920,1) 1
009/008/im8.png (1080,1920,1) 1
009/008/im9.png (1080,1920,1) 1
009/008/im10.png (1080,1920,1) 1
009/008/im11.png (1080,1920,1) 1
009/008/im12.png (1080,1920,1) 1
009/008/im13.png (1080,1920,1) 1
009/008/im14.png (1080,1920,1) 1
009/008/im15.png (1080,1920,1) 1
009/009/im1.png (1080,1920,1) 1
009/009/im2.png (1080,1920,1) 1
009/009/im3.png (1080,1920,1) 1
009/009/im4.png (1080,1920,1) 1
009/009/im5.png (1080,1920,1) 1
009/009/im6.png (1080,1920,1) 1
009/009/im7.png (1080,1920,1) 1
009/009/im8.png (1080,1920,1) 1
009/009/im9.png (1080,1920,1) 1
009/009/im10.png (1080,1920,1) 1
009/009/im11.png (1080,1920,1) 1
009/009/im12.png (1080,1920,1) 1
009/009/im13.png (1080,1920,1) 1
009/009/im14.png (1080,1920,1) 1
009/009/im15.png (1080,1920,1) 1
009/010/im1.png (1080,1920,1) 1
009/010/im2.png (1080,1920,1) 1
009/010/im3.png (1080,1920,1) 1
009/010/im4.png (1080,1920,1) 1
009/010/im5.png (1080,1920,1) 1
009/010/im6.png (1080,1920,1) 1
009/010/im7.png (1080,1920,1) 1
009/010/im8.png (1080,1920,1) 1
009/010/im9.png (1080,1920,1) 1
009/010/im10.png (1080,1920,1) 1
009/010/im11.png (1080,1920,1) 1
009/010/im12.png (1080,1920,1) 1
009/010/im13.png (1080,1920,1) 1
009/010/im14.png (1080,1920,1) 1
009/010/im15.png (1080,1920,1) 1
009/011/im1.png (1080,1920,1) 1
009/011/im2.png (1080,1920,1) 1
009/011/im3.png (1080,1920,1) 1
009/011/im4.png (1080,1920,1) 1
009/011/im5.png (1080,1920,1) 1
009/011/im6.png (1080,1920,1) 1
009/011/im7.png (1080,1920,1) 1
009/011/im8.png (1080,1920,1) 1
009/011/im9.png (1080,1920,1) 1
009/011/im10.png (1080,1920,1) 1
009/011/im11.png (1080,1920,1) 1
009/011/im12.png (1080,1920,1) 1
009/011/im13.png (1080,1920,1) 1
009/011/im14.png (1080,1920,1) 1
009/011/im15.png (1080,1920,1) 1
009/012/im1.png (1080,1920,1) 1
009/012/im2.png (1080,1920,1) 1
009/012/im3.png (1080,1920,1) 1
009/012/im4.png (1080,1920,1) 1
009/012/im5.png (1080,1920,1) 1
009/012/im6.png (1080,1920,1) 1
009/012/im7.png (1080,1920,1) 1
009/012/im8.png (1080,1920,1) 1
009/012/im9.png (1080,1920,1) 1
009/012/im10.png (1080,1920,1) 1
009/012/im11.png (1080,1920,1) 1
009/012/im12.png (1080,1920,1) 1
009/012/im13.png (1080,1920,1) 1
009/012/im14.png (1080,1920,1) 1
009/012/im15.png (1080,1920,1) 1
009/013/im1.png (1080,1920,1) 1
009/013/im2.png (1080,1920,1) 1
009/013/im3.png (1080,1920,1) 1
009/013/im4.png (1080,1920,1) 1
009/013/im5.png (1080,1920,1) 1
009/013/im6.png (1080,1920,1) 1
009/013/im7.png (1080,1920,1) 1
009/013/im8.png (1080,1920,1) 1
009/013/im9.png (1080,1920,1) 1
009/013/im10.png (1080,1920,1) 1
009/013/im11.png (1080,1920,1) 1
009/013/im12.png (1080,1920,1) 1
009/013/im13.png (1080,1920,1) 1
009/013/im14.png (1080,1920,1) 1
009/013/im15.png (1080,1920,1) 1
009/014/im1.png (1080,1920,1) 1
009/014/im2.png (1080,1920,1) 1
009/014/im3.png (1080,1920,1) 1
009/014/im4.png (1080,1920,1) 1
009/014/im5.png (1080,1920,1) 1
009/014/im6.png (1080,1920,1) 1
009/014/im7.png (1080,1920,1) 1
009/014/im8.png (1080,1920,1) 1
009/014/im9.png (1080,1920,1) 1
009/014/im10.png (1080,1920,1) 1
009/014/im11.png (1080,1920,1) 1
009/014/im12.png (1080,1920,1) 1
009/014/im13.png (1080,1920,1) 1
009/014/im14.png (1080,1920,1) 1
009/014/im15.png (1080,1920,1) 1
009/015/im1.png (1080,1920,1) 1
009/015/im2.png (1080,1920,1) 1
009/015/im3.png (1080,1920,1) 1
009/015/im4.png (1080,1920,1) 1
009/015/im5.png (1080,1920,1) 1
009/015/im6.png (1080,1920,1) 1
009/015/im7.png (1080,1920,1) 1
009/015/im8.png (1080,1920,1) 1
009/015/im9.png (1080,1920,1) 1
009/015/im10.png (1080,1920,1) 1
009/015/im11.png (1080,1920,1) 1
009/015/im12.png (1080,1920,1) 1
009/015/im13.png (1080,1920,1) 1
009/015/im14.png (1080,1920,1) 1
009/015/im15.png (1080,1920,1) 1
010/001/im1.png (1080,1920,1) 1
010/001/im2.png (1080,1920,1) 1
010/001/im3.png (1080,1920,1) 1
010/001/im4.png (1080,1920,1) 1
010/001/im5.png (1080,1920,1) 1
010/001/im6.png (1080,1920,1) 1
010/001/im7.png (1080,1920,1) 1
010/001/im8.png (1080,1920,1) 1
010/001/im9.png (1080,1920,1) 1
010/001/im10.png (1080,1920,1) 1
010/001/im11.png (1080,1920,1) 1
010/001/im12.png (1080,1920,1) 1
010/001/im13.png (1080,1920,1) 1
010/001/im14.png (1080,1920,1) 1
010/001/im15.png (1080,1920,1) 1
010/002/im1.png (1080,1920,1) 1
010/002/im2.png (1080,1920,1) 1
010/002/im3.png (1080,1920,1) 1
010/002/im4.png (1080,1920,1) 1
010/002/im5.png (1080,1920,1) 1
010/002/im6.png (1080,1920,1) 1
010/002/im7.png (1080,1920,1) 1
010/002/im8.png (1080,1920,1) 1
010/002/im9.png (1080,1920,1) 1
010/002/im10.png (1080,1920,1) 1
010/002/im11.png (1080,1920,1) 1
010/002/im12.png (1080,1920,1) 1
010/002/im13.png (1080,1920,1) 1
010/002/im14.png (1080,1920,1) 1
010/002/im15.png (1080,1920,1) 1
010/003/im1.png (1080,1920,1) 1
010/003/im2.png (1080,1920,1) 1
010/003/im3.png (1080,1920,1) 1
010/003/im4.png (1080,1920,1) 1
010/003/im5.png (1080,1920,1) 1
010/003/im6.png (1080,1920,1) 1
010/003/im7.png (1080,1920,1) 1
010/003/im8.png (1080,1920,1) 1
010/003/im9.png (1080,1920,1) 1
010/003/im10.png (1080,1920,1) 1
010/003/im11.png (1080,1920,1) 1
010/003/im12.png (1080,1920,1) 1
010/003/im13.png (1080,1920,1) 1
010/003/im14.png (1080,1920,1) 1
010/003/im15.png (1080,1920,1) 1
010/004/im1.png (1080,1920,1) 1
010/004/im2.png (1080,1920,1) 1
010/004/im3.png (1080,1920,1) 1
010/004/im4.png (1080,1920,1) 1
010/004/im5.png (1080,1920,1) 1
010/004/im6.png (1080,1920,1) 1
010/004/im7.png (1080,1920,1) 1
010/004/im8.png (1080,1920,1) 1
010/004/im9.png (1080,1920,1) 1
010/004/im10.png (1080,1920,1) 1
010/004/im11.png (1080,1920,1) 1
010/004/im12.png (1080,1920,1) 1
010/004/im13.png (1080,1920,1) 1
010/004/im14.png (1080,1920,1) 1
010/004/im15.png (1080,1920,1) 1
010/005/im1.png (1080,1920,1) 1
010/005/im2.png (1080,1920,1) 1
010/005/im3.png (1080,1920,1) 1
010/005/im4.png (1080,1920,1) 1
010/005/im5.png (1080,1920,1) 1
010/005/im6.png (1080,1920,1) 1
010/005/im7.png (1080,1920,1) 1
010/005/im8.png (1080,1920,1) 1
010/005/im9.png (1080,1920,1) 1
010/005/im10.png (1080,1920,1) 1
010/005/im11.png (1080,1920,1) 1
010/005/im12.png (1080,1920,1) 1
010/005/im13.png (1080,1920,1) 1
010/005/im14.png (1080,1920,1) 1
010/005/im15.png (1080,1920,1) 1
010/006/im1.png (1080,1920,1) 1
010/006/im2.png (1080,1920,1) 1
010/006/im3.png (1080,1920,1) 1
010/006/im4.png (1080,1920,1) 1
010/006/im5.png (1080,1920,1) 1
010/006/im6.png (1080,1920,1) 1
010/006/im7.png (1080,1920,1) 1
010/006/im8.png (1080,1920,1) 1
010/006/im9.png (1080,1920,1) 1
010/006/im10.png (1080,1920,1) 1
010/006/im11.png (1080,1920,1) 1
010/006/im12.png (1080,1920,1) 1
010/006/im13.png (1080,1920,1) 1
010/006/im14.png (1080,1920,1) 1
010/006/im15.png (1080,1920,1) 1
010/007/im1.png (1080,1920,1) 1
010/007/im2.png (1080,1920,1) 1
010/007/im3.png (1080,1920,1) 1
010/007/im4.png (1080,1920,1) 1
010/007/im5.png (1080,1920,1) 1
010/007/im6.png (1080,1920,1) 1
010/007/im7.png (1080,1920,1) 1
010/007/im8.png (1080,1920,1) 1
010/007/im9.png (1080,1920,1) 1
010/007/im10.png (1080,1920,1) 1
010/007/im11.png (1080,1920,1) 1
010/007/im12.png (1080,1920,1) 1
010/007/im13.png (1080,1920,1) 1
010/007/im14.png (1080,1920,1) 1
010/007/im15.png (1080,1920,1) 1
010/008/im1.png (1080,1920,1) 1
010/008/im2.png (1080,1920,1) 1
010/008/im3.png (1080,1920,1) 1
010/008/im4.png (1080,1920,1) 1
010/008/im5.png (1080,1920,1) 1
010/008/im6.png (1080,1920,1) 1
010/008/im7.png (1080,1920,1) 1
010/008/im8.png (1080,1920,1) 1
010/008/im9.png (1080,1920,1) 1
010/008/im10.png (1080,1920,1) 1
010/008/im11.png (1080,1920,1) 1
010/008/im12.png (1080,1920,1) 1
010/008/im13.png (1080,1920,1) 1
010/008/im14.png (1080,1920,1) 1
010/008/im15.png (1080,1920,1) 1
010/009/im1.png (1080,1920,1) 1
010/009/im2.png (1080,1920,1) 1
010/009/im3.png (1080,1920,1) 1
010/009/im4.png (1080,1920,1) 1
010/009/im5.png (1080,1920,1) 1
010/009/im6.png (1080,1920,1) 1
010/009/im7.png (1080,1920,1) 1
010/009/im8.png (1080,1920,1) 1
010/009/im9.png (1080,1920,1) 1
010/009/im10.png (1080,1920,1) 1
010/009/im11.png (1080,1920,1) 1
010/009/im12.png (1080,1920,1) 1
010/009/im13.png (1080,1920,1) 1
010/009/im14.png (1080,1920,1) 1
010/009/im15.png (1080,1920,1) 1
010/010/im1.png (1080,1920,1) 1
010/010/im2.png (1080,1920,1) 1
010/010/im3.png (1080,1920,1) 1
010/010/im4.png (1080,1920,1) 1
010/010/im5.png (1080,1920,1) 1
010/010/im6.png (1080,1920,1) 1
010/010/im7.png (1080,1920,1) 1
010/010/im8.png (1080,1920,1) 1
010/010/im9.png (1080,1920,1) 1
010/010/im10.png (1080,1920,1) 1
010/010/im11.png (1080,1920,1) 1
010/010/im12.png (1080,1920,1) 1
010/010/im13.png (1080,1920,1) 1
010/010/im14.png (1080,1920,1) 1
010/010/im15.png (1080,1920,1) 1
010/011/im1.png (1080,1920,1) 1
010/011/im2.png (1080,1920,1) 1
010/011/im3.png (1080,1920,1) 1
010/011/im4.png (1080,1920,1) 1
010/011/im5.png (1080,1920,1) 1
010/011/im6.png (1080,1920,1) 1
010/011/im7.png (1080,1920,1) 1
010/011/im8.png (1080,1920,1) 1
010/011/im9.png (1080,1920,1) 1
010/011/im10.png (1080,1920,1) 1
010/011/im11.png (1080,1920,1) 1
010/011/im12.png (1080,1920,1) 1
010/011/im13.png (1080,1920,1) 1
010/011/im14.png (1080,1920,1) 1
010/011/im15.png (1080,1920,1) 1
010/012/im1.png (1080,1920,1) 1
010/012/im2.png (1080,1920,1) 1
010/012/im3.png (1080,1920,1) 1
010/012/im4.png (1080,1920,1) 1
010/012/im5.png (1080,1920,1) 1
010/012/im6.png (1080,1920,1) 1
010/012/im7.png (1080,1920,1) 1
010/012/im8.png (1080,1920,1) 1
010/012/im9.png (1080,1920,1) 1
010/012/im10.png (1080,1920,1) 1
010/012/im11.png (1080,1920,1) 1
010/012/im12.png (1080,1920,1) 1
010/012/im13.png (1080,1920,1) 1
010/012/im14.png (1080,1920,1) 1
010/012/im15.png (1080,1920,1) 1
010/013/im1.png (1080,1920,1) 1
010/013/im2.png (1080,1920,1) 1
010/013/im3.png (1080,1920,1) 1
010/013/im4.png (1080,1920,1) 1
010/013/im5.png (1080,1920,1) 1
010/013/im6.png (1080,1920,1) 1
010/013/im7.png (1080,1920,1) 1
010/013/im8.png (1080,1920,1) 1
010/013/im9.png (1080,1920,1) 1
010/013/im10.png (1080,1920,1) 1
010/013/im11.png (1080,1920,1) 1
010/013/im12.png (1080,1920,1) 1
010/013/im13.png (1080,1920,1) 1
010/013/im14.png (1080,1920,1) 1
010/013/im15.png (1080,1920,1) 1
010/014/im1.png (1080,1920,1) 1
010/014/im2.png (1080,1920,1) 1
010/014/im3.png (1080,1920,1) 1
010/014/im4.png (1080,1920,1) 1
010/014/im5.png (1080,1920,1) 1
010/014/im6.png (1080,1920,1) 1
010/014/im7.png (1080,1920,1) 1
010/014/im8.png (1080,1920,1) 1
010/014/im9.png (1080,1920,1) 1
010/014/im10.png (1080,1920,1) 1
010/014/im11.png (1080,1920,1) 1
010/014/im12.png (1080,1920,1) 1
010/014/im13.png (1080,1920,1) 1
010/014/im14.png (1080,1920,1) 1
010/014/im15.png (1080,1920,1) 1
010/015/im1.png (1080,1920,1) 1
010/015/im2.png (1080,1920,1) 1
010/015/im3.png (1080,1920,1) 1
010/015/im4.png (1080,1920,1) 1
010/015/im5.png (1080,1920,1) 1
010/015/im6.png (1080,1920,1) 1
010/015/im7.png (1080,1920,1) 1
010/015/im8.png (1080,1920,1) 1
010/015/im9.png (1080,1920,1) 1
010/015/im10.png (1080,1920,1) 1
010/015/im11.png (1080,1920,1) 1
010/015/im12.png (1080,1920,1) 1
010/015/im13.png (1080,1920,1) 1
010/015/im14.png (1080,1920,1) 1
010/015/im15.png (1080,1920,1) 1
010/016/im1.png (1080,1920,1) 1
010/016/im2.png (1080,1920,1) 1
010/016/im3.png (1080,1920,1) 1
010/016/im4.png (1080,1920,1) 1
010/016/im5.png (1080,1920,1) 1
010/016/im6.png (1080,1920,1) 1
010/016/im7.png (1080,1920,1) 1
010/016/im8.png (1080,1920,1) 1
010/016/im9.png (1080,1920,1) 1
010/016/im10.png (1080,1920,1) 1
010/016/im11.png (1080,1920,1) 1
010/016/im12.png (1080,1920,1) 1
010/016/im13.png (1080,1920,1) 1
010/016/im14.png (1080,1920,1) 1
010/016/im15.png (1080,1920,1) 1
010/017/im1.png (1080,1920,1) 1
010/017/im2.png (1080,1920,1) 1
010/017/im3.png (1080,1920,1) 1
010/017/im4.png (1080,1920,1) 1
010/017/im5.png (1080,1920,1) 1
010/017/im6.png (1080,1920,1) 1
010/017/im7.png (1080,1920,1) 1
010/017/im8.png (1080,1920,1) 1
010/017/im9.png (1080,1920,1) 1
010/017/im10.png (1080,1920,1) 1
010/017/im11.png (1080,1920,1) 1
010/017/im12.png (1080,1920,1) 1
010/017/im13.png (1080,1920,1) 1
010/017/im14.png (1080,1920,1) 1
010/017/im15.png (1080,1920,1) 1
010/018/im1.png (1080,1920,1) 1
010/018/im2.png (1080,1920,1) 1
010/018/im3.png (1080,1920,1) 1
010/018/im4.png (1080,1920,1) 1
010/018/im5.png (1080,1920,1) 1
010/018/im6.png (1080,1920,1) 1
010/018/im7.png (1080,1920,1) 1
010/018/im8.png (1080,1920,1) 1
010/018/im9.png (1080,1920,1) 1
010/018/im10.png (1080,1920,1) 1
010/018/im11.png (1080,1920,1) 1
010/018/im12.png (1080,1920,1) 1
010/018/im13.png (1080,1920,1) 1
010/018/im14.png (1080,1920,1) 1
010/018/im15.png (1080,1920,1) 1
010/019/im1.png (1080,1920,1) 1
010/019/im2.png (1080,1920,1) 1
010/019/im3.png (1080,1920,1) 1
010/019/im4.png (1080,1920,1) 1
010/019/im5.png (1080,1920,1) 1
010/019/im6.png (1080,1920,1) 1
010/019/im7.png (1080,1920,1) 1
010/019/im8.png (1080,1920,1) 1
010/019/im9.png (1080,1920,1) 1
010/019/im10.png (1080,1920,1) 1
010/019/im11.png (1080,1920,1) 1
010/019/im12.png (1080,1920,1) 1
010/019/im13.png (1080,1920,1) 1
010/019/im14.png (1080,1920,1) 1
010/019/im15.png (1080,1920,1) 1
010/020/im1.png (1080,1920,1) 1
010/020/im2.png (1080,1920,1) 1
010/020/im3.png (1080,1920,1) 1
010/020/im4.png (1080,1920,1) 1
010/020/im5.png (1080,1920,1) 1
010/020/im6.png (1080,1920,1) 1
010/020/im7.png (1080,1920,1) 1
010/020/im8.png (1080,1920,1) 1
010/020/im9.png (1080,1920,1) 1
010/020/im10.png (1080,1920,1) 1
010/020/im11.png (1080,1920,1) 1
010/020/im12.png (1080,1920,1) 1
010/020/im13.png (1080,1920,1) 1
010/020/im14.png (1080,1920,1) 1
010/020/im15.png (1080,1920,1) 1
011/001/im1.png (1080,1920,1) 1
011/001/im2.png (1080,1920,1) 1
011/001/im3.png (1080,1920,1) 1
011/001/im4.png (1080,1920,1) 1
011/001/im5.png (1080,1920,1) 1
011/001/im6.png (1080,1920,1) 1
011/001/im7.png (1080,1920,1) 1
011/001/im8.png (1080,1920,1) 1
011/001/im9.png (1080,1920,1) 1
011/001/im10.png (1080,1920,1) 1
011/001/im11.png (1080,1920,1) 1
011/001/im12.png (1080,1920,1) 1
011/001/im13.png (1080,1920,1) 1
011/001/im14.png (1080,1920,1) 1
011/001/im15.png (1080,1920,1) 1
011/002/im1.png (1080,1920,1) 1
011/002/im2.png (1080,1920,1) 1
011/002/im3.png (1080,1920,1) 1
011/002/im4.png (1080,1920,1) 1
011/002/im5.png (1080,1920,1) 1
011/002/im6.png (1080,1920,1) 1
011/002/im7.png (1080,1920,1) 1
011/002/im8.png (1080,1920,1) 1
011/002/im9.png (1080,1920,1) 1
011/002/im10.png (1080,1920,1) 1
011/002/im11.png (1080,1920,1) 1
011/002/im12.png (1080,1920,1) 1
011/002/im13.png (1080,1920,1) 1
011/002/im14.png (1080,1920,1) 1
011/002/im15.png (1080,1920,1) 1
011/003/im1.png (1080,1920,1) 1
011/003/im2.png (1080,1920,1) 1
011/003/im3.png (1080,1920,1) 1
011/003/im4.png (1080,1920,1) 1
011/003/im5.png (1080,1920,1) 1
011/003/im6.png (1080,1920,1) 1
011/003/im7.png (1080,1920,1) 1
011/003/im8.png (1080,1920,1) 1
011/003/im9.png (1080,1920,1) 1
011/003/im10.png (1080,1920,1) 1
011/003/im11.png (1080,1920,1) 1
011/003/im12.png (1080,1920,1) 1
011/003/im13.png (1080,1920,1) 1
011/003/im14.png (1080,1920,1) 1
011/003/im15.png (1080,1920,1) 1
011/004/im1.png (1080,1920,1) 1
011/004/im2.png (1080,1920,1) 1
011/004/im3.png (1080,1920,1) 1
011/004/im4.png (1080,1920,1) 1
011/004/im5.png (1080,1920,1) 1
011/004/im6.png (1080,1920,1) 1
011/004/im7.png (1080,1920,1) 1
011/004/im8.png (1080,1920,1) 1
011/004/im9.png (1080,1920,1) 1
011/004/im10.png (1080,1920,1) 1
011/004/im11.png (1080,1920,1) 1
011/004/im12.png (1080,1920,1) 1
011/004/im13.png (1080,1920,1) 1
011/004/im14.png (1080,1920,1) 1
011/004/im15.png (1080,1920,1) 1
011/005/im1.png (1080,1920,1) 1
011/005/im2.png (1080,1920,1) 1
011/005/im3.png (1080,1920,1) 1
011/005/im4.png (1080,1920,1) 1
011/005/im5.png (1080,1920,1) 1
011/005/im6.png (1080,1920,1) 1
011/005/im7.png (1080,1920,1) 1
011/005/im8.png (1080,1920,1) 1
011/005/im9.png (1080,1920,1) 1
011/005/im10.png (1080,1920,1) 1
011/005/im11.png (1080,1920,1) 1
011/005/im12.png (1080,1920,1) 1
011/005/im13.png (1080,1920,1) 1
011/005/im14.png (1080,1920,1) 1
011/005/im15.png (1080,1920,1) 1
011/006/im1.png (1080,1920,1) 1
011/006/im2.png (1080,1920,1) 1
011/006/im3.png (1080,1920,1) 1
011/006/im4.png (1080,1920,1) 1
011/006/im5.png (1080,1920,1) 1
011/006/im6.png (1080,1920,1) 1
011/006/im7.png (1080,1920,1) 1
011/006/im8.png (1080,1920,1) 1
011/006/im9.png (1080,1920,1) 1
011/006/im10.png (1080,1920,1) 1
011/006/im11.png (1080,1920,1) 1
011/006/im12.png (1080,1920,1) 1
011/006/im13.png (1080,1920,1) 1
011/006/im14.png (1080,1920,1) 1
011/006/im15.png (1080,1920,1) 1
011/007/im1.png (1080,1920,1) 1
011/007/im2.png (1080,1920,1) 1
011/007/im3.png (1080,1920,1) 1
011/007/im4.png (1080,1920,1) 1
011/007/im5.png (1080,1920,1) 1
011/007/im6.png (1080,1920,1) 1
011/007/im7.png (1080,1920,1) 1
011/007/im8.png (1080,1920,1) 1
011/007/im9.png (1080,1920,1) 1
011/007/im10.png (1080,1920,1) 1
011/007/im11.png (1080,1920,1) 1
011/007/im12.png (1080,1920,1) 1
011/007/im13.png (1080,1920,1) 1
011/007/im14.png (1080,1920,1) 1
011/007/im15.png (1080,1920,1) 1
011/008/im1.png (1080,1920,1) 1
011/008/im2.png (1080,1920,1) 1
011/008/im3.png (1080,1920,1) 1
011/008/im4.png (1080,1920,1) 1
011/008/im5.png (1080,1920,1) 1
011/008/im6.png (1080,1920,1) 1
011/008/im7.png (1080,1920,1) 1
011/008/im8.png (1080,1920,1) 1
011/008/im9.png (1080,1920,1) 1
011/008/im10.png (1080,1920,1) 1
011/008/im11.png (1080,1920,1) 1
011/008/im12.png (1080,1920,1) 1
011/008/im13.png (1080,1920,1) 1
011/008/im14.png (1080,1920,1) 1
011/008/im15.png (1080,1920,1) 1
011/009/im1.png (1080,1920,1) 1
011/009/im2.png (1080,1920,1) 1
011/009/im3.png (1080,1920,1) 1
011/009/im4.png (1080,1920,1) 1
011/009/im5.png (1080,1920,1) 1
011/009/im6.png (1080,1920,1) 1
011/009/im7.png (1080,1920,1) 1
011/009/im8.png (1080,1920,1) 1
011/009/im9.png (1080,1920,1) 1
011/009/im10.png (1080,1920,1) 1
011/009/im11.png (1080,1920,1) 1
011/009/im12.png (1080,1920,1) 1
011/009/im13.png (1080,1920,1) 1
011/009/im14.png (1080,1920,1) 1
011/009/im15.png (1080,1920,1) 1
011/010/im1.png (1080,1920,1) 1
011/010/im2.png (1080,1920,1) 1
011/010/im3.png (1080,1920,1) 1
011/010/im4.png (1080,1920,1) 1
011/010/im5.png (1080,1920,1) 1
011/010/im6.png (1080,1920,1) 1
011/010/im7.png (1080,1920,1) 1
011/010/im8.png (1080,1920,1) 1
011/010/im9.png (1080,1920,1) 1
011/010/im10.png (1080,1920,1) 1
011/010/im11.png (1080,1920,1) 1
011/010/im12.png (1080,1920,1) 1
011/010/im13.png (1080,1920,1) 1
011/010/im14.png (1080,1920,1) 1
011/010/im15.png (1080,1920,1) 1
011/011/im1.png (1080,1920,1) 1
011/011/im2.png (1080,1920,1) 1
011/011/im3.png (1080,1920,1) 1
011/011/im4.png (1080,1920,1) 1
011/011/im5.png (1080,1920,1) 1
011/011/im6.png (1080,1920,1) 1
011/011/im7.png (1080,1920,1) 1
011/011/im8.png (1080,1920,1) 1
011/011/im9.png (1080,1920,1) 1
011/011/im10.png (1080,1920,1) 1
011/011/im11.png (1080,1920,1) 1
011/011/im12.png (1080,1920,1) 1
011/011/im13.png (1080,1920,1) 1
011/011/im14.png (1080,1920,1) 1
011/011/im15.png (1080,1920,1) 1
011/012/im1.png (1080,1920,1) 1
011/012/im2.png (1080,1920,1) 1
011/012/im3.png (1080,1920,1) 1
011/012/im4.png (1080,1920,1) 1
011/012/im5.png (1080,1920,1) 1
011/012/im6.png (1080,1920,1) 1
011/012/im7.png (1080,1920,1) 1
011/012/im8.png (1080,1920,1) 1
011/012/im9.png (1080,1920,1) 1
011/012/im10.png (1080,1920,1) 1
011/012/im11.png (1080,1920,1) 1
011/012/im12.png (1080,1920,1) 1
011/012/im13.png (1080,1920,1) 1
011/012/im14.png (1080,1920,1) 1
011/012/im15.png (1080,1920,1) 1
011/013/im1.png (1080,1920,1) 1
011/013/im2.png (1080,1920,1) 1
011/013/im3.png (1080,1920,1) 1
011/013/im4.png (1080,1920,1) 1
011/013/im5.png (1080,1920,1) 1
011/013/im6.png (1080,1920,1) 1
011/013/im7.png (1080,1920,1) 1
011/013/im8.png (1080,1920,1) 1
011/013/im9.png (1080,1920,1) 1
011/013/im10.png (1080,1920,1) 1
011/013/im11.png (1080,1920,1) 1
011/013/im12.png (1080,1920,1) 1
011/013/im13.png (1080,1920,1) 1
011/013/im14.png (1080,1920,1) 1
011/013/im15.png (1080,1920,1) 1
011/014/im1.png (1080,1920,1) 1
011/014/im2.png (1080,1920,1) 1
011/014/im3.png (1080,1920,1) 1
011/014/im4.png (1080,1920,1) 1
011/014/im5.png (1080,1920,1) 1
011/014/im6.png (1080,1920,1) 1
011/014/im7.png (1080,1920,1) 1
011/014/im8.png (1080,1920,1) 1
011/014/im9.png (1080,1920,1) 1
011/014/im10.png (1080,1920,1) 1
011/014/im11.png (1080,1920,1) 1
011/014/im12.png (1080,1920,1) 1
011/014/im13.png (1080,1920,1) 1
011/014/im14.png (1080,1920,1) 1
011/014/im15.png (1080,1920,1) 1
011/015/im1.png (1080,1920,1) 1
011/015/im2.png (1080,1920,1) 1
011/015/im3.png (1080,1920,1) 1
011/015/im4.png (1080,1920,1) 1
011/015/im5.png (1080,1920,1) 1
011/015/im6.png (1080,1920,1) 1
011/015/im7.png (1080,1920,1) 1
011/015/im8.png (1080,1920,1) 1
011/015/im9.png (1080,1920,1) 1
011/015/im10.png (1080,1920,1) 1
011/015/im11.png (1080,1920,1) 1
011/015/im12.png (1080,1920,1) 1
011/015/im13.png (1080,1920,1) 1
011/015/im14.png (1080,1920,1) 1
011/015/im15.png (1080,1920,1) 1
011/016/im1.png (1080,1920,1) 1
011/016/im2.png (1080,1920,1) 1
011/016/im3.png (1080,1920,1) 1
011/016/im4.png (1080,1920,1) 1
011/016/im5.png (1080,1920,1) 1
011/016/im6.png (1080,1920,1) 1
011/016/im7.png (1080,1920,1) 1
011/016/im8.png (1080,1920,1) 1
011/016/im9.png (1080,1920,1) 1
011/016/im10.png (1080,1920,1) 1
011/016/im11.png (1080,1920,1) 1
011/016/im12.png (1080,1920,1) 1
011/016/im13.png (1080,1920,1) 1
011/016/im14.png (1080,1920,1) 1
011/016/im15.png (1080,1920,1) 1
011/017/im1.png (1080,1920,1) 1
011/017/im2.png (1080,1920,1) 1
011/017/im3.png (1080,1920,1) 1
011/017/im4.png (1080,1920,1) 1
011/017/im5.png (1080,1920,1) 1
011/017/im6.png (1080,1920,1) 1
011/017/im7.png (1080,1920,1) 1
011/017/im8.png (1080,1920,1) 1
011/017/im9.png (1080,1920,1) 1
011/017/im10.png (1080,1920,1) 1
011/017/im11.png (1080,1920,1) 1
011/017/im12.png (1080,1920,1) 1
011/017/im13.png (1080,1920,1) 1
011/017/im14.png (1080,1920,1) 1
011/017/im15.png (1080,1920,1) 1
011/018/im1.png (1080,1920,1) 1
011/018/im2.png (1080,1920,1) 1
011/018/im3.png (1080,1920,1) 1
011/018/im4.png (1080,1920,1) 1
011/018/im5.png (1080,1920,1) 1
011/018/im6.png (1080,1920,1) 1
011/018/im7.png (1080,1920,1) 1
011/018/im8.png (1080,1920,1) 1
011/018/im9.png (1080,1920,1) 1
011/018/im10.png (1080,1920,1) 1
011/018/im11.png (1080,1920,1) 1
011/018/im12.png (1080,1920,1) 1
011/018/im13.png (1080,1920,1) 1
011/018/im14.png (1080,1920,1) 1
011/018/im15.png (1080,1920,1) 1
011/019/im1.png (1080,1920,1) 1
011/019/im2.png (1080,1920,1) 1
011/019/im3.png (1080,1920,1) 1
011/019/im4.png (1080,1920,1) 1
011/019/im5.png (1080,1920,1) 1
011/019/im6.png (1080,1920,1) 1
011/019/im7.png (1080,1920,1) 1
011/019/im8.png (1080,1920,1) 1
011/019/im9.png (1080,1920,1) 1
011/019/im10.png (1080,1920,1) 1
011/019/im11.png (1080,1920,1) 1
011/019/im12.png (1080,1920,1) 1
011/019/im13.png (1080,1920,1) 1
011/019/im14.png (1080,1920,1) 1
011/019/im15.png (1080,1920,1) 1
011/020/im1.png (1080,1920,1) 1
011/020/im2.png (1080,1920,1) 1
011/020/im3.png (1080,1920,1) 1
011/020/im4.png (1080,1920,1) 1
011/020/im5.png (1080,1920,1) 1
011/020/im6.png (1080,1920,1) 1
011/020/im7.png (1080,1920,1) 1
011/020/im8.png (1080,1920,1) 1
011/020/im9.png (1080,1920,1) 1
011/020/im10.png (1080,1920,1) 1
011/020/im11.png (1080,1920,1) 1
011/020/im12.png (1080,1920,1) 1
011/020/im13.png (1080,1920,1) 1
011/020/im14.png (1080,1920,1) 1
011/020/im15.png (1080,1920,1) 1
012/001/im1.png (1080,1920,1) 1
012/001/im2.png (1080,1920,1) 1
012/001/im3.png (1080,1920,1) 1
012/001/im4.png (1080,1920,1) 1
012/001/im5.png (1080,1920,1) 1
012/001/im6.png (1080,1920,1) 1
012/001/im7.png (1080,1920,1) 1
012/001/im8.png (1080,1920,1) 1
012/001/im9.png (1080,1920,1) 1
012/001/im10.png (1080,1920,1) 1
012/001/im11.png (1080,1920,1) 1
012/001/im12.png (1080,1920,1) 1
012/001/im13.png (1080,1920,1) 1
012/001/im14.png (1080,1920,1) 1
012/001/im15.png (1080,1920,1) 1
012/002/im1.png (1080,1920,1) 1
012/002/im2.png (1080,1920,1) 1
012/002/im3.png (1080,1920,1) 1
012/002/im4.png (1080,1920,1) 1
012/002/im5.png (1080,1920,1) 1
012/002/im6.png (1080,1920,1) 1
012/002/im7.png (1080,1920,1) 1
012/002/im8.png (1080,1920,1) 1
012/002/im9.png (1080,1920,1) 1
012/002/im10.png (1080,1920,1) 1
012/002/im11.png (1080,1920,1) 1
012/002/im12.png (1080,1920,1) 1
012/002/im13.png (1080,1920,1) 1
012/002/im14.png (1080,1920,1) 1
012/002/im15.png (1080,1920,1) 1
012/003/im1.png (1080,1920,1) 1
012/003/im2.png (1080,1920,1) 1
012/003/im3.png (1080,1920,1) 1
012/003/im4.png (1080,1920,1) 1
012/003/im5.png (1080,1920,1) 1
012/003/im6.png (1080,1920,1) 1
012/003/im7.png (1080,1920,1) 1
012/003/im8.png (1080,1920,1) 1
012/003/im9.png (1080,1920,1) 1
012/003/im10.png (1080,1920,1) 1
012/003/im11.png (1080,1920,1) 1
012/003/im12.png (1080,1920,1) 1
012/003/im13.png (1080,1920,1) 1
012/003/im14.png (1080,1920,1) 1
012/003/im15.png (1080,1920,1) 1
012/004/im1.png (1080,1920,1) 1
012/004/im2.png (1080,1920,1) 1
012/004/im3.png (1080,1920,1) 1
012/004/im4.png (1080,1920,1) 1
012/004/im5.png (1080,1920,1) 1
012/004/im6.png (1080,1920,1) 1
012/004/im7.png (1080,1920,1) 1
012/004/im8.png (1080,1920,1) 1
012/004/im9.png (1080,1920,1) 1
012/004/im10.png (1080,1920,1) 1
012/004/im11.png (1080,1920,1) 1
012/004/im12.png (1080,1920,1) 1
012/004/im13.png (1080,1920,1) 1
012/004/im14.png (1080,1920,1) 1
012/004/im15.png (1080,1920,1) 1
012/005/im1.png (1080,1920,1) 1
012/005/im2.png (1080,1920,1) 1
012/005/im3.png (1080,1920,1) 1
012/005/im4.png (1080,1920,1) 1
012/005/im5.png (1080,1920,1) 1
012/005/im6.png (1080,1920,1) 1
012/005/im7.png (1080,1920,1) 1
012/005/im8.png (1080,1920,1) 1
012/005/im9.png (1080,1920,1) 1
012/005/im10.png (1080,1920,1) 1
012/005/im11.png (1080,1920,1) 1
012/005/im12.png (1080,1920,1) 1
012/005/im13.png (1080,1920,1) 1
012/005/im14.png (1080,1920,1) 1
012/005/im15.png (1080,1920,1) 1
012/006/im1.png (1080,1920,1) 1
012/006/im2.png (1080,1920,1) 1
012/006/im3.png (1080,1920,1) 1
012/006/im4.png (1080,1920,1) 1
012/006/im5.png (1080,1920,1) 1
012/006/im6.png (1080,1920,1) 1
012/006/im7.png (1080,1920,1) 1
012/006/im8.png (1080,1920,1) 1
012/006/im9.png (1080,1920,1) 1
012/006/im10.png (1080,1920,1) 1
012/006/im11.png (1080,1920,1) 1
012/006/im12.png (1080,1920,1) 1
012/006/im13.png (1080,1920,1) 1
012/006/im14.png (1080,1920,1) 1
012/006/im15.png (1080,1920,1) 1
012/007/im1.png (1080,1920,1) 1
012/007/im2.png (1080,1920,1) 1
012/007/im3.png (1080,1920,1) 1
012/007/im4.png (1080,1920,1) 1
012/007/im5.png (1080,1920,1) 1
012/007/im6.png (1080,1920,1) 1
012/007/im7.png (1080,1920,1) 1
012/007/im8.png (1080,1920,1) 1
012/007/im9.png (1080,1920,1) 1
012/007/im10.png (1080,1920,1) 1
012/007/im11.png (1080,1920,1) 1
012/007/im12.png (1080,1920,1) 1
012/007/im13.png (1080,1920,1) 1
012/007/im14.png (1080,1920,1) 1
012/007/im15.png (1080,1920,1) 1
012/008/im1.png (1080,1920,1) 1
012/008/im2.png (1080,1920,1) 1
012/008/im3.png (1080,1920,1) 1
012/008/im4.png (1080,1920,1) 1
012/008/im5.png (1080,1920,1) 1
012/008/im6.png (1080,1920,1) 1
012/008/im7.png (1080,1920,1) 1
012/008/im8.png (1080,1920,1) 1
012/008/im9.png (1080,1920,1) 1
012/008/im10.png (1080,1920,1) 1
012/008/im11.png (1080,1920,1) 1
012/008/im12.png (1080,1920,1) 1
012/008/im13.png (1080,1920,1) 1
012/008/im14.png (1080,1920,1) 1
012/008/im15.png (1080,1920,1) 1
012/009/im1.png (1080,1920,1) 1
012/009/im2.png (1080,1920,1) 1
012/009/im3.png (1080,1920,1) 1
012/009/im4.png (1080,1920,1) 1
012/009/im5.png (1080,1920,1) 1
012/009/im6.png (1080,1920,1) 1
012/009/im7.png (1080,1920,1) 1
012/009/im8.png (1080,1920,1) 1
012/009/im9.png (1080,1920,1) 1
012/009/im10.png (1080,1920,1) 1
012/009/im11.png (1080,1920,1) 1
012/009/im12.png (1080,1920,1) 1
012/009/im13.png (1080,1920,1) 1
012/009/im14.png (1080,1920,1) 1
012/009/im15.png (1080,1920,1) 1
012/010/im1.png (1080,1920,1) 1
012/010/im2.png (1080,1920,1) 1
012/010/im3.png (1080,1920,1) 1
012/010/im4.png (1080,1920,1) 1
012/010/im5.png (1080,1920,1) 1
012/010/im6.png (1080,1920,1) 1
012/010/im7.png (1080,1920,1) 1
012/010/im8.png (1080,1920,1) 1
012/010/im9.png (1080,1920,1) 1
012/010/im10.png (1080,1920,1) 1
012/010/im11.png (1080,1920,1) 1
012/010/im12.png (1080,1920,1) 1
012/010/im13.png (1080,1920,1) 1
012/010/im14.png (1080,1920,1) 1
012/010/im15.png (1080,1920,1) 1
012/011/im1.png (1080,1920,1) 1
012/011/im2.png (1080,1920,1) 1
012/011/im3.png (1080,1920,1) 1
012/011/im4.png (1080,1920,1) 1
012/011/im5.png (1080,1920,1) 1
012/011/im6.png (1080,1920,1) 1
012/011/im7.png (1080,1920,1) 1
012/011/im8.png (1080,1920,1) 1
012/011/im9.png (1080,1920,1) 1
012/011/im10.png (1080,1920,1) 1
012/011/im11.png (1080,1920,1) 1
012/011/im12.png (1080,1920,1) 1
012/011/im13.png (1080,1920,1) 1
012/011/im14.png (1080,1920,1) 1
012/011/im15.png (1080,1920,1) 1
012/012/im1.png (1080,1920,1) 1
012/012/im2.png (1080,1920,1) 1
012/012/im3.png (1080,1920,1) 1
012/012/im4.png (1080,1920,1) 1
012/012/im5.png (1080,1920,1) 1
012/012/im6.png (1080,1920,1) 1
012/012/im7.png (1080,1920,1) 1
012/012/im8.png (1080,1920,1) 1
012/012/im9.png (1080,1920,1) 1
012/012/im10.png (1080,1920,1) 1
012/012/im11.png (1080,1920,1) 1
012/012/im12.png (1080,1920,1) 1
012/012/im13.png (1080,1920,1) 1
012/012/im14.png (1080,1920,1) 1
012/012/im15.png (1080,1920,1) 1
012/013/im1.png (1080,1920,1) 1
012/013/im2.png (1080,1920,1) 1
012/013/im3.png (1080,1920,1) 1
012/013/im4.png (1080,1920,1) 1
012/013/im5.png (1080,1920,1) 1
012/013/im6.png (1080,1920,1) 1
012/013/im7.png (1080,1920,1) 1
012/013/im8.png (1080,1920,1) 1
012/013/im9.png (1080,1920,1) 1
012/013/im10.png (1080,1920,1) 1
012/013/im11.png (1080,1920,1) 1
012/013/im12.png (1080,1920,1) 1
012/013/im13.png (1080,1920,1) 1
012/013/im14.png (1080,1920,1) 1
012/013/im15.png (1080,1920,1) 1
012/014/im1.png (1080,1920,1) 1
012/014/im2.png (1080,1920,1) 1
012/014/im3.png (1080,1920,1) 1
012/014/im4.png (1080,1920,1) 1
012/014/im5.png (1080,1920,1) 1
012/014/im6.png (1080,1920,1) 1
012/014/im7.png (1080,1920,1) 1
012/014/im8.png (1080,1920,1) 1
012/014/im9.png (1080,1920,1) 1
012/014/im10.png (1080,1920,1) 1
012/014/im11.png (1080,1920,1) 1
012/014/im12.png (1080,1920,1) 1
012/014/im13.png (1080,1920,1) 1
012/014/im14.png (1080,1920,1) 1
012/014/im15.png (1080,1920,1) 1
012/015/im1.png (1080,1920,1) 1
012/015/im2.png (1080,1920,1) 1
012/015/im3.png (1080,1920,1) 1
012/015/im4.png (1080,1920,1) 1
012/015/im5.png (1080,1920,1) 1
012/015/im6.png (1080,1920,1) 1
012/015/im7.png (1080,1920,1) 1
012/015/im8.png (1080,1920,1) 1
012/015/im9.png (1080,1920,1) 1
012/015/im10.png (1080,1920,1) 1
012/015/im11.png (1080,1920,1) 1
012/015/im12.png (1080,1920,1) 1
012/015/im13.png (1080,1920,1) 1
012/015/im14.png (1080,1920,1) 1
012/015/im15.png (1080,1920,1) 1
012/016/im1.png (1080,1920,1) 1
012/016/im2.png (1080,1920,1) 1
012/016/im3.png (1080,1920,1) 1
012/016/im4.png (1080,1920,1) 1
012/016/im5.png (1080,1920,1) 1
012/016/im6.png (1080,1920,1) 1
012/016/im7.png (1080,1920,1) 1
012/016/im8.png (1080,1920,1) 1
012/016/im9.png (1080,1920,1) 1
012/016/im10.png (1080,1920,1) 1
012/016/im11.png (1080,1920,1) 1
012/016/im12.png (1080,1920,1) 1
012/016/im13.png (1080,1920,1) 1
012/016/im14.png (1080,1920,1) 1
012/016/im15.png (1080,1920,1) 1
012/017/im1.png (1080,1920,1) 1
012/017/im2.png (1080,1920,1) 1
012/017/im3.png (1080,1920,1) 1
012/017/im4.png (1080,1920,1) 1
012/017/im5.png (1080,1920,1) 1
012/017/im6.png (1080,1920,1) 1
012/017/im7.png (1080,1920,1) 1
012/017/im8.png (1080,1920,1) 1
012/017/im9.png (1080,1920,1) 1
012/017/im10.png (1080,1920,1) 1
012/017/im11.png (1080,1920,1) 1
012/017/im12.png (1080,1920,1) 1
012/017/im13.png (1080,1920,1) 1
012/017/im14.png (1080,1920,1) 1
012/017/im15.png (1080,1920,1) 1
012/018/im1.png (1080,1920,1) 1
012/018/im2.png (1080,1920,1) 1
012/018/im3.png (1080,1920,1) 1
012/018/im4.png (1080,1920,1) 1
012/018/im5.png (1080,1920,1) 1
012/018/im6.png (1080,1920,1) 1
012/018/im7.png (1080,1920,1) 1
012/018/im8.png (1080,1920,1) 1
012/018/im9.png (1080,1920,1) 1
012/018/im10.png (1080,1920,1) 1
012/018/im11.png (1080,1920,1) 1
012/018/im12.png (1080,1920,1) 1
012/018/im13.png (1080,1920,1) 1
012/018/im14.png (1080,1920,1) 1
012/018/im15.png (1080,1920,1) 1
012/019/im1.png (1080,1920,1) 1
012/019/im2.png (1080,1920,1) 1
012/019/im3.png (1080,1920,1) 1
012/019/im4.png (1080,1920,1) 1
012/019/im5.png (1080,1920,1) 1
012/019/im6.png (1080,1920,1) 1
012/019/im7.png (1080,1920,1) 1
012/019/im8.png (1080,1920,1) 1
012/019/im9.png (1080,1920,1) 1
012/019/im10.png (1080,1920,1) 1
012/019/im11.png (1080,1920,1) 1
012/019/im12.png (1080,1920,1) 1
012/019/im13.png (1080,1920,1) 1
012/019/im14.png (1080,1920,1) 1
012/019/im15.png (1080,1920,1) 1
012/020/im1.png (1080,1920,1) 1
012/020/im2.png (1080,1920,1) 1
012/020/im3.png (1080,1920,1) 1
012/020/im4.png (1080,1920,1) 1
012/020/im5.png (1080,1920,1) 1
012/020/im6.png (1080,1920,1) 1
012/020/im7.png (1080,1920,1) 1
012/020/im8.png (1080,1920,1) 1
012/020/im9.png (1080,1920,1) 1
012/020/im10.png (1080,1920,1) 1
012/020/im11.png (1080,1920,1) 1
012/020/im12.png (1080,1920,1) 1
012/020/im13.png (1080,1920,1) 1
012/020/im14.png (1080,1920,1) 1
012/020/im15.png (1080,1920,1) 1
013/001/im1.png (1080,1920,1) 1
013/001/im2.png (1080,1920,1) 1
013/001/im3.png (1080,1920,1) 1
013/001/im4.png (1080,1920,1) 1
013/001/im5.png (1080,1920,1) 1
013/001/im6.png (1080,1920,1) 1
013/001/im7.png (1080,1920,1) 1
013/001/im8.png (1080,1920,1) 1
013/001/im9.png (1080,1920,1) 1
013/001/im10.png (1080,1920,1) 1
013/001/im11.png (1080,1920,1) 1
013/001/im12.png (1080,1920,1) 1
013/001/im13.png (1080,1920,1) 1
013/001/im14.png (1080,1920,1) 1
013/001/im15.png (1080,1920,1) 1
013/002/im1.png (1080,1920,1) 1
013/002/im2.png (1080,1920,1) 1
013/002/im3.png (1080,1920,1) 1
013/002/im4.png (1080,1920,1) 1
013/002/im5.png (1080,1920,1) 1
013/002/im6.png (1080,1920,1) 1
013/002/im7.png (1080,1920,1) 1
013/002/im8.png (1080,1920,1) 1
013/002/im9.png (1080,1920,1) 1
013/002/im10.png (1080,1920,1) 1
013/002/im11.png (1080,1920,1) 1
013/002/im12.png (1080,1920,1) 1
013/002/im13.png (1080,1920,1) 1
013/002/im14.png (1080,1920,1) 1
013/002/im15.png (1080,1920,1) 1
013/003/im1.png (1080,1920,1) 1
013/003/im2.png (1080,1920,1) 1
013/003/im3.png (1080,1920,1) 1
013/003/im4.png (1080,1920,1) 1
013/003/im5.png (1080,1920,1) 1
013/003/im6.png (1080,1920,1) 1
013/003/im7.png (1080,1920,1) 1
013/003/im8.png (1080,1920,1) 1
013/003/im9.png (1080,1920,1) 1
013/003/im10.png (1080,1920,1) 1
013/003/im11.png (1080,1920,1) 1
013/003/im12.png (1080,1920,1) 1
013/003/im13.png (1080,1920,1) 1
013/003/im14.png (1080,1920,1) 1
013/003/im15.png (1080,1920,1) 1
013/004/im1.png (1080,1920,1) 1
013/004/im2.png (1080,1920,1) 1
013/004/im3.png (1080,1920,1) 1
013/004/im4.png (1080,1920,1) 1
013/004/im5.png (1080,1920,1) 1
013/004/im6.png (1080,1920,1) 1
013/004/im7.png (1080,1920,1) 1
013/004/im8.png (1080,1920,1) 1
013/004/im9.png (1080,1920,1) 1
013/004/im10.png (1080,1920,1) 1
013/004/im11.png (1080,1920,1) 1
013/004/im12.png (1080,1920,1) 1
013/004/im13.png (1080,1920,1) 1
013/004/im14.png (1080,1920,1) 1
013/004/im15.png (1080,1920,1) 1
013/005/im1.png (1080,1920,1) 1
013/005/im2.png (1080,1920,1) 1
013/005/im3.png (1080,1920,1) 1
013/005/im4.png (1080,1920,1) 1
013/005/im5.png (1080,1920,1) 1
013/005/im6.png (1080,1920,1) 1
013/005/im7.png (1080,1920,1) 1
013/005/im8.png (1080,1920,1) 1
013/005/im9.png (1080,1920,1) 1
013/005/im10.png (1080,1920,1) 1
013/005/im11.png (1080,1920,1) 1
013/005/im12.png (1080,1920,1) 1
013/005/im13.png (1080,1920,1) 1
013/005/im14.png (1080,1920,1) 1
013/005/im15.png (1080,1920,1) 1
013/006/im1.png (1080,1920,1) 1
013/006/im2.png (1080,1920,1) 1
013/006/im3.png (1080,1920,1) 1
013/006/im4.png (1080,1920,1) 1
013/006/im5.png (1080,1920,1) 1
013/006/im6.png (1080,1920,1) 1
013/006/im7.png (1080,1920,1) 1
013/006/im8.png (1080,1920,1) 1
013/006/im9.png (1080,1920,1) 1
013/006/im10.png (1080,1920,1) 1
013/006/im11.png (1080,1920,1) 1
013/006/im12.png (1080,1920,1) 1
013/006/im13.png (1080,1920,1) 1
013/006/im14.png (1080,1920,1) 1
013/006/im15.png (1080,1920,1) 1
013/007/im1.png (1080,1920,1) 1
013/007/im2.png (1080,1920,1) 1
013/007/im3.png (1080,1920,1) 1
013/007/im4.png (1080,1920,1) 1
013/007/im5.png (1080,1920,1) 1
013/007/im6.png (1080,1920,1) 1
013/007/im7.png (1080,1920,1) 1
013/007/im8.png (1080,1920,1) 1
013/007/im9.png (1080,1920,1) 1
013/007/im10.png (1080,1920,1) 1
013/007/im11.png (1080,1920,1) 1
013/007/im12.png (1080,1920,1) 1
013/007/im13.png (1080,1920,1) 1
013/007/im14.png (1080,1920,1) 1
013/007/im15.png (1080,1920,1) 1
013/008/im1.png (1080,1920,1) 1
013/008/im2.png (1080,1920,1) 1
013/008/im3.png (1080,1920,1) 1
013/008/im4.png (1080,1920,1) 1
013/008/im5.png (1080,1920,1) 1
013/008/im6.png (1080,1920,1) 1
013/008/im7.png (1080,1920,1) 1
013/008/im8.png (1080,1920,1) 1
013/008/im9.png (1080,1920,1) 1
013/008/im10.png (1080,1920,1) 1
013/008/im11.png (1080,1920,1) 1
013/008/im12.png (1080,1920,1) 1
013/008/im13.png (1080,1920,1) 1
013/008/im14.png (1080,1920,1) 1
013/008/im15.png (1080,1920,1) 1
013/009/im1.png (1080,1920,1) 1
013/009/im2.png (1080,1920,1) 1
013/009/im3.png (1080,1920,1) 1
013/009/im4.png (1080,1920,1) 1
013/009/im5.png (1080,1920,1) 1
013/009/im6.png (1080,1920,1) 1
013/009/im7.png (1080,1920,1) 1
013/009/im8.png (1080,1920,1) 1
013/009/im9.png (1080,1920,1) 1
013/009/im10.png (1080,1920,1) 1
013/009/im11.png (1080,1920,1) 1
013/009/im12.png (1080,1920,1) 1
013/009/im13.png (1080,1920,1) 1
013/009/im14.png (1080,1920,1) 1
013/009/im15.png (1080,1920,1) 1
013/010/im1.png (1080,1920,1) 1
013/010/im2.png (1080,1920,1) 1
013/010/im3.png (1080,1920,1) 1
013/010/im4.png (1080,1920,1) 1
013/010/im5.png (1080,1920,1) 1
013/010/im6.png (1080,1920,1) 1
013/010/im7.png (1080,1920,1) 1
013/010/im8.png (1080,1920,1) 1
013/010/im9.png (1080,1920,1) 1
013/010/im10.png (1080,1920,1) 1
013/010/im11.png (1080,1920,1) 1
013/010/im12.png (1080,1920,1) 1
013/010/im13.png (1080,1920,1) 1
013/010/im14.png (1080,1920,1) 1
013/010/im15.png (1080,1920,1) 1
013/011/im1.png (1080,1920,1) 1
013/011/im2.png (1080,1920,1) 1
013/011/im3.png (1080,1920,1) 1
013/011/im4.png (1080,1920,1) 1
013/011/im5.png (1080,1920,1) 1
013/011/im6.png (1080,1920,1) 1
013/011/im7.png (1080,1920,1) 1
013/011/im8.png (1080,1920,1) 1
013/011/im9.png (1080,1920,1) 1
013/011/im10.png (1080,1920,1) 1
013/011/im11.png (1080,1920,1) 1
013/011/im12.png (1080,1920,1) 1
013/011/im13.png (1080,1920,1) 1
013/011/im14.png (1080,1920,1) 1
013/011/im15.png (1080,1920,1) 1
013/012/im1.png (1080,1920,1) 1
013/012/im2.png (1080,1920,1) 1
013/012/im3.png (1080,1920,1) 1
013/012/im4.png (1080,1920,1) 1
013/012/im5.png (1080,1920,1) 1
013/012/im6.png (1080,1920,1) 1
013/012/im7.png (1080,1920,1) 1
013/012/im8.png (1080,1920,1) 1
013/012/im9.png (1080,1920,1) 1
013/012/im10.png (1080,1920,1) 1
013/012/im11.png (1080,1920,1) 1
013/012/im12.png (1080,1920,1) 1
013/012/im13.png (1080,1920,1) 1
013/012/im14.png (1080,1920,1) 1
013/012/im15.png (1080,1920,1) 1
013/013/im1.png (1080,1920,1) 1
013/013/im2.png (1080,1920,1) 1
013/013/im3.png (1080,1920,1) 1
013/013/im4.png (1080,1920,1) 1
013/013/im5.png (1080,1920,1) 1
013/013/im6.png (1080,1920,1) 1
013/013/im7.png (1080,1920,1) 1
013/013/im8.png (1080,1920,1) 1
013/013/im9.png (1080,1920,1) 1
013/013/im10.png (1080,1920,1) 1
013/013/im11.png (1080,1920,1) 1
013/013/im12.png (1080,1920,1) 1
013/013/im13.png (1080,1920,1) 1
013/013/im14.png (1080,1920,1) 1
013/013/im15.png (1080,1920,1) 1
013/014/im1.png (1080,1920,1) 1
013/014/im2.png (1080,1920,1) 1
013/014/im3.png (1080,1920,1) 1
013/014/im4.png (1080,1920,1) 1
013/014/im5.png (1080,1920,1) 1
013/014/im6.png (1080,1920,1) 1
013/014/im7.png (1080,1920,1) 1
013/014/im8.png (1080,1920,1) 1
013/014/im9.png (1080,1920,1) 1
013/014/im10.png (1080,1920,1) 1
013/014/im11.png (1080,1920,1) 1
013/014/im12.png (1080,1920,1) 1
013/014/im13.png (1080,1920,1) 1
013/014/im14.png (1080,1920,1) 1
013/014/im15.png (1080,1920,1) 1
013/015/im1.png (1080,1920,1) 1
013/015/im2.png (1080,1920,1) 1
013/015/im3.png (1080,1920,1) 1
013/015/im4.png (1080,1920,1) 1
013/015/im5.png (1080,1920,1) 1
013/015/im6.png (1080,1920,1) 1
013/015/im7.png (1080,1920,1) 1
013/015/im8.png (1080,1920,1) 1
013/015/im9.png (1080,1920,1) 1
013/015/im10.png (1080,1920,1) 1
013/015/im11.png (1080,1920,1) 1
013/015/im12.png (1080,1920,1) 1
013/015/im13.png (1080,1920,1) 1
013/015/im14.png (1080,1920,1) 1
013/015/im15.png (1080,1920,1) 1
013/016/im1.png (1080,1920,1) 1
013/016/im2.png (1080,1920,1) 1
013/016/im3.png (1080,1920,1) 1
013/016/im4.png (1080,1920,1) 1
013/016/im5.png (1080,1920,1) 1
013/016/im6.png (1080,1920,1) 1
013/016/im7.png (1080,1920,1) 1
013/016/im8.png (1080,1920,1) 1
013/016/im9.png (1080,1920,1) 1
013/016/im10.png (1080,1920,1) 1
013/016/im11.png (1080,1920,1) 1
013/016/im12.png (1080,1920,1) 1
013/016/im13.png (1080,1920,1) 1
013/016/im14.png (1080,1920,1) 1
013/016/im15.png (1080,1920,1) 1
013/017/im1.png (1080,1920,1) 1
013/017/im2.png (1080,1920,1) 1
013/017/im3.png (1080,1920,1) 1
013/017/im4.png (1080,1920,1) 1
013/017/im5.png (1080,1920,1) 1
013/017/im6.png (1080,1920,1) 1
013/017/im7.png (1080,1920,1) 1
013/017/im8.png (1080,1920,1) 1
013/017/im9.png (1080,1920,1) 1
013/017/im10.png (1080,1920,1) 1
013/017/im11.png (1080,1920,1) 1
013/017/im12.png (1080,1920,1) 1
013/017/im13.png (1080,1920,1) 1
013/017/im14.png (1080,1920,1) 1
013/017/im15.png (1080,1920,1) 1
013/018/im1.png (1080,1920,1) 1
013/018/im2.png (1080,1920,1) 1
013/018/im3.png (1080,1920,1) 1
013/018/im4.png (1080,1920,1) 1
013/018/im5.png (1080,1920,1) 1
013/018/im6.png (1080,1920,1) 1
013/018/im7.png (1080,1920,1) 1
013/018/im8.png (1080,1920,1) 1
013/018/im9.png (1080,1920,1) 1
013/018/im10.png (1080,1920,1) 1
013/018/im11.png (1080,1920,1) 1
013/018/im12.png (1080,1920,1) 1
013/018/im13.png (1080,1920,1) 1
013/018/im14.png (1080,1920,1) 1
013/018/im15.png (1080,1920,1) 1
013/019/im1.png (1080,1920,1) 1
013/019/im2.png (1080,1920,1) 1
013/019/im3.png (1080,1920,1) 1
013/019/im4.png (1080,1920,1) 1
013/019/im5.png (1080,1920,1) 1
013/019/im6.png (1080,1920,1) 1
013/019/im7.png (1080,1920,1) 1
013/019/im8.png (1080,1920,1) 1
013/019/im9.png (1080,1920,1) 1
013/019/im10.png (1080,1920,1) 1
013/019/im11.png (1080,1920,1) 1
013/019/im12.png (1080,1920,1) 1
013/019/im13.png (1080,1920,1) 1
013/019/im14.png (1080,1920,1) 1
013/019/im15.png (1080,1920,1) 1
013/020/im1.png (1080,1920,1) 1
013/020/im2.png (1080,1920,1) 1
013/020/im3.png (1080,1920,1) 1
013/020/im4.png (1080,1920,1) 1
013/020/im5.png (1080,1920,1) 1
013/020/im6.png (1080,1920,1) 1
013/020/im7.png (1080,1920,1) 1
013/020/im8.png (1080,1920,1) 1
013/020/im9.png (1080,1920,1) 1
013/020/im10.png (1080,1920,1) 1
013/020/im11.png (1080,1920,1) 1
013/020/im12.png (1080,1920,1) 1
013/020/im13.png (1080,1920,1) 1
013/020/im14.png (1080,1920,1) 1
013/020/im15.png (1080,1920,1) 1
014/001/im1.png (1080,1920,1) 1
014/001/im2.png (1080,1920,1) 1
014/001/im3.png (1080,1920,1) 1
014/001/im4.png (1080,1920,1) 1
014/001/im5.png (1080,1920,1) 1
014/001/im6.png (1080,1920,1) 1
014/001/im7.png (1080,1920,1) 1
014/001/im8.png (1080,1920,1) 1
014/001/im9.png (1080,1920,1) 1
014/001/im10.png (1080,1920,1) 1
014/001/im11.png (1080,1920,1) 1
014/001/im12.png (1080,1920,1) 1
014/001/im13.png (1080,1920,1) 1
014/001/im14.png (1080,1920,1) 1
014/001/im15.png (1080,1920,1) 1
014/002/im1.png (1080,1920,1) 1
014/002/im2.png (1080,1920,1) 1
014/002/im3.png (1080,1920,1) 1
014/002/im4.png (1080,1920,1) 1
014/002/im5.png (1080,1920,1) 1
014/002/im6.png (1080,1920,1) 1
014/002/im7.png (1080,1920,1) 1
014/002/im8.png (1080,1920,1) 1
014/002/im9.png (1080,1920,1) 1
014/002/im10.png (1080,1920,1) 1
014/002/im11.png (1080,1920,1) 1
014/002/im12.png (1080,1920,1) 1
014/002/im13.png (1080,1920,1) 1
014/002/im14.png (1080,1920,1) 1
014/002/im15.png (1080,1920,1) 1
014/003/im1.png (1080,1920,1) 1
014/003/im2.png (1080,1920,1) 1
014/003/im3.png (1080,1920,1) 1
014/003/im4.png (1080,1920,1) 1
014/003/im5.png (1080,1920,1) 1
014/003/im6.png (1080,1920,1) 1
014/003/im7.png (1080,1920,1) 1
014/003/im8.png (1080,1920,1) 1
014/003/im9.png (1080,1920,1) 1
014/003/im10.png (1080,1920,1) 1
014/003/im11.png (1080,1920,1) 1
014/003/im12.png (1080,1920,1) 1
014/003/im13.png (1080,1920,1) 1
014/003/im14.png (1080,1920,1) 1
014/003/im15.png (1080,1920,1) 1
014/004/im1.png (1080,1920,1) 1
014/004/im2.png (1080,1920,1) 1
014/004/im3.png (1080,1920,1) 1
014/004/im4.png (1080,1920,1) 1
014/004/im5.png (1080,1920,1) 1
014/004/im6.png (1080,1920,1) 1
014/004/im7.png (1080,1920,1) 1
014/004/im8.png (1080,1920,1) 1
014/004/im9.png (1080,1920,1) 1
014/004/im10.png (1080,1920,1) 1
014/004/im11.png (1080,1920,1) 1
014/004/im12.png (1080,1920,1) 1
014/004/im13.png (1080,1920,1) 1
014/004/im14.png (1080,1920,1) 1
014/004/im15.png (1080,1920,1) 1
014/005/im1.png (1080,1920,1) 1
014/005/im2.png (1080,1920,1) 1
014/005/im3.png (1080,1920,1) 1
014/005/im4.png (1080,1920,1) 1
014/005/im5.png (1080,1920,1) 1
014/005/im6.png (1080,1920,1) 1
014/005/im7.png (1080,1920,1) 1
014/005/im8.png (1080,1920,1) 1
014/005/im9.png (1080,1920,1) 1
014/005/im10.png (1080,1920,1) 1
014/005/im11.png (1080,1920,1) 1
014/005/im12.png (1080,1920,1) 1
014/005/im13.png (1080,1920,1) 1
014/005/im14.png (1080,1920,1) 1
014/005/im15.png (1080,1920,1) 1
014/006/im1.png (1080,1920,1) 1
014/006/im2.png (1080,1920,1) 1
014/006/im3.png (1080,1920,1) 1
014/006/im4.png (1080,1920,1) 1
014/006/im5.png (1080,1920,1) 1
014/006/im6.png (1080,1920,1) 1
014/006/im7.png (1080,1920,1) 1
014/006/im8.png (1080,1920,1) 1
014/006/im9.png (1080,1920,1) 1
014/006/im10.png (1080,1920,1) 1
014/006/im11.png (1080,1920,1) 1
014/006/im12.png (1080,1920,1) 1
014/006/im13.png (1080,1920,1) 1
014/006/im14.png (1080,1920,1) 1
014/006/im15.png (1080,1920,1) 1
014/007/im1.png (1080,1920,1) 1
014/007/im2.png (1080,1920,1) 1
014/007/im3.png (1080,1920,1) 1
014/007/im4.png (1080,1920,1) 1
014/007/im5.png (1080,1920,1) 1
014/007/im6.png (1080,1920,1) 1
014/007/im7.png (1080,1920,1) 1
014/007/im8.png (1080,1920,1) 1
014/007/im9.png (1080,1920,1) 1
014/007/im10.png (1080,1920,1) 1
014/007/im11.png (1080,1920,1) 1
014/007/im12.png (1080,1920,1) 1
014/007/im13.png (1080,1920,1) 1
014/007/im14.png (1080,1920,1) 1
014/007/im15.png (1080,1920,1) 1
014/008/im1.png (1080,1920,1) 1
014/008/im2.png (1080,1920,1) 1
014/008/im3.png (1080,1920,1) 1
014/008/im4.png (1080,1920,1) 1
014/008/im5.png (1080,1920,1) 1
014/008/im6.png (1080,1920,1) 1
014/008/im7.png (1080,1920,1) 1
014/008/im8.png (1080,1920,1) 1
014/008/im9.png (1080,1920,1) 1
014/008/im10.png (1080,1920,1) 1
014/008/im11.png (1080,1920,1) 1
014/008/im12.png (1080,1920,1) 1
014/008/im13.png (1080,1920,1) 1
014/008/im14.png (1080,1920,1) 1
014/008/im15.png (1080,1920,1) 1
014/009/im1.png (1080,1920,1) 1
014/009/im2.png (1080,1920,1) 1
014/009/im3.png (1080,1920,1) 1
014/009/im4.png (1080,1920,1) 1
014/009/im5.png (1080,1920,1) 1
014/009/im6.png (1080,1920,1) 1
014/009/im7.png (1080,1920,1) 1
014/009/im8.png (1080,1920,1) 1
014/009/im9.png (1080,1920,1) 1
014/009/im10.png (1080,1920,1) 1
014/009/im11.png (1080,1920,1) 1
014/009/im12.png (1080,1920,1) 1
014/009/im13.png (1080,1920,1) 1
014/009/im14.png (1080,1920,1) 1
014/009/im15.png (1080,1920,1) 1
014/010/im1.png (1080,1920,1) 1
014/010/im2.png (1080,1920,1) 1
014/010/im3.png (1080,1920,1) 1
014/010/im4.png (1080,1920,1) 1
014/010/im5.png (1080,1920,1) 1
014/010/im6.png (1080,1920,1) 1
014/010/im7.png (1080,1920,1) 1
014/010/im8.png (1080,1920,1) 1
014/010/im9.png (1080,1920,1) 1
014/010/im10.png (1080,1920,1) 1
014/010/im11.png (1080,1920,1) 1
014/010/im12.png (1080,1920,1) 1
014/010/im13.png (1080,1920,1) 1
014/010/im14.png (1080,1920,1) 1
014/010/im15.png (1080,1920,1) 1
014/011/im1.png (1080,1920,1) 1
014/011/im2.png (1080,1920,1) 1
014/011/im3.png (1080,1920,1) 1
014/011/im4.png (1080,1920,1) 1
014/011/im5.png (1080,1920,1) 1
014/011/im6.png (1080,1920,1) 1
014/011/im7.png (1080,1920,1) 1
014/011/im8.png (1080,1920,1) 1
014/011/im9.png (1080,1920,1) 1
014/011/im10.png (1080,1920,1) 1
014/011/im11.png (1080,1920,1) 1
014/011/im12.png (1080,1920,1) 1
014/011/im13.png (1080,1920,1) 1
014/011/im14.png (1080,1920,1) 1
014/011/im15.png (1080,1920,1) 1
014/012/im1.png (1080,1920,1) 1
014/012/im2.png (1080,1920,1) 1
014/012/im3.png (1080,1920,1) 1
014/012/im4.png (1080,1920,1) 1
014/012/im5.png (1080,1920,1) 1
014/012/im6.png (1080,1920,1) 1
014/012/im7.png (1080,1920,1) 1
014/012/im8.png (1080,1920,1) 1
014/012/im9.png (1080,1920,1) 1
014/012/im10.png (1080,1920,1) 1
014/012/im11.png (1080,1920,1) 1
014/012/im12.png (1080,1920,1) 1
014/012/im13.png (1080,1920,1) 1
014/012/im14.png (1080,1920,1) 1
014/012/im15.png (1080,1920,1) 1
014/013/im1.png (1080,1920,1) 1
014/013/im2.png (1080,1920,1) 1
014/013/im3.png (1080,1920,1) 1
014/013/im4.png (1080,1920,1) 1
014/013/im5.png (1080,1920,1) 1
014/013/im6.png (1080,1920,1) 1
014/013/im7.png (1080,1920,1) 1
014/013/im8.png (1080,1920,1) 1
014/013/im9.png (1080,1920,1) 1
014/013/im10.png (1080,1920,1) 1
014/013/im11.png (1080,1920,1) 1
014/013/im12.png (1080,1920,1) 1
014/013/im13.png (1080,1920,1) 1
014/013/im14.png (1080,1920,1) 1
014/013/im15.png (1080,1920,1) 1
014/014/im1.png (1080,1920,1) 1
014/014/im2.png (1080,1920,1) 1
014/014/im3.png (1080,1920,1) 1
014/014/im4.png (1080,1920,1) 1
014/014/im5.png (1080,1920,1) 1
014/014/im6.png (1080,1920,1) 1
014/014/im7.png (1080,1920,1) 1
014/014/im8.png (1080,1920,1) 1
014/014/im9.png (1080,1920,1) 1
014/014/im10.png (1080,1920,1) 1
014/014/im11.png (1080,1920,1) 1
014/014/im12.png (1080,1920,1) 1
014/014/im13.png (1080,1920,1) 1
014/014/im14.png (1080,1920,1) 1
014/014/im15.png (1080,1920,1) 1
015/001/im1.png (1080,1920,1) 1
015/001/im2.png (1080,1920,1) 1
015/001/im3.png (1080,1920,1) 1
015/001/im4.png (1080,1920,1) 1
015/001/im5.png (1080,1920,1) 1
015/001/im6.png (1080,1920,1) 1
015/001/im7.png (1080,1920,1) 1
015/001/im8.png (1080,1920,1) 1
015/001/im9.png (1080,1920,1) 1
015/001/im10.png (1080,1920,1) 1
015/001/im11.png (1080,1920,1) 1
015/001/im12.png (1080,1920,1) 1
015/001/im13.png (1080,1920,1) 1
015/001/im14.png (1080,1920,1) 1
015/001/im15.png (1080,1920,1) 1
015/002/im1.png (1080,1920,1) 1
015/002/im2.png (1080,1920,1) 1
015/002/im3.png (1080,1920,1) 1
015/002/im4.png (1080,1920,1) 1
015/002/im5.png (1080,1920,1) 1
015/002/im6.png (1080,1920,1) 1
015/002/im7.png (1080,1920,1) 1
015/002/im8.png (1080,1920,1) 1
015/002/im9.png (1080,1920,1) 1
015/002/im10.png (1080,1920,1) 1
015/002/im11.png (1080,1920,1) 1
015/002/im12.png (1080,1920,1) 1
015/002/im13.png (1080,1920,1) 1
015/002/im14.png (1080,1920,1) 1
015/002/im15.png (1080,1920,1) 1
015/003/im1.png (1080,1920,1) 1
015/003/im2.png (1080,1920,1) 1
015/003/im3.png (1080,1920,1) 1
015/003/im4.png (1080,1920,1) 1
015/003/im5.png (1080,1920,1) 1
015/003/im6.png (1080,1920,1) 1
015/003/im7.png (1080,1920,1) 1
015/003/im8.png (1080,1920,1) 1
015/003/im9.png (1080,1920,1) 1
015/003/im10.png (1080,1920,1) 1
015/003/im11.png (1080,1920,1) 1
015/003/im12.png (1080,1920,1) 1
015/003/im13.png (1080,1920,1) 1
015/003/im14.png (1080,1920,1) 1
015/003/im15.png (1080,1920,1) 1
015/004/im1.png (1080,1920,1) 1
015/004/im2.png (1080,1920,1) 1
015/004/im3.png (1080,1920,1) 1
015/004/im4.png (1080,1920,1) 1
015/004/im5.png (1080,1920,1) 1
015/004/im6.png (1080,1920,1) 1
015/004/im7.png (1080,1920,1) 1
015/004/im8.png (1080,1920,1) 1
015/004/im9.png (1080,1920,1) 1
015/004/im10.png (1080,1920,1) 1
015/004/im11.png (1080,1920,1) 1
015/004/im12.png (1080,1920,1) 1
015/004/im13.png (1080,1920,1) 1
015/004/im14.png (1080,1920,1) 1
015/004/im15.png (1080,1920,1) 1
015/005/im1.png (1080,1920,1) 1
015/005/im2.png (1080,1920,1) 1
015/005/im3.png (1080,1920,1) 1
015/005/im4.png (1080,1920,1) 1
015/005/im5.png (1080,1920,1) 1
015/005/im6.png (1080,1920,1) 1
015/005/im7.png (1080,1920,1) 1
015/005/im8.png (1080,1920,1) 1
015/005/im9.png (1080,1920,1) 1
015/005/im10.png (1080,1920,1) 1
015/005/im11.png (1080,1920,1) 1
015/005/im12.png (1080,1920,1) 1
015/005/im13.png (1080,1920,1) 1
015/005/im14.png (1080,1920,1) 1
015/005/im15.png (1080,1920,1) 1
015/006/im1.png (1080,1920,1) 1
015/006/im2.png (1080,1920,1) 1
015/006/im3.png (1080,1920,1) 1
015/006/im4.png (1080,1920,1) 1
015/006/im5.png (1080,1920,1) 1
015/006/im6.png (1080,1920,1) 1
015/006/im7.png (1080,1920,1) 1
015/006/im8.png (1080,1920,1) 1
015/006/im9.png (1080,1920,1) 1
015/006/im10.png (1080,1920,1) 1
015/006/im11.png (1080,1920,1) 1
015/006/im12.png (1080,1920,1) 1
015/006/im13.png (1080,1920,1) 1
015/006/im14.png (1080,1920,1) 1
015/006/im15.png (1080,1920,1) 1
015/007/im1.png (1080,1920,1) 1
015/007/im2.png (1080,1920,1) 1
015/007/im3.png (1080,1920,1) 1
015/007/im4.png (1080,1920,1) 1
015/007/im5.png (1080,1920,1) 1
015/007/im6.png (1080,1920,1) 1
015/007/im7.png (1080,1920,1) 1
015/007/im8.png (1080,1920,1) 1
015/007/im9.png (1080,1920,1) 1
015/007/im10.png (1080,1920,1) 1
015/007/im11.png (1080,1920,1) 1
015/007/im12.png (1080,1920,1) 1
015/007/im13.png (1080,1920,1) 1
015/007/im14.png (1080,1920,1) 1
015/007/im15.png (1080,1920,1) 1
015/008/im1.png (1080,1920,1) 1
015/008/im2.png (1080,1920,1) 1
015/008/im3.png (1080,1920,1) 1
015/008/im4.png (1080,1920,1) 1
015/008/im5.png (1080,1920,1) 1
015/008/im6.png (1080,1920,1) 1
015/008/im7.png (1080,1920,1) 1
015/008/im8.png (1080,1920,1) 1
015/008/im9.png (1080,1920,1) 1
015/008/im10.png (1080,1920,1) 1
015/008/im11.png (1080,1920,1) 1
015/008/im12.png (1080,1920,1) 1
015/008/im13.png (1080,1920,1) 1
015/008/im14.png (1080,1920,1) 1
015/008/im15.png (1080,1920,1) 1
015/009/im1.png (1080,1920,1) 1
015/009/im2.png (1080,1920,1) 1
015/009/im3.png (1080,1920,1) 1
015/009/im4.png (1080,1920,1) 1
015/009/im5.png (1080,1920,1) 1
015/009/im6.png (1080,1920,1) 1
015/009/im7.png (1080,1920,1) 1
015/009/im8.png (1080,1920,1) 1
015/009/im9.png (1080,1920,1) 1
015/009/im10.png (1080,1920,1) 1
015/009/im11.png (1080,1920,1) 1
015/009/im12.png (1080,1920,1) 1
015/009/im13.png (1080,1920,1) 1
015/009/im14.png (1080,1920,1) 1
015/009/im15.png (1080,1920,1) 1
015/010/im1.png (1080,1920,1) 1
015/010/im2.png (1080,1920,1) 1
015/010/im3.png (1080,1920,1) 1
015/010/im4.png (1080,1920,1) 1
015/010/im5.png (1080,1920,1) 1
015/010/im6.png (1080,1920,1) 1
015/010/im7.png (1080,1920,1) 1
015/010/im8.png (1080,1920,1) 1
015/010/im9.png (1080,1920,1) 1
015/010/im10.png (1080,1920,1) 1
015/010/im11.png (1080,1920,1) 1
015/010/im12.png (1080,1920,1) 1
015/010/im13.png (1080,1920,1) 1
015/010/im14.png (1080,1920,1) 1
015/010/im15.png (1080,1920,1) 1
015/011/im1.png (1080,1920,1) 1
015/011/im2.png (1080,1920,1) 1
015/011/im3.png (1080,1920,1) 1
015/011/im4.png (1080,1920,1) 1
015/011/im5.png (1080,1920,1) 1
015/011/im6.png (1080,1920,1) 1
015/011/im7.png (1080,1920,1) 1
015/011/im8.png (1080,1920,1) 1
015/011/im9.png (1080,1920,1) 1
015/011/im10.png (1080,1920,1) 1
015/011/im11.png (1080,1920,1) 1
015/011/im12.png (1080,1920,1) 1
015/011/im13.png (1080,1920,1) 1
015/011/im14.png (1080,1920,1) 1
015/011/im15.png (1080,1920,1) 1
015/012/im1.png (1080,1920,1) 1
015/012/im2.png (1080,1920,1) 1
015/012/im3.png (1080,1920,1) 1
015/012/im4.png (1080,1920,1) 1
015/012/im5.png (1080,1920,1) 1
015/012/im6.png (1080,1920,1) 1
015/012/im7.png (1080,1920,1) 1
015/012/im8.png (1080,1920,1) 1
015/012/im9.png (1080,1920,1) 1
015/012/im10.png (1080,1920,1) 1
015/012/im11.png (1080,1920,1) 1
015/012/im12.png (1080,1920,1) 1
015/012/im13.png (1080,1920,1) 1
015/012/im14.png (1080,1920,1) 1
015/012/im15.png (1080,1920,1) 1
015/013/im1.png (1080,1920,1) 1
015/013/im2.png (1080,1920,1) 1
015/013/im3.png (1080,1920,1) 1
015/013/im4.png (1080,1920,1) 1
015/013/im5.png (1080,1920,1) 1
015/013/im6.png (1080,1920,1) 1
015/013/im7.png (1080,1920,1) 1
015/013/im8.png (1080,1920,1) 1
015/013/im9.png (1080,1920,1) 1
015/013/im10.png (1080,1920,1) 1
015/013/im11.png (1080,1920,1) 1
015/013/im12.png (1080,1920,1) 1
015/013/im13.png (1080,1920,1) 1
015/013/im14.png (1080,1920,1) 1
015/013/im15.png (1080,1920,1) 1
015/014/im1.png (1080,1920,1) 1
015/014/im2.png (1080,1920,1) 1
015/014/im3.png (1080,1920,1) 1
015/014/im4.png (1080,1920,1) 1
015/014/im5.png (1080,1920,1) 1
015/014/im6.png (1080,1920,1) 1
015/014/im7.png (1080,1920,1) 1
015/014/im8.png (1080,1920,1) 1
015/014/im9.png (1080,1920,1) 1
015/014/im10.png (1080,1920,1) 1
015/014/im11.png (1080,1920,1) 1
015/014/im12.png (1080,1920,1) 1
015/014/im13.png (1080,1920,1) 1
015/014/im14.png (1080,1920,1) 1
015/014/im15.png (1080,1920,1) 1
015/015/im1.png (1080,1920,1) 1
015/015/im2.png (1080,1920,1) 1
015/015/im3.png (1080,1920,1) 1
015/015/im4.png (1080,1920,1) 1
015/015/im5.png (1080,1920,1) 1
015/015/im6.png (1080,1920,1) 1
015/015/im7.png (1080,1920,1) 1
015/015/im8.png (1080,1920,1) 1
015/015/im9.png (1080,1920,1) 1
015/015/im10.png (1080,1920,1) 1
015/015/im11.png (1080,1920,1) 1
015/015/im12.png (1080,1920,1) 1
015/015/im13.png (1080,1920,1) 1
015/015/im14.png (1080,1920,1) 1
015/015/im15.png (1080,1920,1) 1
015/016/im1.png (1080,1920,1) 1
015/016/im2.png (1080,1920,1) 1
015/016/im3.png (1080,1920,1) 1
015/016/im4.png (1080,1920,1) 1
015/016/im5.png (1080,1920,1) 1
015/016/im6.png (1080,1920,1) 1
015/016/im7.png (1080,1920,1) 1
015/016/im8.png (1080,1920,1) 1
015/016/im9.png (1080,1920,1) 1
015/016/im10.png (1080,1920,1) 1
015/016/im11.png (1080,1920,1) 1
015/016/im12.png (1080,1920,1) 1
015/016/im13.png (1080,1920,1) 1
015/016/im14.png (1080,1920,1) 1
015/016/im15.png (1080,1920,1) 1
015/017/im1.png (1080,1920,1) 1
015/017/im2.png (1080,1920,1) 1
015/017/im3.png (1080,1920,1) 1
015/017/im4.png (1080,1920,1) 1
015/017/im5.png (1080,1920,1) 1
015/017/im6.png (1080,1920,1) 1
015/017/im7.png (1080,1920,1) 1
015/017/im8.png (1080,1920,1) 1
015/017/im9.png (1080,1920,1) 1
015/017/im10.png (1080,1920,1) 1
015/017/im11.png (1080,1920,1) 1
015/017/im12.png (1080,1920,1) 1
015/017/im13.png (1080,1920,1) 1
015/017/im14.png (1080,1920,1) 1
015/017/im15.png (1080,1920,1) 1
015/018/im1.png (1080,1920,1) 1
015/018/im2.png (1080,1920,1) 1
015/018/im3.png (1080,1920,1) 1
015/018/im4.png (1080,1920,1) 1
015/018/im5.png (1080,1920,1) 1
015/018/im6.png (1080,1920,1) 1
015/018/im7.png (1080,1920,1) 1
015/018/im8.png (1080,1920,1) 1
015/018/im9.png (1080,1920,1) 1
015/018/im10.png (1080,1920,1) 1
015/018/im11.png (1080,1920,1) 1
015/018/im12.png (1080,1920,1) 1
015/018/im13.png (1080,1920,1) 1
015/018/im14.png (1080,1920,1) 1
015/018/im15.png (1080,1920,1) 1
015/019/im1.png (1080,1920,1) 1
015/019/im2.png (1080,1920,1) 1
015/019/im3.png (1080,1920,1) 1
015/019/im4.png (1080,1920,1) 1
015/019/im5.png (1080,1920,1) 1
015/019/im6.png (1080,1920,1) 1
015/019/im7.png (1080,1920,1) 1
015/019/im8.png (1080,1920,1) 1
015/019/im9.png (1080,1920,1) 1
015/019/im10.png (1080,1920,1) 1
015/019/im11.png (1080,1920,1) 1
015/019/im12.png (1080,1920,1) 1
015/019/im13.png (1080,1920,1) 1
015/019/im14.png (1080,1920,1) 1
015/019/im15.png (1080,1920,1) 1
015/020/im1.png (1080,1920,1) 1
015/020/im2.png (1080,1920,1) 1
015/020/im3.png (1080,1920,1) 1
015/020/im4.png (1080,1920,1) 1
015/020/im5.png (1080,1920,1) 1
015/020/im6.png (1080,1920,1) 1
015/020/im7.png (1080,1920,1) 1
015/020/im8.png (1080,1920,1) 1
015/020/im9.png (1080,1920,1) 1
015/020/im10.png (1080,1920,1) 1
015/020/im11.png (1080,1920,1) 1
015/020/im12.png (1080,1920,1) 1
015/020/im13.png (1080,1920,1) 1
015/020/im14.png (1080,1920,1) 1
015/020/im15.png (1080,1920,1) 1
016/001/im1.png (1080,1920,1) 1
016/001/im2.png (1080,1920,1) 1
016/001/im3.png (1080,1920,1) 1
016/001/im4.png (1080,1920,1) 1
016/001/im5.png (1080,1920,1) 1
016/001/im6.png (1080,1920,1) 1
016/001/im7.png (1080,1920,1) 1
016/001/im8.png (1080,1920,1) 1
016/001/im9.png (1080,1920,1) 1
016/001/im10.png (1080,1920,1) 1
016/001/im11.png (1080,1920,1) 1
016/001/im12.png (1080,1920,1) 1
016/001/im13.png (1080,1920,1) 1
016/001/im14.png (1080,1920,1) 1
016/001/im15.png (1080,1920,1) 1
016/002/im1.png (1080,1920,1) 1
016/002/im2.png (1080,1920,1) 1
016/002/im3.png (1080,1920,1) 1
016/002/im4.png (1080,1920,1) 1
016/002/im5.png (1080,1920,1) 1
016/002/im6.png (1080,1920,1) 1
016/002/im7.png (1080,1920,1) 1
016/002/im8.png (1080,1920,1) 1
016/002/im9.png (1080,1920,1) 1
016/002/im10.png (1080,1920,1) 1
016/002/im11.png (1080,1920,1) 1
016/002/im12.png (1080,1920,1) 1
016/002/im13.png (1080,1920,1) 1
016/002/im14.png (1080,1920,1) 1
016/002/im15.png (1080,1920,1) 1
016/003/im1.png (1080,1920,1) 1
016/003/im2.png (1080,1920,1) 1
016/003/im3.png (1080,1920,1) 1
016/003/im4.png (1080,1920,1) 1
016/003/im5.png (1080,1920,1) 1
016/003/im6.png (1080,1920,1) 1
016/003/im7.png (1080,1920,1) 1
016/003/im8.png (1080,1920,1) 1
016/003/im9.png (1080,1920,1) 1
016/003/im10.png (1080,1920,1) 1
016/003/im11.png (1080,1920,1) 1
016/003/im12.png (1080,1920,1) 1
016/003/im13.png (1080,1920,1) 1
016/003/im14.png (1080,1920,1) 1
016/003/im15.png (1080,1920,1) 1
016/004/im1.png (1080,1920,1) 1
016/004/im2.png (1080,1920,1) 1
016/004/im3.png (1080,1920,1) 1
016/004/im4.png (1080,1920,1) 1
016/004/im5.png (1080,1920,1) 1
016/004/im6.png (1080,1920,1) 1
016/004/im7.png (1080,1920,1) 1
016/004/im8.png (1080,1920,1) 1
016/004/im9.png (1080,1920,1) 1
016/004/im10.png (1080,1920,1) 1
016/004/im11.png (1080,1920,1) 1
016/004/im12.png (1080,1920,1) 1
016/004/im13.png (1080,1920,1) 1
016/004/im14.png (1080,1920,1) 1
016/004/im15.png (1080,1920,1) 1
016/005/im1.png (1080,1920,1) 1
016/005/im2.png (1080,1920,1) 1
016/005/im3.png (1080,1920,1) 1
016/005/im4.png (1080,1920,1) 1
016/005/im5.png (1080,1920,1) 1
016/005/im6.png (1080,1920,1) 1
016/005/im7.png (1080,1920,1) 1
016/005/im8.png (1080,1920,1) 1
016/005/im9.png (1080,1920,1) 1
016/005/im10.png (1080,1920,1) 1
016/005/im11.png (1080,1920,1) 1
016/005/im12.png (1080,1920,1) 1
016/005/im13.png (1080,1920,1) 1
016/005/im14.png (1080,1920,1) 1
016/005/im15.png (1080,1920,1) 1
016/006/im1.png (1080,1920,1) 1
016/006/im2.png (1080,1920,1) 1
016/006/im3.png (1080,1920,1) 1
016/006/im4.png (1080,1920,1) 1
016/006/im5.png (1080,1920,1) 1
016/006/im6.png (1080,1920,1) 1
016/006/im7.png (1080,1920,1) 1
016/006/im8.png (1080,1920,1) 1
016/006/im9.png (1080,1920,1) 1
016/006/im10.png (1080,1920,1) 1
016/006/im11.png (1080,1920,1) 1
016/006/im12.png (1080,1920,1) 1
016/006/im13.png (1080,1920,1) 1
016/006/im14.png (1080,1920,1) 1
016/006/im15.png (1080,1920,1) 1
016/007/im1.png (1080,1920,1) 1
016/007/im2.png (1080,1920,1) 1
016/007/im3.png (1080,1920,1) 1
016/007/im4.png (1080,1920,1) 1
016/007/im5.png (1080,1920,1) 1
016/007/im6.png (1080,1920,1) 1
016/007/im7.png (1080,1920,1) 1
016/007/im8.png (1080,1920,1) 1
016/007/im9.png (1080,1920,1) 1
016/007/im10.png (1080,1920,1) 1
016/007/im11.png (1080,1920,1) 1
016/007/im12.png (1080,1920,1) 1
016/007/im13.png (1080,1920,1) 1
016/007/im14.png (1080,1920,1) 1
016/007/im15.png (1080,1920,1) 1
016/008/im1.png (1080,1920,1) 1
016/008/im2.png (1080,1920,1) 1
016/008/im3.png (1080,1920,1) 1
016/008/im4.png (1080,1920,1) 1
016/008/im5.png (1080,1920,1) 1
016/008/im6.png (1080,1920,1) 1
016/008/im7.png (1080,1920,1) 1
016/008/im8.png (1080,1920,1) 1
016/008/im9.png (1080,1920,1) 1
016/008/im10.png (1080,1920,1) 1
016/008/im11.png (1080,1920,1) 1
016/008/im12.png (1080,1920,1) 1
016/008/im13.png (1080,1920,1) 1
016/008/im14.png (1080,1920,1) 1
016/008/im15.png (1080,1920,1) 1
016/009/im1.png (1080,1920,1) 1
016/009/im2.png (1080,1920,1) 1
016/009/im3.png (1080,1920,1) 1
016/009/im4.png (1080,1920,1) 1
016/009/im5.png (1080,1920,1) 1
016/009/im6.png (1080,1920,1) 1
016/009/im7.png (1080,1920,1) 1
016/009/im8.png (1080,1920,1) 1
016/009/im9.png (1080,1920,1) 1
016/009/im10.png (1080,1920,1) 1
016/009/im11.png (1080,1920,1) 1
016/009/im12.png (1080,1920,1) 1
016/009/im13.png (1080,1920,1) 1
016/009/im14.png (1080,1920,1) 1
016/009/im15.png (1080,1920,1) 1
016/010/im1.png (1080,1920,1) 1
016/010/im2.png (1080,1920,1) 1
016/010/im3.png (1080,1920,1) 1
016/010/im4.png (1080,1920,1) 1
016/010/im5.png (1080,1920,1) 1
016/010/im6.png (1080,1920,1) 1
016/010/im7.png (1080,1920,1) 1
016/010/im8.png (1080,1920,1) 1
016/010/im9.png (1080,1920,1) 1
016/010/im10.png (1080,1920,1) 1
016/010/im11.png (1080,1920,1) 1
016/010/im12.png (1080,1920,1) 1
016/010/im13.png (1080,1920,1) 1
016/010/im14.png (1080,1920,1) 1
016/010/im15.png (1080,1920,1) 1
016/011/im1.png (1080,1920,1) 1
016/011/im2.png (1080,1920,1) 1
016/011/im3.png (1080,1920,1) 1
016/011/im4.png (1080,1920,1) 1
016/011/im5.png (1080,1920,1) 1
016/011/im6.png (1080,1920,1) 1
016/011/im7.png (1080,1920,1) 1
016/011/im8.png (1080,1920,1) 1
016/011/im9.png (1080,1920,1) 1
016/011/im10.png (1080,1920,1) 1
016/011/im11.png (1080,1920,1) 1
016/011/im12.png (1080,1920,1) 1
016/011/im13.png (1080,1920,1) 1
016/011/im14.png (1080,1920,1) 1
016/011/im15.png (1080,1920,1) 1
016/012/im1.png (1080,1920,1) 1
016/012/im2.png (1080,1920,1) 1
016/012/im3.png (1080,1920,1) 1
016/012/im4.png (1080,1920,1) 1
016/012/im5.png (1080,1920,1) 1
016/012/im6.png (1080,1920,1) 1
016/012/im7.png (1080,1920,1) 1
016/012/im8.png (1080,1920,1) 1
016/012/im9.png (1080,1920,1) 1
016/012/im10.png (1080,1920,1) 1
016/012/im11.png (1080,1920,1) 1
016/012/im12.png (1080,1920,1) 1
016/012/im13.png (1080,1920,1) 1
016/012/im14.png (1080,1920,1) 1
016/012/im15.png (1080,1920,1) 1
016/013/im1.png (1080,1920,1) 1
016/013/im2.png (1080,1920,1) 1
016/013/im3.png (1080,1920,1) 1
016/013/im4.png (1080,1920,1) 1
016/013/im5.png (1080,1920,1) 1
016/013/im6.png (1080,1920,1) 1
016/013/im7.png (1080,1920,1) 1
016/013/im8.png (1080,1920,1) 1
016/013/im9.png (1080,1920,1) 1
016/013/im10.png (1080,1920,1) 1
016/013/im11.png (1080,1920,1) 1
016/013/im12.png (1080,1920,1) 1
016/013/im13.png (1080,1920,1) 1
016/013/im14.png (1080,1920,1) 1
016/013/im15.png (1080,1920,1) 1
016/014/im1.png (1080,1920,1) 1
016/014/im2.png (1080,1920,1) 1
016/014/im3.png (1080,1920,1) 1
016/014/im4.png (1080,1920,1) 1
016/014/im5.png (1080,1920,1) 1
016/014/im6.png (1080,1920,1) 1
016/014/im7.png (1080,1920,1) 1
016/014/im8.png (1080,1920,1) 1
016/014/im9.png (1080,1920,1) 1
016/014/im10.png (1080,1920,1) 1
016/014/im11.png (1080,1920,1) 1
016/014/im12.png (1080,1920,1) 1
016/014/im13.png (1080,1920,1) 1
016/014/im14.png (1080,1920,1) 1
016/014/im15.png (1080,1920,1) 1
016/015/im1.png (1080,1920,1) 1
016/015/im2.png (1080,1920,1) 1
016/015/im3.png (1080,1920,1) 1
016/015/im4.png (1080,1920,1) 1
016/015/im5.png (1080,1920,1) 1
016/015/im6.png (1080,1920,1) 1
016/015/im7.png (1080,1920,1) 1
016/015/im8.png (1080,1920,1) 1
016/015/im9.png (1080,1920,1) 1
016/015/im10.png (1080,1920,1) 1
016/015/im11.png (1080,1920,1) 1
016/015/im12.png (1080,1920,1) 1
016/015/im13.png (1080,1920,1) 1
016/015/im14.png (1080,1920,1) 1
016/015/im15.png (1080,1920,1) 1
016/016/im1.png (1080,1920,1) 1
016/016/im2.png (1080,1920,1) 1
016/016/im3.png (1080,1920,1) 1
016/016/im4.png (1080,1920,1) 1
016/016/im5.png (1080,1920,1) 1
016/016/im6.png (1080,1920,1) 1
016/016/im7.png (1080,1920,1) 1
016/016/im8.png (1080,1920,1) 1
016/016/im9.png (1080,1920,1) 1
016/016/im10.png (1080,1920,1) 1
016/016/im11.png (1080,1920,1) 1
016/016/im12.png (1080,1920,1) 1
016/016/im13.png (1080,1920,1) 1
016/016/im14.png (1080,1920,1) 1
016/016/im15.png (1080,1920,1) 1
016/017/im1.png (1080,1920,1) 1
016/017/im2.png (1080,1920,1) 1
016/017/im3.png (1080,1920,1) 1
016/017/im4.png (1080,1920,1) 1
016/017/im5.png (1080,1920,1) 1
016/017/im6.png (1080,1920,1) 1
016/017/im7.png (1080,1920,1) 1
016/017/im8.png (1080,1920,1) 1
016/017/im9.png (1080,1920,1) 1
016/017/im10.png (1080,1920,1) 1
016/017/im11.png (1080,1920,1) 1
016/017/im12.png (1080,1920,1) 1
016/017/im13.png (1080,1920,1) 1
016/017/im14.png (1080,1920,1) 1
016/017/im15.png (1080,1920,1) 1
016/018/im1.png (1080,1920,1) 1
016/018/im2.png (1080,1920,1) 1
016/018/im3.png (1080,1920,1) 1
016/018/im4.png (1080,1920,1) 1
016/018/im5.png (1080,1920,1) 1
016/018/im6.png (1080,1920,1) 1
016/018/im7.png (1080,1920,1) 1
016/018/im8.png (1080,1920,1) 1
016/018/im9.png (1080,1920,1) 1
016/018/im10.png (1080,1920,1) 1
016/018/im11.png (1080,1920,1) 1
016/018/im12.png (1080,1920,1) 1
016/018/im13.png (1080,1920,1) 1
016/018/im14.png (1080,1920,1) 1
016/018/im15.png (1080,1920,1) 1
016/019/im1.png (1080,1920,1) 1
016/019/im2.png (1080,1920,1) 1
016/019/im3.png (1080,1920,1) 1
016/019/im4.png (1080,1920,1) 1
016/019/im5.png (1080,1920,1) 1
016/019/im6.png (1080,1920,1) 1
016/019/im7.png (1080,1920,1) 1
016/019/im8.png (1080,1920,1) 1
016/019/im9.png (1080,1920,1) 1
016/019/im10.png (1080,1920,1) 1
016/019/im11.png (1080,1920,1) 1
016/019/im12.png (1080,1920,1) 1
016/019/im13.png (1080,1920,1) 1
016/019/im14.png (1080,1920,1) 1
016/019/im15.png (1080,1920,1) 1
016/020/im1.png (1080,1920,1) 1
016/020/im2.png (1080,1920,1) 1
016/020/im3.png (1080,1920,1) 1
016/020/im4.png (1080,1920,1) 1
016/020/im5.png (1080,1920,1) 1
016/020/im6.png (1080,1920,1) 1
016/020/im7.png (1080,1920,1) 1
016/020/im8.png (1080,1920,1) 1
016/020/im9.png (1080,1920,1) 1
016/020/im10.png (1080,1920,1) 1
016/020/im11.png (1080,1920,1) 1
016/020/im12.png (1080,1920,1) 1
016/020/im13.png (1080,1920,1) 1
016/020/im14.png (1080,1920,1) 1
016/020/im15.png (1080,1920,1) 1
017/001/im1.png (1080,1920,1) 1
017/001/im2.png (1080,1920,1) 1
017/001/im3.png (1080,1920,1) 1
017/001/im4.png (1080,1920,1) 1
017/001/im5.png (1080,1920,1) 1
017/001/im6.png (1080,1920,1) 1
017/001/im7.png (1080,1920,1) 1
017/001/im8.png (1080,1920,1) 1
017/001/im9.png (1080,1920,1) 1
017/001/im10.png (1080,1920,1) 1
017/001/im11.png (1080,1920,1) 1
017/001/im12.png (1080,1920,1) 1
017/001/im13.png (1080,1920,1) 1
017/001/im14.png (1080,1920,1) 1
017/001/im15.png (1080,1920,1) 1
017/002/im1.png (1080,1920,1) 1
017/002/im2.png (1080,1920,1) 1
017/002/im3.png (1080,1920,1) 1
017/002/im4.png (1080,1920,1) 1
017/002/im5.png (1080,1920,1) 1
017/002/im6.png (1080,1920,1) 1
017/002/im7.png (1080,1920,1) 1
017/002/im8.png (1080,1920,1) 1
017/002/im9.png (1080,1920,1) 1
017/002/im10.png (1080,1920,1) 1
017/002/im11.png (1080,1920,1) 1
017/002/im12.png (1080,1920,1) 1
017/002/im13.png (1080,1920,1) 1
017/002/im14.png (1080,1920,1) 1
017/002/im15.png (1080,1920,1) 1
017/003/im1.png (1080,1920,1) 1
017/003/im2.png (1080,1920,1) 1
017/003/im3.png (1080,1920,1) 1
017/003/im4.png (1080,1920,1) 1
017/003/im5.png (1080,1920,1) 1
017/003/im6.png (1080,1920,1) 1
017/003/im7.png (1080,1920,1) 1
017/003/im8.png (1080,1920,1) 1
017/003/im9.png (1080,1920,1) 1
017/003/im10.png (1080,1920,1) 1
017/003/im11.png (1080,1920,1) 1
017/003/im12.png (1080,1920,1) 1
017/003/im13.png (1080,1920,1) 1
017/003/im14.png (1080,1920,1) 1
017/003/im15.png (1080,1920,1) 1
017/004/im1.png (1080,1920,1) 1
017/004/im2.png (1080,1920,1) 1
017/004/im3.png (1080,1920,1) 1
017/004/im4.png (1080,1920,1) 1
017/004/im5.png (1080,1920,1) 1
017/004/im6.png (1080,1920,1) 1
017/004/im7.png (1080,1920,1) 1
017/004/im8.png (1080,1920,1) 1
017/004/im9.png (1080,1920,1) 1
017/004/im10.png (1080,1920,1) 1
017/004/im11.png (1080,1920,1) 1
017/004/im12.png (1080,1920,1) 1
017/004/im13.png (1080,1920,1) 1
017/004/im14.png (1080,1920,1) 1
017/004/im15.png (1080,1920,1) 1
017/005/im1.png (1080,1920,1) 1
017/005/im2.png (1080,1920,1) 1
017/005/im3.png (1080,1920,1) 1
017/005/im4.png (1080,1920,1) 1
017/005/im5.png (1080,1920,1) 1
017/005/im6.png (1080,1920,1) 1
017/005/im7.png (1080,1920,1) 1
017/005/im8.png (1080,1920,1) 1
017/005/im9.png (1080,1920,1) 1
017/005/im10.png (1080,1920,1) 1
017/005/im11.png (1080,1920,1) 1
017/005/im12.png (1080,1920,1) 1
017/005/im13.png (1080,1920,1) 1
017/005/im14.png (1080,1920,1) 1
017/005/im15.png (1080,1920,1) 1
017/006/im1.png (1080,1920,1) 1
017/006/im2.png (1080,1920,1) 1
017/006/im3.png (1080,1920,1) 1
017/006/im4.png (1080,1920,1) 1
017/006/im5.png (1080,1920,1) 1
017/006/im6.png (1080,1920,1) 1
017/006/im7.png (1080,1920,1) 1
017/006/im8.png (1080,1920,1) 1
017/006/im9.png (1080,1920,1) 1
017/006/im10.png (1080,1920,1) 1
017/006/im11.png (1080,1920,1) 1
017/006/im12.png (1080,1920,1) 1
017/006/im13.png (1080,1920,1) 1
017/006/im14.png (1080,1920,1) 1
017/006/im15.png (1080,1920,1) 1
017/007/im1.png (1080,1920,1) 1
017/007/im2.png (1080,1920,1) 1
017/007/im3.png (1080,1920,1) 1
017/007/im4.png (1080,1920,1) 1
017/007/im5.png (1080,1920,1) 1
017/007/im6.png (1080,1920,1) 1
017/007/im7.png (1080,1920,1) 1
017/007/im8.png (1080,1920,1) 1
017/007/im9.png (1080,1920,1) 1
017/007/im10.png (1080,1920,1) 1
017/007/im11.png (1080,1920,1) 1
017/007/im12.png (1080,1920,1) 1
017/007/im13.png (1080,1920,1) 1
017/007/im14.png (1080,1920,1) 1
017/007/im15.png (1080,1920,1) 1
017/008/im1.png (1080,1920,1) 1
017/008/im2.png (1080,1920,1) 1
017/008/im3.png (1080,1920,1) 1
017/008/im4.png (1080,1920,1) 1
017/008/im5.png (1080,1920,1) 1
017/008/im6.png (1080,1920,1) 1
017/008/im7.png (1080,1920,1) 1
017/008/im8.png (1080,1920,1) 1
017/008/im9.png (1080,1920,1) 1
017/008/im10.png (1080,1920,1) 1
017/008/im11.png (1080,1920,1) 1
017/008/im12.png (1080,1920,1) 1
017/008/im13.png (1080,1920,1) 1
017/008/im14.png (1080,1920,1) 1
017/008/im15.png (1080,1920,1) 1
017/009/im1.png (1080,1920,1) 1
017/009/im2.png (1080,1920,1) 1
017/009/im3.png (1080,1920,1) 1
017/009/im4.png (1080,1920,1) 1
017/009/im5.png (1080,1920,1) 1
017/009/im6.png (1080,1920,1) 1
017/009/im7.png (1080,1920,1) 1
017/009/im8.png (1080,1920,1) 1
017/009/im9.png (1080,1920,1) 1
017/009/im10.png (1080,1920,1) 1
017/009/im11.png (1080,1920,1) 1
017/009/im12.png (1080,1920,1) 1
017/009/im13.png (1080,1920,1) 1
017/009/im14.png (1080,1920,1) 1
017/009/im15.png (1080,1920,1) 1
017/010/im1.png (1080,1920,1) 1
017/010/im2.png (1080,1920,1) 1
017/010/im3.png (1080,1920,1) 1
017/010/im4.png (1080,1920,1) 1
017/010/im5.png (1080,1920,1) 1
017/010/im6.png (1080,1920,1) 1
017/010/im7.png (1080,1920,1) 1
017/010/im8.png (1080,1920,1) 1
017/010/im9.png (1080,1920,1) 1
017/010/im10.png (1080,1920,1) 1
017/010/im11.png (1080,1920,1) 1
017/010/im12.png (1080,1920,1) 1
017/010/im13.png (1080,1920,1) 1
017/010/im14.png (1080,1920,1) 1
017/010/im15.png (1080,1920,1) 1
017/011/im1.png (1080,1920,1) 1
017/011/im2.png (1080,1920,1) 1
017/011/im3.png (1080,1920,1) 1
017/011/im4.png (1080,1920,1) 1
017/011/im5.png (1080,1920,1) 1
017/011/im6.png (1080,1920,1) 1
017/011/im7.png (1080,1920,1) 1
017/011/im8.png (1080,1920,1) 1
017/011/im9.png (1080,1920,1) 1
017/011/im10.png (1080,1920,1) 1
017/011/im11.png (1080,1920,1) 1
017/011/im12.png (1080,1920,1) 1
017/011/im13.png (1080,1920,1) 1
017/011/im14.png (1080,1920,1) 1
017/011/im15.png (1080,1920,1) 1
017/012/im1.png (1080,1920,1) 1
017/012/im2.png (1080,1920,1) 1
017/012/im3.png (1080,1920,1) 1
017/012/im4.png (1080,1920,1) 1
017/012/im5.png (1080,1920,1) 1
017/012/im6.png (1080,1920,1) 1
017/012/im7.png (1080,1920,1) 1
017/012/im8.png (1080,1920,1) 1
017/012/im9.png (1080,1920,1) 1
017/012/im10.png (1080,1920,1) 1
017/012/im11.png (1080,1920,1) 1
017/012/im12.png (1080,1920,1) 1
017/012/im13.png (1080,1920,1) 1
017/012/im14.png (1080,1920,1) 1
017/012/im15.png (1080,1920,1) 1
017/013/im1.png (1080,1920,1) 1
017/013/im2.png (1080,1920,1) 1
017/013/im3.png (1080,1920,1) 1
017/013/im4.png (1080,1920,1) 1
017/013/im5.png (1080,1920,1) 1
017/013/im6.png (1080,1920,1) 1
017/013/im7.png (1080,1920,1) 1
017/013/im8.png (1080,1920,1) 1
017/013/im9.png (1080,1920,1) 1
017/013/im10.png (1080,1920,1) 1
017/013/im11.png (1080,1920,1) 1
017/013/im12.png (1080,1920,1) 1
017/013/im13.png (1080,1920,1) 1
017/013/im14.png (1080,1920,1) 1
017/013/im15.png (1080,1920,1) 1
017/014/im1.png (1080,1920,1) 1
017/014/im2.png (1080,1920,1) 1
017/014/im3.png (1080,1920,1) 1
017/014/im4.png (1080,1920,1) 1
017/014/im5.png (1080,1920,1) 1
017/014/im6.png (1080,1920,1) 1
017/014/im7.png (1080,1920,1) 1
017/014/im8.png (1080,1920,1) 1
017/014/im9.png (1080,1920,1) 1
017/014/im10.png (1080,1920,1) 1
017/014/im11.png (1080,1920,1) 1
017/014/im12.png (1080,1920,1) 1
017/014/im13.png (1080,1920,1) 1
017/014/im14.png (1080,1920,1) 1
017/014/im15.png (1080,1920,1) 1
017/015/im1.png (1080,1920,1) 1
017/015/im2.png (1080,1920,1) 1
017/015/im3.png (1080,1920,1) 1
017/015/im4.png (1080,1920,1) 1
017/015/im5.png (1080,1920,1) 1
017/015/im6.png (1080,1920,1) 1
017/015/im7.png (1080,1920,1) 1
017/015/im8.png (1080,1920,1) 1
017/015/im9.png (1080,1920,1) 1
017/015/im10.png (1080,1920,1) 1
017/015/im11.png (1080,1920,1) 1
017/015/im12.png (1080,1920,1) 1
017/015/im13.png (1080,1920,1) 1
017/015/im14.png (1080,1920,1) 1
017/015/im15.png (1080,1920,1) 1
017/016/im1.png (1080,1920,1) 1
017/016/im2.png (1080,1920,1) 1
017/016/im3.png (1080,1920,1) 1
017/016/im4.png (1080,1920,1) 1
017/016/im5.png (1080,1920,1) 1
017/016/im6.png (1080,1920,1) 1
017/016/im7.png (1080,1920,1) 1
017/016/im8.png (1080,1920,1) 1
017/016/im9.png (1080,1920,1) 1
017/016/im10.png (1080,1920,1) 1
017/016/im11.png (1080,1920,1) 1
017/016/im12.png (1080,1920,1) 1
017/016/im13.png (1080,1920,1) 1
017/016/im14.png (1080,1920,1) 1
017/016/im15.png (1080,1920,1) 1
017/017/im1.png (1080,1920,1) 1
017/017/im2.png (1080,1920,1) 1
017/017/im3.png (1080,1920,1) 1
017/017/im4.png (1080,1920,1) 1
017/017/im5.png (1080,1920,1) 1
017/017/im6.png (1080,1920,1) 1
017/017/im7.png (1080,1920,1) 1
017/017/im8.png (1080,1920,1) 1
017/017/im9.png (1080,1920,1) 1
017/017/im10.png (1080,1920,1) 1
017/017/im11.png (1080,1920,1) 1
017/017/im12.png (1080,1920,1) 1
017/017/im13.png (1080,1920,1) 1
017/017/im14.png (1080,1920,1) 1
017/017/im15.png (1080,1920,1) 1
017/018/im1.png (1080,1920,1) 1
017/018/im2.png (1080,1920,1) 1
017/018/im3.png (1080,1920,1) 1
017/018/im4.png (1080,1920,1) 1
017/018/im5.png (1080,1920,1) 1
017/018/im6.png (1080,1920,1) 1
017/018/im7.png (1080,1920,1) 1
017/018/im8.png (1080,1920,1) 1
017/018/im9.png (1080,1920,1) 1
017/018/im10.png (1080,1920,1) 1
017/018/im11.png (1080,1920,1) 1
017/018/im12.png (1080,1920,1) 1
017/018/im13.png (1080,1920,1) 1
017/018/im14.png (1080,1920,1) 1
017/018/im15.png (1080,1920,1) 1
017/019/im1.png (1080,1920,1) 1
017/019/im2.png (1080,1920,1) 1
017/019/im3.png (1080,1920,1) 1
017/019/im4.png (1080,1920,1) 1
017/019/im5.png (1080,1920,1) 1
017/019/im6.png (1080,1920,1) 1
017/019/im7.png (1080,1920,1) 1
017/019/im8.png (1080,1920,1) 1
017/019/im9.png (1080,1920,1) 1
017/019/im10.png (1080,1920,1) 1
017/019/im11.png (1080,1920,1) 1
017/019/im12.png (1080,1920,1) 1
017/019/im13.png (1080,1920,1) 1
017/019/im14.png (1080,1920,1) 1
017/019/im15.png (1080,1920,1) 1
017/020/im1.png (1080,1920,1) 1
017/020/im2.png (1080,1920,1) 1
017/020/im3.png (1080,1920,1) 1
017/020/im4.png (1080,1920,1) 1
017/020/im5.png (1080,1920,1) 1
017/020/im6.png (1080,1920,1) 1
017/020/im7.png (1080,1920,1) 1
017/020/im8.png (1080,1920,1) 1
017/020/im9.png (1080,1920,1) 1
017/020/im10.png (1080,1920,1) 1
017/020/im11.png (1080,1920,1) 1
017/020/im12.png (1080,1920,1) 1
017/020/im13.png (1080,1920,1) 1
017/020/im14.png (1080,1920,1) 1
017/020/im15.png (1080,1920,1) 1
018/001/im1.png (1080,1920,1) 1
018/001/im2.png (1080,1920,1) 1
018/001/im3.png (1080,1920,1) 1
018/001/im4.png (1080,1920,1) 1
018/001/im5.png (1080,1920,1) 1
018/001/im6.png (1080,1920,1) 1
018/001/im7.png (1080,1920,1) 1
018/001/im8.png (1080,1920,1) 1
018/001/im9.png (1080,1920,1) 1
018/001/im10.png (1080,1920,1) 1
018/001/im11.png (1080,1920,1) 1
018/001/im12.png (1080,1920,1) 1
018/001/im13.png (1080,1920,1) 1
018/001/im14.png (1080,1920,1) 1
018/001/im15.png (1080,1920,1) 1
018/002/im1.png (1080,1920,1) 1
018/002/im2.png (1080,1920,1) 1
018/002/im3.png (1080,1920,1) 1
018/002/im4.png (1080,1920,1) 1
018/002/im5.png (1080,1920,1) 1
018/002/im6.png (1080,1920,1) 1
018/002/im7.png (1080,1920,1) 1
018/002/im8.png (1080,1920,1) 1
018/002/im9.png (1080,1920,1) 1
018/002/im10.png (1080,1920,1) 1
018/002/im11.png (1080,1920,1) 1
018/002/im12.png (1080,1920,1) 1
018/002/im13.png (1080,1920,1) 1
018/002/im14.png (1080,1920,1) 1
018/002/im15.png (1080,1920,1) 1
018/003/im1.png (1080,1920,1) 1
018/003/im2.png (1080,1920,1) 1
018/003/im3.png (1080,1920,1) 1
018/003/im4.png (1080,1920,1) 1
018/003/im5.png (1080,1920,1) 1
018/003/im6.png (1080,1920,1) 1
018/003/im7.png (1080,1920,1) 1
018/003/im8.png (1080,1920,1) 1
018/003/im9.png (1080,1920,1) 1
018/003/im10.png (1080,1920,1) 1
018/003/im11.png (1080,1920,1) 1
018/003/im12.png (1080,1920,1) 1
018/003/im13.png (1080,1920,1) 1
018/003/im14.png (1080,1920,1) 1
018/003/im15.png (1080,1920,1) 1
018/004/im1.png (1080,1920,1) 1
018/004/im2.png (1080,1920,1) 1
018/004/im3.png (1080,1920,1) 1
018/004/im4.png (1080,1920,1) 1
018/004/im5.png (1080,1920,1) 1
018/004/im6.png (1080,1920,1) 1
018/004/im7.png (1080,1920,1) 1
018/004/im8.png (1080,1920,1) 1
018/004/im9.png (1080,1920,1) 1
018/004/im10.png (1080,1920,1) 1
018/004/im11.png (1080,1920,1) 1
018/004/im12.png (1080,1920,1) 1
018/004/im13.png (1080,1920,1) 1
018/004/im14.png (1080,1920,1) 1
018/004/im15.png (1080,1920,1) 1
018/005/im1.png (1080,1920,1) 1
018/005/im2.png (1080,1920,1) 1
018/005/im3.png (1080,1920,1) 1
018/005/im4.png (1080,1920,1) 1
018/005/im5.png (1080,1920,1) 1
018/005/im6.png (1080,1920,1) 1
018/005/im7.png (1080,1920,1) 1
018/005/im8.png (1080,1920,1) 1
018/005/im9.png (1080,1920,1) 1
018/005/im10.png (1080,1920,1) 1
018/005/im11.png (1080,1920,1) 1
018/005/im12.png (1080,1920,1) 1
018/005/im13.png (1080,1920,1) 1
018/005/im14.png (1080,1920,1) 1
018/005/im15.png (1080,1920,1) 1
018/006/im1.png (1080,1920,1) 1
018/006/im2.png (1080,1920,1) 1
018/006/im3.png (1080,1920,1) 1
018/006/im4.png (1080,1920,1) 1
018/006/im5.png (1080,1920,1) 1
018/006/im6.png (1080,1920,1) 1
018/006/im7.png (1080,1920,1) 1
018/006/im8.png (1080,1920,1) 1
018/006/im9.png (1080,1920,1) 1
018/006/im10.png (1080,1920,1) 1
018/006/im11.png (1080,1920,1) 1
018/006/im12.png (1080,1920,1) 1
018/006/im13.png (1080,1920,1) 1
018/006/im14.png (1080,1920,1) 1
018/006/im15.png (1080,1920,1) 1
018/007/im1.png (1080,1920,1) 1
018/007/im2.png (1080,1920,1) 1
018/007/im3.png (1080,1920,1) 1
018/007/im4.png (1080,1920,1) 1
018/007/im5.png (1080,1920,1) 1
018/007/im6.png (1080,1920,1) 1
018/007/im7.png (1080,1920,1) 1
018/007/im8.png (1080,1920,1) 1
018/007/im9.png (1080,1920,1) 1
018/007/im10.png (1080,1920,1) 1
018/007/im11.png (1080,1920,1) 1
018/007/im12.png (1080,1920,1) 1
018/007/im13.png (1080,1920,1) 1
018/007/im14.png (1080,1920,1) 1
018/007/im15.png (1080,1920,1) 1
018/008/im1.png (1080,1920,1) 1
018/008/im2.png (1080,1920,1) 1
018/008/im3.png (1080,1920,1) 1
018/008/im4.png (1080,1920,1) 1
018/008/im5.png (1080,1920,1) 1
018/008/im6.png (1080,1920,1) 1
018/008/im7.png (1080,1920,1) 1
018/008/im8.png (1080,1920,1) 1
018/008/im9.png (1080,1920,1) 1
018/008/im10.png (1080,1920,1) 1
018/008/im11.png (1080,1920,1) 1
018/008/im12.png (1080,1920,1) 1
018/008/im13.png (1080,1920,1) 1
018/008/im14.png (1080,1920,1) 1
018/008/im15.png (1080,1920,1) 1
018/009/im1.png (1080,1920,1) 1
018/009/im2.png (1080,1920,1) 1
018/009/im3.png (1080,1920,1) 1
018/009/im4.png (1080,1920,1) 1
018/009/im5.png (1080,1920,1) 1
018/009/im6.png (1080,1920,1) 1
018/009/im7.png (1080,1920,1) 1
018/009/im8.png (1080,1920,1) 1
018/009/im9.png (1080,1920,1) 1
018/009/im10.png (1080,1920,1) 1
018/009/im11.png (1080,1920,1) 1
018/009/im12.png (1080,1920,1) 1
018/009/im13.png (1080,1920,1) 1
018/009/im14.png (1080,1920,1) 1
018/009/im15.png (1080,1920,1) 1
018/010/im1.png (1080,1920,1) 1
018/010/im2.png (1080,1920,1) 1
018/010/im3.png (1080,1920,1) 1
018/010/im4.png (1080,1920,1) 1
018/010/im5.png (1080,1920,1) 1
018/010/im6.png (1080,1920,1) 1
018/010/im7.png (1080,1920,1) 1
018/010/im8.png (1080,1920,1) 1
018/010/im9.png (1080,1920,1) 1
018/010/im10.png (1080,1920,1) 1
018/010/im11.png (1080,1920,1) 1
018/010/im12.png (1080,1920,1) 1
018/010/im13.png (1080,1920,1) 1
018/010/im14.png (1080,1920,1) 1
018/010/im15.png (1080,1920,1) 1
018/011/im1.png (1080,1920,1) 1
018/011/im2.png (1080,1920,1) 1
018/011/im3.png (1080,1920,1) 1
018/011/im4.png (1080,1920,1) 1
018/011/im5.png (1080,1920,1) 1
018/011/im6.png (1080,1920,1) 1
018/011/im7.png (1080,1920,1) 1
018/011/im8.png (1080,1920,1) 1
018/011/im9.png (1080,1920,1) 1
018/011/im10.png (1080,1920,1) 1
018/011/im11.png (1080,1920,1) 1
018/011/im12.png (1080,1920,1) 1
018/011/im13.png (1080,1920,1) 1
018/011/im14.png (1080,1920,1) 1
018/011/im15.png (1080,1920,1) 1
018/012/im1.png (1080,1920,1) 1
018/012/im2.png (1080,1920,1) 1
018/012/im3.png (1080,1920,1) 1
018/012/im4.png (1080,1920,1) 1
018/012/im5.png (1080,1920,1) 1
018/012/im6.png (1080,1920,1) 1
018/012/im7.png (1080,1920,1) 1
018/012/im8.png (1080,1920,1) 1
018/012/im9.png (1080,1920,1) 1
018/012/im10.png (1080,1920,1) 1
018/012/im11.png (1080,1920,1) 1
018/012/im12.png (1080,1920,1) 1
018/012/im13.png (1080,1920,1) 1
018/012/im14.png (1080,1920,1) 1
018/012/im15.png (1080,1920,1) 1
019/001/im1.png (1080,1920,1) 1
019/001/im2.png (1080,1920,1) 1
019/001/im3.png (1080,1920,1) 1
019/001/im4.png (1080,1920,1) 1
019/001/im5.png (1080,1920,1) 1
019/001/im6.png (1080,1920,1) 1
019/001/im7.png (1080,1920,1) 1
019/001/im8.png (1080,1920,1) 1
019/001/im9.png (1080,1920,1) 1
019/001/im10.png (1080,1920,1) 1
019/001/im11.png (1080,1920,1) 1
019/001/im12.png (1080,1920,1) 1
019/001/im13.png (1080,1920,1) 1
019/001/im14.png (1080,1920,1) 1
019/001/im15.png (1080,1920,1) 1
019/002/im1.png (1080,1920,1) 1
019/002/im2.png (1080,1920,1) 1
019/002/im3.png (1080,1920,1) 1
019/002/im4.png (1080,1920,1) 1
019/002/im5.png (1080,1920,1) 1
019/002/im6.png (1080,1920,1) 1
019/002/im7.png (1080,1920,1) 1
019/002/im8.png (1080,1920,1) 1
019/002/im9.png (1080,1920,1) 1
019/002/im10.png (1080,1920,1) 1
019/002/im11.png (1080,1920,1) 1
019/002/im12.png (1080,1920,1) 1
019/002/im13.png (1080,1920,1) 1
019/002/im14.png (1080,1920,1) 1
019/002/im15.png (1080,1920,1) 1
019/003/im1.png (1080,1920,1) 1
019/003/im2.png (1080,1920,1) 1
019/003/im3.png (1080,1920,1) 1
019/003/im4.png (1080,1920,1) 1
019/003/im5.png (1080,1920,1) 1
019/003/im6.png (1080,1920,1) 1
019/003/im7.png (1080,1920,1) 1
019/003/im8.png (1080,1920,1) 1
019/003/im9.png (1080,1920,1) 1
019/003/im10.png (1080,1920,1) 1
019/003/im11.png (1080,1920,1) 1
019/003/im12.png (1080,1920,1) 1
019/003/im13.png (1080,1920,1) 1
019/003/im14.png (1080,1920,1) 1
019/003/im15.png (1080,1920,1) 1
019/004/im1.png (1080,1920,1) 1
019/004/im2.png (1080,1920,1) 1
019/004/im3.png (1080,1920,1) 1
019/004/im4.png (1080,1920,1) 1
019/004/im5.png (1080,1920,1) 1
019/004/im6.png (1080,1920,1) 1
019/004/im7.png (1080,1920,1) 1
019/004/im8.png (1080,1920,1) 1
019/004/im9.png (1080,1920,1) 1
019/004/im10.png (1080,1920,1) 1
019/004/im11.png (1080,1920,1) 1
019/004/im12.png (1080,1920,1) 1
019/004/im13.png (1080,1920,1) 1
019/004/im14.png (1080,1920,1) 1
019/004/im15.png (1080,1920,1) 1
019/005/im1.png (1080,1920,1) 1
019/005/im2.png (1080,1920,1) 1
019/005/im3.png (1080,1920,1) 1
019/005/im4.png (1080,1920,1) 1
019/005/im5.png (1080,1920,1) 1
019/005/im6.png (1080,1920,1) 1
019/005/im7.png (1080,1920,1) 1
019/005/im8.png (1080,1920,1) 1
019/005/im9.png (1080,1920,1) 1
019/005/im10.png (1080,1920,1) 1
019/005/im11.png (1080,1920,1) 1
019/005/im12.png (1080,1920,1) 1
019/005/im13.png (1080,1920,1) 1
019/005/im14.png (1080,1920,1) 1
019/005/im15.png (1080,1920,1) 1
019/006/im1.png (1080,1920,1) 1
019/006/im2.png (1080,1920,1) 1
019/006/im3.png (1080,1920,1) 1
019/006/im4.png (1080,1920,1) 1
019/006/im5.png (1080,1920,1) 1
019/006/im6.png (1080,1920,1) 1
019/006/im7.png (1080,1920,1) 1
019/006/im8.png (1080,1920,1) 1
019/006/im9.png (1080,1920,1) 1
019/006/im10.png (1080,1920,1) 1
019/006/im11.png (1080,1920,1) 1
019/006/im12.png (1080,1920,1) 1
019/006/im13.png (1080,1920,1) 1
019/006/im14.png (1080,1920,1) 1
019/006/im15.png (1080,1920,1) 1
019/007/im1.png (1080,1920,1) 1
019/007/im2.png (1080,1920,1) 1
019/007/im3.png (1080,1920,1) 1
019/007/im4.png (1080,1920,1) 1
019/007/im5.png (1080,1920,1) 1
019/007/im6.png (1080,1920,1) 1
019/007/im7.png (1080,1920,1) 1
019/007/im8.png (1080,1920,1) 1
019/007/im9.png (1080,1920,1) 1
019/007/im10.png (1080,1920,1) 1
019/007/im11.png (1080,1920,1) 1
019/007/im12.png (1080,1920,1) 1
019/007/im13.png (1080,1920,1) 1
019/007/im14.png (1080,1920,1) 1
019/007/im15.png (1080,1920,1) 1
019/008/im1.png (1080,1920,1) 1
019/008/im2.png (1080,1920,1) 1
019/008/im3.png (1080,1920,1) 1
019/008/im4.png (1080,1920,1) 1
019/008/im5.png (1080,1920,1) 1
019/008/im6.png (1080,1920,1) 1
019/008/im7.png (1080,1920,1) 1
019/008/im8.png (1080,1920,1) 1
019/008/im9.png (1080,1920,1) 1
019/008/im10.png (1080,1920,1) 1
019/008/im11.png (1080,1920,1) 1
019/008/im12.png (1080,1920,1) 1
019/008/im13.png (1080,1920,1) 1
019/008/im14.png (1080,1920,1) 1
019/008/im15.png (1080,1920,1) 1
019/009/im1.png (1080,1920,1) 1
019/009/im2.png (1080,1920,1) 1
019/009/im3.png (1080,1920,1) 1
019/009/im4.png (1080,1920,1) 1
019/009/im5.png (1080,1920,1) 1
019/009/im6.png (1080,1920,1) 1
019/009/im7.png (1080,1920,1) 1
019/009/im8.png (1080,1920,1) 1
019/009/im9.png (1080,1920,1) 1
019/009/im10.png (1080,1920,1) 1
019/009/im11.png (1080,1920,1) 1
019/009/im12.png (1080,1920,1) 1
019/009/im13.png (1080,1920,1) 1
019/009/im14.png (1080,1920,1) 1
019/009/im15.png (1080,1920,1) 1
019/010/im1.png (1080,1920,1) 1
019/010/im2.png (1080,1920,1) 1
019/010/im3.png (1080,1920,1) 1
019/010/im4.png (1080,1920,1) 1
019/010/im5.png (1080,1920,1) 1
019/010/im6.png (1080,1920,1) 1
019/010/im7.png (1080,1920,1) 1
019/010/im8.png (1080,1920,1) 1
019/010/im9.png (1080,1920,1) 1
019/010/im10.png (1080,1920,1) 1
019/010/im11.png (1080,1920,1) 1
019/010/im12.png (1080,1920,1) 1
019/010/im13.png (1080,1920,1) 1
019/010/im14.png (1080,1920,1) 1
019/010/im15.png (1080,1920,1) 1
020/001/im1.png (1080,1920,1) 1
020/001/im2.png (1080,1920,1) 1
020/001/im3.png (1080,1920,1) 1
020/001/im4.png (1080,1920,1) 1
020/001/im5.png (1080,1920,1) 1
020/001/im6.png (1080,1920,1) 1
020/001/im7.png (1080,1920,1) 1
020/001/im8.png (1080,1920,1) 1
020/001/im9.png (1080,1920,1) 1
020/001/im10.png (1080,1920,1) 1
020/001/im11.png (1080,1920,1) 1
020/001/im12.png (1080,1920,1) 1
020/001/im13.png (1080,1920,1) 1
020/001/im14.png (1080,1920,1) 1
020/001/im15.png (1080,1920,1) 1
020/002/im1.png (1080,1920,1) 1
020/002/im2.png (1080,1920,1) 1
020/002/im3.png (1080,1920,1) 1
020/002/im4.png (1080,1920,1) 1
020/002/im5.png (1080,1920,1) 1
020/002/im6.png (1080,1920,1) 1
020/002/im7.png (1080,1920,1) 1
020/002/im8.png (1080,1920,1) 1
020/002/im9.png (1080,1920,1) 1
020/002/im10.png (1080,1920,1) 1
020/002/im11.png (1080,1920,1) 1
020/002/im12.png (1080,1920,1) 1
020/002/im13.png (1080,1920,1) 1
020/002/im14.png (1080,1920,1) 1
020/002/im15.png (1080,1920,1) 1
020/003/im1.png (1080,1920,1) 1
020/003/im2.png (1080,1920,1) 1
020/003/im3.png (1080,1920,1) 1
020/003/im4.png (1080,1920,1) 1
020/003/im5.png (1080,1920,1) 1
020/003/im6.png (1080,1920,1) 1
020/003/im7.png (1080,1920,1) 1
020/003/im8.png (1080,1920,1) 1
020/003/im9.png (1080,1920,1) 1
020/003/im10.png (1080,1920,1) 1
020/003/im11.png (1080,1920,1) 1
020/003/im12.png (1080,1920,1) 1
020/003/im13.png (1080,1920,1) 1
020/003/im14.png (1080,1920,1) 1
020/003/im15.png (1080,1920,1) 1
020/004/im1.png (1080,1920,1) 1
020/004/im2.png (1080,1920,1) 1
020/004/im3.png (1080,1920,1) 1
020/004/im4.png (1080,1920,1) 1
020/004/im5.png (1080,1920,1) 1
020/004/im6.png (1080,1920,1) 1
020/004/im7.png (1080,1920,1) 1
020/004/im8.png (1080,1920,1) 1
020/004/im9.png (1080,1920,1) 1
020/004/im10.png (1080,1920,1) 1
020/004/im11.png (1080,1920,1) 1
020/004/im12.png (1080,1920,1) 1
020/004/im13.png (1080,1920,1) 1
020/004/im14.png (1080,1920,1) 1
020/004/im15.png (1080,1920,1) 1
020/005/im1.png (1080,1920,1) 1
020/005/im2.png (1080,1920,1) 1
020/005/im3.png (1080,1920,1) 1
020/005/im4.png (1080,1920,1) 1
020/005/im5.png (1080,1920,1) 1
020/005/im6.png (1080,1920,1) 1
020/005/im7.png (1080,1920,1) 1
020/005/im8.png (1080,1920,1) 1
020/005/im9.png (1080,1920,1) 1
020/005/im10.png (1080,1920,1) 1
020/005/im11.png (1080,1920,1) 1
020/005/im12.png (1080,1920,1) 1
020/005/im13.png (1080,1920,1) 1
020/005/im14.png (1080,1920,1) 1
020/005/im15.png (1080,1920,1) 1
020/006/im1.png (1080,1920,1) 1
020/006/im2.png (1080,1920,1) 1
020/006/im3.png (1080,1920,1) 1
020/006/im4.png (1080,1920,1) 1
020/006/im5.png (1080,1920,1) 1
020/006/im6.png (1080,1920,1) 1
020/006/im7.png (1080,1920,1) 1
020/006/im8.png (1080,1920,1) 1
020/006/im9.png (1080,1920,1) 1
020/006/im10.png (1080,1920,1) 1
020/006/im11.png (1080,1920,1) 1
020/006/im12.png (1080,1920,1) 1
020/006/im13.png (1080,1920,1) 1
020/006/im14.png (1080,1920,1) 1
020/006/im15.png (1080,1920,1) 1
020/007/im1.png (1080,1920,1) 1
020/007/im2.png (1080,1920,1) 1
020/007/im3.png (1080,1920,1) 1
020/007/im4.png (1080,1920,1) 1
020/007/im5.png (1080,1920,1) 1
020/007/im6.png (1080,1920,1) 1
020/007/im7.png (1080,1920,1) 1
020/007/im8.png (1080,1920,1) 1
020/007/im9.png (1080,1920,1) 1
020/007/im10.png (1080,1920,1) 1
020/007/im11.png (1080,1920,1) 1
020/007/im12.png (1080,1920,1) 1
020/007/im13.png (1080,1920,1) 1
020/007/im14.png (1080,1920,1) 1
020/007/im15.png (1080,1920,1) 1
020/008/im1.png (1080,1920,1) 1
020/008/im2.png (1080,1920,1) 1
020/008/im3.png (1080,1920,1) 1
020/008/im4.png (1080,1920,1) 1
020/008/im5.png (1080,1920,1) 1
020/008/im6.png (1080,1920,1) 1
020/008/im7.png (1080,1920,1) 1
020/008/im8.png (1080,1920,1) 1
020/008/im9.png (1080,1920,1) 1
020/008/im10.png (1080,1920,1) 1
020/008/im11.png (1080,1920,1) 1
020/008/im12.png (1080,1920,1) 1
020/008/im13.png (1080,1920,1) 1
020/008/im14.png (1080,1920,1) 1
020/008/im15.png (1080,1920,1) 1
020/009/im1.png (1080,1920,1) 1
020/009/im2.png (1080,1920,1) 1
020/009/im3.png (1080,1920,1) 1
020/009/im4.png (1080,1920,1) 1
020/009/im5.png (1080,1920,1) 1
020/009/im6.png (1080,1920,1) 1
020/009/im7.png (1080,1920,1) 1
020/009/im8.png (1080,1920,1) 1
020/009/im9.png (1080,1920,1) 1
020/009/im10.png (1080,1920,1) 1
020/009/im11.png (1080,1920,1) 1
020/009/im12.png (1080,1920,1) 1
020/009/im13.png (1080,1920,1) 1
020/009/im14.png (1080,1920,1) 1
020/009/im15.png (1080,1920,1) 1
020/010/im1.png (1080,1920,1) 1
020/010/im2.png (1080,1920,1) 1
020/010/im3.png (1080,1920,1) 1
020/010/im4.png (1080,1920,1) 1
020/010/im5.png (1080,1920,1) 1
020/010/im6.png (1080,1920,1) 1
020/010/im7.png (1080,1920,1) 1
020/010/im8.png (1080,1920,1) 1
020/010/im9.png (1080,1920,1) 1
020/010/im10.png (1080,1920,1) 1
020/010/im11.png (1080,1920,1) 1
020/010/im12.png (1080,1920,1) 1
020/010/im13.png (1080,1920,1) 1
020/010/im14.png (1080,1920,1) 1
020/010/im15.png (1080,1920,1) 1
020/011/im1.png (1080,1920,1) 1
020/011/im2.png (1080,1920,1) 1
020/011/im3.png (1080,1920,1) 1
020/011/im4.png (1080,1920,1) 1
020/011/im5.png (1080,1920,1) 1
020/011/im6.png (1080,1920,1) 1
020/011/im7.png (1080,1920,1) 1
020/011/im8.png (1080,1920,1) 1
020/011/im9.png (1080,1920,1) 1
020/011/im10.png (1080,1920,1) 1
020/011/im11.png (1080,1920,1) 1
020/011/im12.png (1080,1920,1) 1
020/011/im13.png (1080,1920,1) 1
020/011/im14.png (1080,1920,1) 1
020/011/im15.png (1080,1920,1) 1
020/012/im1.png (1080,1920,1) 1
020/012/im2.png (1080,1920,1) 1
020/012/im3.png (1080,1920,1) 1
020/012/im4.png (1080,1920,1) 1
020/012/im5.png (1080,1920,1) 1
020/012/im6.png (1080,1920,1) 1
020/012/im7.png (1080,1920,1) 1
020/012/im8.png (1080,1920,1) 1
020/012/im9.png (1080,1920,1) 1
020/012/im10.png (1080,1920,1) 1
020/012/im11.png (1080,1920,1) 1
020/012/im12.png (1080,1920,1) 1
020/012/im13.png (1080,1920,1) 1
020/012/im14.png (1080,1920,1) 1
020/012/im15.png (1080,1920,1) 1
020/013/im1.png (1080,1920,1) 1
020/013/im2.png (1080,1920,1) 1
020/013/im3.png (1080,1920,1) 1
020/013/im4.png (1080,1920,1) 1
020/013/im5.png (1080,1920,1) 1
020/013/im6.png (1080,1920,1) 1
020/013/im7.png (1080,1920,1) 1
020/013/im8.png (1080,1920,1) 1
020/013/im9.png (1080,1920,1) 1
020/013/im10.png (1080,1920,1) 1
020/013/im11.png (1080,1920,1) 1
020/013/im12.png (1080,1920,1) 1
020/013/im13.png (1080,1920,1) 1
020/013/im14.png (1080,1920,1) 1
020/013/im15.png (1080,1920,1) 1
020/014/im1.png (1080,1920,1) 1
020/014/im2.png (1080,1920,1) 1
020/014/im3.png (1080,1920,1) 1
020/014/im4.png (1080,1920,1) 1
020/014/im5.png (1080,1920,1) 1
020/014/im6.png (1080,1920,1) 1
020/014/im7.png (1080,1920,1) 1
020/014/im8.png (1080,1920,1) 1
020/014/im9.png (1080,1920,1) 1
020/014/im10.png (1080,1920,1) 1
020/014/im11.png (1080,1920,1) 1
020/014/im12.png (1080,1920,1) 1
020/014/im13.png (1080,1920,1) 1
020/014/im14.png (1080,1920,1) 1
020/014/im15.png (1080,1920,1) 1
020/015/im1.png (1080,1920,1) 1
020/015/im2.png (1080,1920,1) 1
020/015/im3.png (1080,1920,1) 1
020/015/im4.png (1080,1920,1) 1
020/015/im5.png (1080,1920,1) 1
020/015/im6.png (1080,1920,1) 1
020/015/im7.png (1080,1920,1) 1
020/015/im8.png (1080,1920,1) 1
020/015/im9.png (1080,1920,1) 1
020/015/im10.png (1080,1920,1) 1
020/015/im11.png (1080,1920,1) 1
020/015/im12.png (1080,1920,1) 1
020/015/im13.png (1080,1920,1) 1
020/015/im14.png (1080,1920,1) 1
020/015/im15.png (1080,1920,1) 1
020/016/im1.png (1080,1920,1) 1
020/016/im2.png (1080,1920,1) 1
020/016/im3.png (1080,1920,1) 1
020/016/im4.png (1080,1920,1) 1
020/016/im5.png (1080,1920,1) 1
020/016/im6.png (1080,1920,1) 1
020/016/im7.png (1080,1920,1) 1
020/016/im8.png (1080,1920,1) 1
020/016/im9.png (1080,1920,1) 1
020/016/im10.png (1080,1920,1) 1
020/016/im11.png (1080,1920,1) 1
020/016/im12.png (1080,1920,1) 1
020/016/im13.png (1080,1920,1) 1
020/016/im14.png (1080,1920,1) 1
020/016/im15.png (1080,1920,1) 1
021/001/im1.png (1080,1920,1) 1
021/001/im2.png (1080,1920,1) 1
021/001/im3.png (1080,1920,1) 1
021/001/im4.png (1080,1920,1) 1
021/001/im5.png (1080,1920,1) 1
021/001/im6.png (1080,1920,1) 1
021/001/im7.png (1080,1920,1) 1
021/001/im8.png (1080,1920,1) 1
021/001/im9.png (1080,1920,1) 1
021/001/im10.png (1080,1920,1) 1
021/001/im11.png (1080,1920,1) 1
021/001/im12.png (1080,1920,1) 1
021/001/im13.png (1080,1920,1) 1
021/001/im14.png (1080,1920,1) 1
021/001/im15.png (1080,1920,1) 1
021/002/im1.png (1080,1920,1) 1
021/002/im2.png (1080,1920,1) 1
021/002/im3.png (1080,1920,1) 1
021/002/im4.png (1080,1920,1) 1
021/002/im5.png (1080,1920,1) 1
021/002/im6.png (1080,1920,1) 1
021/002/im7.png (1080,1920,1) 1
021/002/im8.png (1080,1920,1) 1
021/002/im9.png (1080,1920,1) 1
021/002/im10.png (1080,1920,1) 1
021/002/im11.png (1080,1920,1) 1
021/002/im12.png (1080,1920,1) 1
021/002/im13.png (1080,1920,1) 1
021/002/im14.png (1080,1920,1) 1
021/002/im15.png (1080,1920,1) 1
021/003/im1.png (1080,1920,1) 1
021/003/im2.png (1080,1920,1) 1
021/003/im3.png (1080,1920,1) 1
021/003/im4.png (1080,1920,1) 1
021/003/im5.png (1080,1920,1) 1
021/003/im6.png (1080,1920,1) 1
021/003/im7.png (1080,1920,1) 1
021/003/im8.png (1080,1920,1) 1
021/003/im9.png (1080,1920,1) 1
021/003/im10.png (1080,1920,1) 1
021/003/im11.png (1080,1920,1) 1
021/003/im12.png (1080,1920,1) 1
021/003/im13.png (1080,1920,1) 1
021/003/im14.png (1080,1920,1) 1
021/003/im15.png (1080,1920,1) 1
021/004/im1.png (1080,1920,1) 1
021/004/im2.png (1080,1920,1) 1
021/004/im3.png (1080,1920,1) 1
021/004/im4.png (1080,1920,1) 1
021/004/im5.png (1080,1920,1) 1
021/004/im6.png (1080,1920,1) 1
021/004/im7.png (1080,1920,1) 1
021/004/im8.png (1080,1920,1) 1
021/004/im9.png (1080,1920,1) 1
021/004/im10.png (1080,1920,1) 1
021/004/im11.png (1080,1920,1) 1
021/004/im12.png (1080,1920,1) 1
021/004/im13.png (1080,1920,1) 1
021/004/im14.png (1080,1920,1) 1
021/004/im15.png (1080,1920,1) 1
021/005/im1.png (1080,1920,1) 1
021/005/im2.png (1080,1920,1) 1
021/005/im3.png (1080,1920,1) 1
021/005/im4.png (1080,1920,1) 1
021/005/im5.png (1080,1920,1) 1
021/005/im6.png (1080,1920,1) 1
021/005/im7.png (1080,1920,1) 1
021/005/im8.png (1080,1920,1) 1
021/005/im9.png (1080,1920,1) 1
021/005/im10.png (1080,1920,1) 1
021/005/im11.png (1080,1920,1) 1
021/005/im12.png (1080,1920,1) 1
021/005/im13.png (1080,1920,1) 1
021/005/im14.png (1080,1920,1) 1
021/005/im15.png (1080,1920,1) 1
021/006/im1.png (1080,1920,1) 1
021/006/im2.png (1080,1920,1) 1
021/006/im3.png (1080,1920,1) 1
021/006/im4.png (1080,1920,1) 1
021/006/im5.png (1080,1920,1) 1
021/006/im6.png (1080,1920,1) 1
021/006/im7.png (1080,1920,1) 1
021/006/im8.png (1080,1920,1) 1
021/006/im9.png (1080,1920,1) 1
021/006/im10.png (1080,1920,1) 1
021/006/im11.png (1080,1920,1) 1
021/006/im12.png (1080,1920,1) 1
021/006/im13.png (1080,1920,1) 1
021/006/im14.png (1080,1920,1) 1
021/006/im15.png (1080,1920,1) 1
021/007/im1.png (1080,1920,1) 1
021/007/im2.png (1080,1920,1) 1
021/007/im3.png (1080,1920,1) 1
021/007/im4.png (1080,1920,1) 1
021/007/im5.png (1080,1920,1) 1
021/007/im6.png (1080,1920,1) 1
021/007/im7.png (1080,1920,1) 1
021/007/im8.png (1080,1920,1) 1
021/007/im9.png (1080,1920,1) 1
021/007/im10.png (1080,1920,1) 1
021/007/im11.png (1080,1920,1) 1
021/007/im12.png (1080,1920,1) 1
021/007/im13.png (1080,1920,1) 1
021/007/im14.png (1080,1920,1) 1
021/007/im15.png (1080,1920,1) 1
021/008/im1.png (1080,1920,1) 1
021/008/im2.png (1080,1920,1) 1
021/008/im3.png (1080,1920,1) 1
021/008/im4.png (1080,1920,1) 1
021/008/im5.png (1080,1920,1) 1
021/008/im6.png (1080,1920,1) 1
021/008/im7.png (1080,1920,1) 1
021/008/im8.png (1080,1920,1) 1
021/008/im9.png (1080,1920,1) 1
021/008/im10.png (1080,1920,1) 1
021/008/im11.png (1080,1920,1) 1
021/008/im12.png (1080,1920,1) 1
021/008/im13.png (1080,1920,1) 1
021/008/im14.png (1080,1920,1) 1
021/008/im15.png (1080,1920,1) 1
021/009/im1.png (1080,1920,1) 1
021/009/im2.png (1080,1920,1) 1
021/009/im3.png (1080,1920,1) 1
021/009/im4.png (1080,1920,1) 1
021/009/im5.png (1080,1920,1) 1
021/009/im6.png (1080,1920,1) 1
021/009/im7.png (1080,1920,1) 1
021/009/im8.png (1080,1920,1) 1
021/009/im9.png (1080,1920,1) 1
021/009/im10.png (1080,1920,1) 1
021/009/im11.png (1080,1920,1) 1
021/009/im12.png (1080,1920,1) 1
021/009/im13.png (1080,1920,1) 1
021/009/im14.png (1080,1920,1) 1
021/009/im15.png (1080,1920,1) 1
021/010/im1.png (1080,1920,1) 1
021/010/im2.png (1080,1920,1) 1
021/010/im3.png (1080,1920,1) 1
021/010/im4.png (1080,1920,1) 1
021/010/im5.png (1080,1920,1) 1
021/010/im6.png (1080,1920,1) 1
021/010/im7.png (1080,1920,1) 1
021/010/im8.png (1080,1920,1) 1
021/010/im9.png (1080,1920,1) 1
021/010/im10.png (1080,1920,1) 1
021/010/im11.png (1080,1920,1) 1
021/010/im12.png (1080,1920,1) 1
021/010/im13.png (1080,1920,1) 1
021/010/im14.png (1080,1920,1) 1
021/010/im15.png (1080,1920,1) 1
021/011/im1.png (1080,1920,1) 1
021/011/im2.png (1080,1920,1) 1
021/011/im3.png (1080,1920,1) 1
021/011/im4.png (1080,1920,1) 1
021/011/im5.png (1080,1920,1) 1
021/011/im6.png (1080,1920,1) 1
021/011/im7.png (1080,1920,1) 1
021/011/im8.png (1080,1920,1) 1
021/011/im9.png (1080,1920,1) 1
021/011/im10.png (1080,1920,1) 1
021/011/im11.png (1080,1920,1) 1
021/011/im12.png (1080,1920,1) 1
021/011/im13.png (1080,1920,1) 1
021/011/im14.png (1080,1920,1) 1
021/011/im15.png (1080,1920,1) 1
021/012/im1.png (1080,1920,1) 1
021/012/im2.png (1080,1920,1) 1
021/012/im3.png (1080,1920,1) 1
021/012/im4.png (1080,1920,1) 1
021/012/im5.png (1080,1920,1) 1
021/012/im6.png (1080,1920,1) 1
021/012/im7.png (1080,1920,1) 1
021/012/im8.png (1080,1920,1) 1
021/012/im9.png (1080,1920,1) 1
021/012/im10.png (1080,1920,1) 1
021/012/im11.png (1080,1920,1) 1
021/012/im12.png (1080,1920,1) 1
021/012/im13.png (1080,1920,1) 1
021/012/im14.png (1080,1920,1) 1
021/012/im15.png (1080,1920,1) 1
021/013/im1.png (1080,1920,1) 1
021/013/im2.png (1080,1920,1) 1
021/013/im3.png (1080,1920,1) 1
021/013/im4.png (1080,1920,1) 1
021/013/im5.png (1080,1920,1) 1
021/013/im6.png (1080,1920,1) 1
021/013/im7.png (1080,1920,1) 1
021/013/im8.png (1080,1920,1) 1
021/013/im9.png (1080,1920,1) 1
021/013/im10.png (1080,1920,1) 1
021/013/im11.png (1080,1920,1) 1
021/013/im12.png (1080,1920,1) 1
021/013/im13.png (1080,1920,1) 1
021/013/im14.png (1080,1920,1) 1
021/013/im15.png (1080,1920,1) 1
021/014/im1.png (1080,1920,1) 1
021/014/im2.png (1080,1920,1) 1
021/014/im3.png (1080,1920,1) 1
021/014/im4.png (1080,1920,1) 1
021/014/im5.png (1080,1920,1) 1
021/014/im6.png (1080,1920,1) 1
021/014/im7.png (1080,1920,1) 1
021/014/im8.png (1080,1920,1) 1
021/014/im9.png (1080,1920,1) 1
021/014/im10.png (1080,1920,1) 1
021/014/im11.png (1080,1920,1) 1
021/014/im12.png (1080,1920,1) 1
021/014/im13.png (1080,1920,1) 1
021/014/im14.png (1080,1920,1) 1
021/014/im15.png (1080,1920,1) 1
021/015/im1.png (1080,1920,1) 1
021/015/im2.png (1080,1920,1) 1
021/015/im3.png (1080,1920,1) 1
021/015/im4.png (1080,1920,1) 1
021/015/im5.png (1080,1920,1) 1
021/015/im6.png (1080,1920,1) 1
021/015/im7.png (1080,1920,1) 1
021/015/im8.png (1080,1920,1) 1
021/015/im9.png (1080,1920,1) 1
021/015/im10.png (1080,1920,1) 1
021/015/im11.png (1080,1920,1) 1
021/015/im12.png (1080,1920,1) 1
021/015/im13.png (1080,1920,1) 1
021/015/im14.png (1080,1920,1) 1
021/015/im15.png (1080,1920,1) 1
021/016/im1.png (1080,1920,1) 1
021/016/im2.png (1080,1920,1) 1
021/016/im3.png (1080,1920,1) 1
021/016/im4.png (1080,1920,1) 1
021/016/im5.png (1080,1920,1) 1
021/016/im6.png (1080,1920,1) 1
021/016/im7.png (1080,1920,1) 1
021/016/im8.png (1080,1920,1) 1
021/016/im9.png (1080,1920,1) 1
021/016/im10.png (1080,1920,1) 1
021/016/im11.png (1080,1920,1) 1
021/016/im12.png (1080,1920,1) 1
021/016/im13.png (1080,1920,1) 1
021/016/im14.png (1080,1920,1) 1
021/016/im15.png (1080,1920,1) 1
021/017/im1.png (1080,1920,1) 1
021/017/im2.png (1080,1920,1) 1
021/017/im3.png (1080,1920,1) 1
021/017/im4.png (1080,1920,1) 1
021/017/im5.png (1080,1920,1) 1
021/017/im6.png (1080,1920,1) 1
021/017/im7.png (1080,1920,1) 1
021/017/im8.png (1080,1920,1) 1
021/017/im9.png (1080,1920,1) 1
021/017/im10.png (1080,1920,1) 1
021/017/im11.png (1080,1920,1) 1
021/017/im12.png (1080,1920,1) 1
021/017/im13.png (1080,1920,1) 1
021/017/im14.png (1080,1920,1) 1
021/017/im15.png (1080,1920,1) 1
021/018/im1.png (1080,1920,1) 1
021/018/im2.png (1080,1920,1) 1
021/018/im3.png (1080,1920,1) 1
021/018/im4.png (1080,1920,1) 1
021/018/im5.png (1080,1920,1) 1
021/018/im6.png (1080,1920,1) 1
021/018/im7.png (1080,1920,1) 1
021/018/im8.png (1080,1920,1) 1
021/018/im9.png (1080,1920,1) 1
021/018/im10.png (1080,1920,1) 1
021/018/im11.png (1080,1920,1) 1
021/018/im12.png (1080,1920,1) 1
021/018/im13.png (1080,1920,1) 1
021/018/im14.png (1080,1920,1) 1
021/018/im15.png (1080,1920,1) 1
021/019/im1.png (1080,1920,1) 1
021/019/im2.png (1080,1920,1) 1
021/019/im3.png (1080,1920,1) 1
021/019/im4.png (1080,1920,1) 1
021/019/im5.png (1080,1920,1) 1
021/019/im6.png (1080,1920,1) 1
021/019/im7.png (1080,1920,1) 1
021/019/im8.png (1080,1920,1) 1
021/019/im9.png (1080,1920,1) 1
021/019/im10.png (1080,1920,1) 1
021/019/im11.png (1080,1920,1) 1
021/019/im12.png (1080,1920,1) 1
021/019/im13.png (1080,1920,1) 1
021/019/im14.png (1080,1920,1) 1
021/019/im15.png (1080,1920,1) 1
021/020/im1.png (1080,1920,1) 1
021/020/im2.png (1080,1920,1) 1
021/020/im3.png (1080,1920,1) 1
021/020/im4.png (1080,1920,1) 1
021/020/im5.png (1080,1920,1) 1
021/020/im6.png (1080,1920,1) 1
021/020/im7.png (1080,1920,1) 1
021/020/im8.png (1080,1920,1) 1
021/020/im9.png (1080,1920,1) 1
021/020/im10.png (1080,1920,1) 1
021/020/im11.png (1080,1920,1) 1
021/020/im12.png (1080,1920,1) 1
021/020/im13.png (1080,1920,1) 1
021/020/im14.png (1080,1920,1) 1
021/020/im15.png (1080,1920,1) 1
022/001/im1.png (1080,1920,1) 1
022/001/im2.png (1080,1920,1) 1
022/001/im3.png (1080,1920,1) 1
022/001/im4.png (1080,1920,1) 1
022/001/im5.png (1080,1920,1) 1
022/001/im6.png (1080,1920,1) 1
022/001/im7.png (1080,1920,1) 1
022/001/im8.png (1080,1920,1) 1
022/001/im9.png (1080,1920,1) 1
022/001/im10.png (1080,1920,1) 1
022/001/im11.png (1080,1920,1) 1
022/001/im12.png (1080,1920,1) 1
022/001/im13.png (1080,1920,1) 1
022/001/im14.png (1080,1920,1) 1
022/001/im15.png (1080,1920,1) 1
022/002/im1.png (1080,1920,1) 1
022/002/im2.png (1080,1920,1) 1
022/002/im3.png (1080,1920,1) 1
022/002/im4.png (1080,1920,1) 1
022/002/im5.png (1080,1920,1) 1
022/002/im6.png (1080,1920,1) 1
022/002/im7.png (1080,1920,1) 1
022/002/im8.png (1080,1920,1) 1
022/002/im9.png (1080,1920,1) 1
022/002/im10.png (1080,1920,1) 1
022/002/im11.png (1080,1920,1) 1
022/002/im12.png (1080,1920,1) 1
022/002/im13.png (1080,1920,1) 1
022/002/im14.png (1080,1920,1) 1
022/002/im15.png (1080,1920,1) 1
022/003/im1.png (1080,1920,1) 1
022/003/im2.png (1080,1920,1) 1
022/003/im3.png (1080,1920,1) 1
022/003/im4.png (1080,1920,1) 1
022/003/im5.png (1080,1920,1) 1
022/003/im6.png (1080,1920,1) 1
022/003/im7.png (1080,1920,1) 1
022/003/im8.png (1080,1920,1) 1
022/003/im9.png (1080,1920,1) 1
022/003/im10.png (1080,1920,1) 1
022/003/im11.png (1080,1920,1) 1
022/003/im12.png (1080,1920,1) 1
022/003/im13.png (1080,1920,1) 1
022/003/im14.png (1080,1920,1) 1
022/003/im15.png (1080,1920,1) 1
022/004/im1.png (1080,1920,1) 1
022/004/im2.png (1080,1920,1) 1
022/004/im3.png (1080,1920,1) 1
022/004/im4.png (1080,1920,1) 1
022/004/im5.png (1080,1920,1) 1
022/004/im6.png (1080,1920,1) 1
022/004/im7.png (1080,1920,1) 1
022/004/im8.png (1080,1920,1) 1
022/004/im9.png (1080,1920,1) 1
022/004/im10.png (1080,1920,1) 1
022/004/im11.png (1080,1920,1) 1
022/004/im12.png (1080,1920,1) 1
022/004/im13.png (1080,1920,1) 1
022/004/im14.png (1080,1920,1) 1
022/004/im15.png (1080,1920,1) 1
022/005/im1.png (1080,1920,1) 1
022/005/im2.png (1080,1920,1) 1
022/005/im3.png (1080,1920,1) 1
022/005/im4.png (1080,1920,1) 1
022/005/im5.png (1080,1920,1) 1
022/005/im6.png (1080,1920,1) 1
022/005/im7.png (1080,1920,1) 1
022/005/im8.png (1080,1920,1) 1
022/005/im9.png (1080,1920,1) 1
022/005/im10.png (1080,1920,1) 1
022/005/im11.png (1080,1920,1) 1
022/005/im12.png (1080,1920,1) 1
022/005/im13.png (1080,1920,1) 1
022/005/im14.png (1080,1920,1) 1
022/005/im15.png (1080,1920,1) 1
022/006/im1.png (1080,1920,1) 1
022/006/im2.png (1080,1920,1) 1
022/006/im3.png (1080,1920,1) 1
022/006/im4.png (1080,1920,1) 1
022/006/im5.png (1080,1920,1) 1
022/006/im6.png (1080,1920,1) 1
022/006/im7.png (1080,1920,1) 1
022/006/im8.png (1080,1920,1) 1
022/006/im9.png (1080,1920,1) 1
022/006/im10.png (1080,1920,1) 1
022/006/im11.png (1080,1920,1) 1
022/006/im12.png (1080,1920,1) 1
022/006/im13.png (1080,1920,1) 1
022/006/im14.png (1080,1920,1) 1
022/006/im15.png (1080,1920,1) 1
022/007/im1.png (1080,1920,1) 1
022/007/im2.png (1080,1920,1) 1
022/007/im3.png (1080,1920,1) 1
022/007/im4.png (1080,1920,1) 1
022/007/im5.png (1080,1920,1) 1
022/007/im6.png (1080,1920,1) 1
022/007/im7.png (1080,1920,1) 1
022/007/im8.png (1080,1920,1) 1
022/007/im9.png (1080,1920,1) 1
022/007/im10.png (1080,1920,1) 1
022/007/im11.png (1080,1920,1) 1
022/007/im12.png (1080,1920,1) 1
022/007/im13.png (1080,1920,1) 1
022/007/im14.png (1080,1920,1) 1
022/007/im15.png (1080,1920,1) 1
022/008/im1.png (1080,1920,1) 1
022/008/im2.png (1080,1920,1) 1
022/008/im3.png (1080,1920,1) 1
022/008/im4.png (1080,1920,1) 1
022/008/im5.png (1080,1920,1) 1
022/008/im6.png (1080,1920,1) 1
022/008/im7.png (1080,1920,1) 1
022/008/im8.png (1080,1920,1) 1
022/008/im9.png (1080,1920,1) 1
022/008/im10.png (1080,1920,1) 1
022/008/im11.png (1080,1920,1) 1
022/008/im12.png (1080,1920,1) 1
022/008/im13.png (1080,1920,1) 1
022/008/im14.png (1080,1920,1) 1
022/008/im15.png (1080,1920,1) 1
022/009/im1.png (1080,1920,1) 1
022/009/im2.png (1080,1920,1) 1
022/009/im3.png (1080,1920,1) 1
022/009/im4.png (1080,1920,1) 1
022/009/im5.png (1080,1920,1) 1
022/009/im6.png (1080,1920,1) 1
022/009/im7.png (1080,1920,1) 1
022/009/im8.png (1080,1920,1) 1
022/009/im9.png (1080,1920,1) 1
022/009/im10.png (1080,1920,1) 1
022/009/im11.png (1080,1920,1) 1
022/009/im12.png (1080,1920,1) 1
022/009/im13.png (1080,1920,1) 1
022/009/im14.png (1080,1920,1) 1
022/009/im15.png (1080,1920,1) 1
022/010/im1.png (1080,1920,1) 1
022/010/im2.png (1080,1920,1) 1
022/010/im3.png (1080,1920,1) 1
022/010/im4.png (1080,1920,1) 1
022/010/im5.png (1080,1920,1) 1
022/010/im6.png (1080,1920,1) 1
022/010/im7.png (1080,1920,1) 1
022/010/im8.png (1080,1920,1) 1
022/010/im9.png (1080,1920,1) 1
022/010/im10.png (1080,1920,1) 1
022/010/im11.png (1080,1920,1) 1
022/010/im12.png (1080,1920,1) 1
022/010/im13.png (1080,1920,1) 1
022/010/im14.png (1080,1920,1) 1
022/010/im15.png (1080,1920,1) 1
022/011/im1.png (1080,1920,1) 1
022/011/im2.png (1080,1920,1) 1
022/011/im3.png (1080,1920,1) 1
022/011/im4.png (1080,1920,1) 1
022/011/im5.png (1080,1920,1) 1
022/011/im6.png (1080,1920,1) 1
022/011/im7.png (1080,1920,1) 1
022/011/im8.png (1080,1920,1) 1
022/011/im9.png (1080,1920,1) 1
022/011/im10.png (1080,1920,1) 1
022/011/im11.png (1080,1920,1) 1
022/011/im12.png (1080,1920,1) 1
022/011/im13.png (1080,1920,1) 1
022/011/im14.png (1080,1920,1) 1
022/011/im15.png (1080,1920,1) 1
022/012/im1.png (1080,1920,1) 1
022/012/im2.png (1080,1920,1) 1
022/012/im3.png (1080,1920,1) 1
022/012/im4.png (1080,1920,1) 1
022/012/im5.png (1080,1920,1) 1
022/012/im6.png (1080,1920,1) 1
022/012/im7.png (1080,1920,1) 1
022/012/im8.png (1080,1920,1) 1
022/012/im9.png (1080,1920,1) 1
022/012/im10.png (1080,1920,1) 1
022/012/im11.png (1080,1920,1) 1
022/012/im12.png (1080,1920,1) 1
022/012/im13.png (1080,1920,1) 1
022/012/im14.png (1080,1920,1) 1
022/012/im15.png (1080,1920,1) 1
022/013/im1.png (1080,1920,1) 1
022/013/im2.png (1080,1920,1) 1
022/013/im3.png (1080,1920,1) 1
022/013/im4.png (1080,1920,1) 1
022/013/im5.png (1080,1920,1) 1
022/013/im6.png (1080,1920,1) 1
022/013/im7.png (1080,1920,1) 1
022/013/im8.png (1080,1920,1) 1
022/013/im9.png (1080,1920,1) 1
022/013/im10.png (1080,1920,1) 1
022/013/im11.png (1080,1920,1) 1
022/013/im12.png (1080,1920,1) 1
022/013/im13.png (1080,1920,1) 1
022/013/im14.png (1080,1920,1) 1
022/013/im15.png (1080,1920,1) 1
022/014/im1.png (1080,1920,1) 1
022/014/im2.png (1080,1920,1) 1
022/014/im3.png (1080,1920,1) 1
022/014/im4.png (1080,1920,1) 1
022/014/im5.png (1080,1920,1) 1
022/014/im6.png (1080,1920,1) 1
022/014/im7.png (1080,1920,1) 1
022/014/im8.png (1080,1920,1) 1
022/014/im9.png (1080,1920,1) 1
022/014/im10.png (1080,1920,1) 1
022/014/im11.png (1080,1920,1) 1
022/014/im12.png (1080,1920,1) 1
022/014/im13.png (1080,1920,1) 1
022/014/im14.png (1080,1920,1) 1
022/014/im15.png (1080,1920,1) 1
022/015/im1.png (1080,1920,1) 1
022/015/im2.png (1080,1920,1) 1
022/015/im3.png (1080,1920,1) 1
022/015/im4.png (1080,1920,1) 1
022/015/im5.png (1080,1920,1) 1
022/015/im6.png (1080,1920,1) 1
022/015/im7.png (1080,1920,1) 1
022/015/im8.png (1080,1920,1) 1
022/015/im9.png (1080,1920,1) 1
022/015/im10.png (1080,1920,1) 1
022/015/im11.png (1080,1920,1) 1
022/015/im12.png (1080,1920,1) 1
022/015/im13.png (1080,1920,1) 1
022/015/im14.png (1080,1920,1) 1
022/015/im15.png (1080,1920,1) 1
022/016/im1.png (1080,1920,1) 1
022/016/im2.png (1080,1920,1) 1
022/016/im3.png (1080,1920,1) 1
022/016/im4.png (1080,1920,1) 1
022/016/im5.png (1080,1920,1) 1
022/016/im6.png (1080,1920,1) 1
022/016/im7.png (1080,1920,1) 1
022/016/im8.png (1080,1920,1) 1
022/016/im9.png (1080,1920,1) 1
022/016/im10.png (1080,1920,1) 1
022/016/im11.png (1080,1920,1) 1
022/016/im12.png (1080,1920,1) 1
022/016/im13.png (1080,1920,1) 1
022/016/im14.png (1080,1920,1) 1
022/016/im15.png (1080,1920,1) 1
022/017/im1.png (1080,1920,1) 1
022/017/im2.png (1080,1920,1) 1
022/017/im3.png (1080,1920,1) 1
022/017/im4.png (1080,1920,1) 1
022/017/im5.png (1080,1920,1) 1
022/017/im6.png (1080,1920,1) 1
022/017/im7.png (1080,1920,1) 1
022/017/im8.png (1080,1920,1) 1
022/017/im9.png (1080,1920,1) 1
022/017/im10.png (1080,1920,1) 1
022/017/im11.png (1080,1920,1) 1
022/017/im12.png (1080,1920,1) 1
022/017/im13.png (1080,1920,1) 1
022/017/im14.png (1080,1920,1) 1
022/017/im15.png (1080,1920,1) 1
022/018/im1.png (1080,1920,1) 1
022/018/im2.png (1080,1920,1) 1
022/018/im3.png (1080,1920,1) 1
022/018/im4.png (1080,1920,1) 1
022/018/im5.png (1080,1920,1) 1
022/018/im6.png (1080,1920,1) 1
022/018/im7.png (1080,1920,1) 1
022/018/im8.png (1080,1920,1) 1
022/018/im9.png (1080,1920,1) 1
022/018/im10.png (1080,1920,1) 1
022/018/im11.png (1080,1920,1) 1
022/018/im12.png (1080,1920,1) 1
022/018/im13.png (1080,1920,1) 1
022/018/im14.png (1080,1920,1) 1
022/018/im15.png (1080,1920,1) 1
022/019/im1.png (1080,1920,1) 1
022/019/im2.png (1080,1920,1) 1
022/019/im3.png (1080,1920,1) 1
022/019/im4.png (1080,1920,1) 1
022/019/im5.png (1080,1920,1) 1
022/019/im6.png (1080,1920,1) 1
022/019/im7.png (1080,1920,1) 1
022/019/im8.png (1080,1920,1) 1
022/019/im9.png (1080,1920,1) 1
022/019/im10.png (1080,1920,1) 1
022/019/im11.png (1080,1920,1) 1
022/019/im12.png (1080,1920,1) 1
022/019/im13.png (1080,1920,1) 1
022/019/im14.png (1080,1920,1) 1
022/019/im15.png (1080,1920,1) 1
022/020/im1.png (1080,1920,1) 1
022/020/im2.png (1080,1920,1) 1
022/020/im3.png (1080,1920,1) 1
022/020/im4.png (1080,1920,1) 1
022/020/im5.png (1080,1920,1) 1
022/020/im6.png (1080,1920,1) 1
022/020/im7.png (1080,1920,1) 1
022/020/im8.png (1080,1920,1) 1
022/020/im9.png (1080,1920,1) 1
022/020/im10.png (1080,1920,1) 1
022/020/im11.png (1080,1920,1) 1
022/020/im12.png (1080,1920,1) 1
022/020/im13.png (1080,1920,1) 1
022/020/im14.png (1080,1920,1) 1
022/020/im15.png (1080,1920,1) 1
023/001/im1.png (1080,1920,1) 1
023/001/im2.png (1080,1920,1) 1
023/001/im3.png (1080,1920,1) 1
023/001/im4.png (1080,1920,1) 1
023/001/im5.png (1080,1920,1) 1
023/001/im6.png (1080,1920,1) 1
023/001/im7.png (1080,1920,1) 1
023/001/im8.png (1080,1920,1) 1
023/001/im9.png (1080,1920,1) 1
023/001/im10.png (1080,1920,1) 1
023/001/im11.png (1080,1920,1) 1
023/001/im12.png (1080,1920,1) 1
023/001/im13.png (1080,1920,1) 1
023/001/im14.png (1080,1920,1) 1
023/001/im15.png (1080,1920,1) 1
023/002/im1.png (1080,1920,1) 1
023/002/im2.png (1080,1920,1) 1
023/002/im3.png (1080,1920,1) 1
023/002/im4.png (1080,1920,1) 1
023/002/im5.png (1080,1920,1) 1
023/002/im6.png (1080,1920,1) 1
023/002/im7.png (1080,1920,1) 1
023/002/im8.png (1080,1920,1) 1
023/002/im9.png (1080,1920,1) 1
023/002/im10.png (1080,1920,1) 1
023/002/im11.png (1080,1920,1) 1
023/002/im12.png (1080,1920,1) 1
023/002/im13.png (1080,1920,1) 1
023/002/im14.png (1080,1920,1) 1
023/002/im15.png (1080,1920,1) 1
023/003/im1.png (1080,1920,1) 1
023/003/im2.png (1080,1920,1) 1
023/003/im3.png (1080,1920,1) 1
023/003/im4.png (1080,1920,1) 1
023/003/im5.png (1080,1920,1) 1
023/003/im6.png (1080,1920,1) 1
023/003/im7.png (1080,1920,1) 1
023/003/im8.png (1080,1920,1) 1
023/003/im9.png (1080,1920,1) 1
023/003/im10.png (1080,1920,1) 1
023/003/im11.png (1080,1920,1) 1
023/003/im12.png (1080,1920,1) 1
023/003/im13.png (1080,1920,1) 1
023/003/im14.png (1080,1920,1) 1
023/003/im15.png (1080,1920,1) 1
023/004/im1.png (1080,1920,1) 1
023/004/im2.png (1080,1920,1) 1
023/004/im3.png (1080,1920,1) 1
023/004/im4.png (1080,1920,1) 1
023/004/im5.png (1080,1920,1) 1
023/004/im6.png (1080,1920,1) 1
023/004/im7.png (1080,1920,1) 1
023/004/im8.png (1080,1920,1) 1
023/004/im9.png (1080,1920,1) 1
023/004/im10.png (1080,1920,1) 1
023/004/im11.png (1080,1920,1) 1
023/004/im12.png (1080,1920,1) 1
023/004/im13.png (1080,1920,1) 1
023/004/im14.png (1080,1920,1) 1
023/004/im15.png (1080,1920,1) 1
023/005/im1.png (1080,1920,1) 1
023/005/im2.png (1080,1920,1) 1
023/005/im3.png (1080,1920,1) 1
023/005/im4.png (1080,1920,1) 1
023/005/im5.png (1080,1920,1) 1
023/005/im6.png (1080,1920,1) 1
023/005/im7.png (1080,1920,1) 1
023/005/im8.png (1080,1920,1) 1
023/005/im9.png (1080,1920,1) 1
023/005/im10.png (1080,1920,1) 1
023/005/im11.png (1080,1920,1) 1
023/005/im12.png (1080,1920,1) 1
023/005/im13.png (1080,1920,1) 1
023/005/im14.png (1080,1920,1) 1
023/005/im15.png (1080,1920,1) 1
023/006/im1.png (1080,1920,1) 1
023/006/im2.png (1080,1920,1) 1
023/006/im3.png (1080,1920,1) 1
023/006/im4.png (1080,1920,1) 1
023/006/im5.png (1080,1920,1) 1
023/006/im6.png (1080,1920,1) 1
023/006/im7.png (1080,1920,1) 1
023/006/im8.png (1080,1920,1) 1
023/006/im9.png (1080,1920,1) 1
023/006/im10.png (1080,1920,1) 1
023/006/im11.png (1080,1920,1) 1
023/006/im12.png (1080,1920,1) 1
023/006/im13.png (1080,1920,1) 1
023/006/im14.png (1080,1920,1) 1
023/006/im15.png (1080,1920,1) 1
023/007/im1.png (1080,1920,1) 1
023/007/im2.png (1080,1920,1) 1
023/007/im3.png (1080,1920,1) 1
023/007/im4.png (1080,1920,1) 1
023/007/im5.png (1080,1920,1) 1
023/007/im6.png (1080,1920,1) 1
023/007/im7.png (1080,1920,1) 1
023/007/im8.png (1080,1920,1) 1
023/007/im9.png (1080,1920,1) 1
023/007/im10.png (1080,1920,1) 1
023/007/im11.png (1080,1920,1) 1
023/007/im12.png (1080,1920,1) 1
023/007/im13.png (1080,1920,1) 1
023/007/im14.png (1080,1920,1) 1
023/007/im15.png (1080,1920,1) 1
023/008/im1.png (1080,1920,1) 1
023/008/im2.png (1080,1920,1) 1
023/008/im3.png (1080,1920,1) 1
023/008/im4.png (1080,1920,1) 1
023/008/im5.png (1080,1920,1) 1
023/008/im6.png (1080,1920,1) 1
023/008/im7.png (1080,1920,1) 1
023/008/im8.png (1080,1920,1) 1
023/008/im9.png (1080,1920,1) 1
023/008/im10.png (1080,1920,1) 1
023/008/im11.png (1080,1920,1) 1
023/008/im12.png (1080,1920,1) 1
023/008/im13.png (1080,1920,1) 1
023/008/im14.png (1080,1920,1) 1
023/008/im15.png (1080,1920,1) 1
023/009/im1.png (1080,1920,1) 1
023/009/im2.png (1080,1920,1) 1
023/009/im3.png (1080,1920,1) 1
023/009/im4.png (1080,1920,1) 1
023/009/im5.png (1080,1920,1) 1
023/009/im6.png (1080,1920,1) 1
023/009/im7.png (1080,1920,1) 1
023/009/im8.png (1080,1920,1) 1
023/009/im9.png (1080,1920,1) 1
023/009/im10.png (1080,1920,1) 1
023/009/im11.png (1080,1920,1) 1
023/009/im12.png (1080,1920,1) 1
023/009/im13.png (1080,1920,1) 1
023/009/im14.png (1080,1920,1) 1
023/009/im15.png (1080,1920,1) 1
023/010/im1.png (1080,1920,1) 1
023/010/im2.png (1080,1920,1) 1
023/010/im3.png (1080,1920,1) 1
023/010/im4.png (1080,1920,1) 1
023/010/im5.png (1080,1920,1) 1
023/010/im6.png (1080,1920,1) 1
023/010/im7.png (1080,1920,1) 1
023/010/im8.png (1080,1920,1) 1
023/010/im9.png (1080,1920,1) 1
023/010/im10.png (1080,1920,1) 1
023/010/im11.png (1080,1920,1) 1
023/010/im12.png (1080,1920,1) 1
023/010/im13.png (1080,1920,1) 1
023/010/im14.png (1080,1920,1) 1
023/010/im15.png (1080,1920,1) 1
023/011/im1.png (1080,1920,1) 1
023/011/im2.png (1080,1920,1) 1
023/011/im3.png (1080,1920,1) 1
023/011/im4.png (1080,1920,1) 1
023/011/im5.png (1080,1920,1) 1
023/011/im6.png (1080,1920,1) 1
023/011/im7.png (1080,1920,1) 1
023/011/im8.png (1080,1920,1) 1
023/011/im9.png (1080,1920,1) 1
023/011/im10.png (1080,1920,1) 1
023/011/im11.png (1080,1920,1) 1
023/011/im12.png (1080,1920,1) 1
023/011/im13.png (1080,1920,1) 1
023/011/im14.png (1080,1920,1) 1
023/011/im15.png (1080,1920,1) 1
023/012/im1.png (1080,1920,1) 1
023/012/im2.png (1080,1920,1) 1
023/012/im3.png (1080,1920,1) 1
023/012/im4.png (1080,1920,1) 1
023/012/im5.png (1080,1920,1) 1
023/012/im6.png (1080,1920,1) 1
023/012/im7.png (1080,1920,1) 1
023/012/im8.png (1080,1920,1) 1
023/012/im9.png (1080,1920,1) 1
023/012/im10.png (1080,1920,1) 1
023/012/im11.png (1080,1920,1) 1
023/012/im12.png (1080,1920,1) 1
023/012/im13.png (1080,1920,1) 1
023/012/im14.png (1080,1920,1) 1
023/012/im15.png (1080,1920,1) 1
023/013/im1.png (1080,1920,1) 1
023/013/im2.png (1080,1920,1) 1
023/013/im3.png (1080,1920,1) 1
023/013/im4.png (1080,1920,1) 1
023/013/im5.png (1080,1920,1) 1
023/013/im6.png (1080,1920,1) 1
023/013/im7.png (1080,1920,1) 1
023/013/im8.png (1080,1920,1) 1
023/013/im9.png (1080,1920,1) 1
023/013/im10.png (1080,1920,1) 1
023/013/im11.png (1080,1920,1) 1
023/013/im12.png (1080,1920,1) 1
023/013/im13.png (1080,1920,1) 1
023/013/im14.png (1080,1920,1) 1
023/013/im15.png (1080,1920,1) 1
023/014/im1.png (1080,1920,1) 1
023/014/im2.png (1080,1920,1) 1
023/014/im3.png (1080,1920,1) 1
023/014/im4.png (1080,1920,1) 1
023/014/im5.png (1080,1920,1) 1
023/014/im6.png (1080,1920,1) 1
023/014/im7.png (1080,1920,1) 1
023/014/im8.png (1080,1920,1) 1
023/014/im9.png (1080,1920,1) 1
023/014/im10.png (1080,1920,1) 1
023/014/im11.png (1080,1920,1) 1
023/014/im12.png (1080,1920,1) 1
023/014/im13.png (1080,1920,1) 1
023/014/im14.png (1080,1920,1) 1
023/014/im15.png (1080,1920,1) 1
023/015/im1.png (1080,1920,1) 1
023/015/im2.png (1080,1920,1) 1
023/015/im3.png (1080,1920,1) 1
023/015/im4.png (1080,1920,1) 1
023/015/im5.png (1080,1920,1) 1
023/015/im6.png (1080,1920,1) 1
023/015/im7.png (1080,1920,1) 1
023/015/im8.png (1080,1920,1) 1
023/015/im9.png (1080,1920,1) 1
023/015/im10.png (1080,1920,1) 1
023/015/im11.png (1080,1920,1) 1
023/015/im12.png (1080,1920,1) 1
023/015/im13.png (1080,1920,1) 1
023/015/im14.png (1080,1920,1) 1
023/015/im15.png (1080,1920,1) 1
023/016/im1.png (1080,1920,1) 1
023/016/im2.png (1080,1920,1) 1
023/016/im3.png (1080,1920,1) 1
023/016/im4.png (1080,1920,1) 1
023/016/im5.png (1080,1920,1) 1
023/016/im6.png (1080,1920,1) 1
023/016/im7.png (1080,1920,1) 1
023/016/im8.png (1080,1920,1) 1
023/016/im9.png (1080,1920,1) 1
023/016/im10.png (1080,1920,1) 1
023/016/im11.png (1080,1920,1) 1
023/016/im12.png (1080,1920,1) 1
023/016/im13.png (1080,1920,1) 1
023/016/im14.png (1080,1920,1) 1
023/016/im15.png (1080,1920,1) 1
023/017/im1.png (1080,1920,1) 1
023/017/im2.png (1080,1920,1) 1
023/017/im3.png (1080,1920,1) 1
023/017/im4.png (1080,1920,1) 1
023/017/im5.png (1080,1920,1) 1
023/017/im6.png (1080,1920,1) 1
023/017/im7.png (1080,1920,1) 1
023/017/im8.png (1080,1920,1) 1
023/017/im9.png (1080,1920,1) 1
023/017/im10.png (1080,1920,1) 1
023/017/im11.png (1080,1920,1) 1
023/017/im12.png (1080,1920,1) 1
023/017/im13.png (1080,1920,1) 1
023/017/im14.png (1080,1920,1) 1
023/017/im15.png (1080,1920,1) 1
023/018/im1.png (1080,1920,1) 1
023/018/im2.png (1080,1920,1) 1
023/018/im3.png (1080,1920,1) 1
023/018/im4.png (1080,1920,1) 1
023/018/im5.png (1080,1920,1) 1
023/018/im6.png (1080,1920,1) 1
023/018/im7.png (1080,1920,1) 1
023/018/im8.png (1080,1920,1) 1
023/018/im9.png (1080,1920,1) 1
023/018/im10.png (1080,1920,1) 1
023/018/im11.png (1080,1920,1) 1
023/018/im12.png (1080,1920,1) 1
023/018/im13.png (1080,1920,1) 1
023/018/im14.png (1080,1920,1) 1
023/018/im15.png (1080,1920,1) 1
023/019/im1.png (1080,1920,1) 1
023/019/im2.png (1080,1920,1) 1
023/019/im3.png (1080,1920,1) 1
023/019/im4.png (1080,1920,1) 1
023/019/im5.png (1080,1920,1) 1
023/019/im6.png (1080,1920,1) 1
023/019/im7.png (1080,1920,1) 1
023/019/im8.png (1080,1920,1) 1
023/019/im9.png (1080,1920,1) 1
023/019/im10.png (1080,1920,1) 1
023/019/im11.png (1080,1920,1) 1
023/019/im12.png (1080,1920,1) 1
023/019/im13.png (1080,1920,1) 1
023/019/im14.png (1080,1920,1) 1
023/019/im15.png (1080,1920,1) 1
023/020/im1.png (1080,1920,1) 1
023/020/im2.png (1080,1920,1) 1
023/020/im3.png (1080,1920,1) 1
023/020/im4.png (1080,1920,1) 1
023/020/im5.png (1080,1920,1) 1
023/020/im6.png (1080,1920,1) 1
023/020/im7.png (1080,1920,1) 1
023/020/im8.png (1080,1920,1) 1
023/020/im9.png (1080,1920,1) 1
023/020/im10.png (1080,1920,1) 1
023/020/im11.png (1080,1920,1) 1
023/020/im12.png (1080,1920,1) 1
023/020/im13.png (1080,1920,1) 1
023/020/im14.png (1080,1920,1) 1
023/020/im15.png (1080,1920,1) 1
024/001/im1.png (1080,1920,1) 1
024/001/im2.png (1080,1920,1) 1
024/001/im3.png (1080,1920,1) 1
024/001/im4.png (1080,1920,1) 1
024/001/im5.png (1080,1920,1) 1
024/001/im6.png (1080,1920,1) 1
024/001/im7.png (1080,1920,1) 1
024/001/im8.png (1080,1920,1) 1
024/001/im9.png (1080,1920,1) 1
024/001/im10.png (1080,1920,1) 1
024/001/im11.png (1080,1920,1) 1
024/001/im12.png (1080,1920,1) 1
024/001/im13.png (1080,1920,1) 1
024/001/im14.png (1080,1920,1) 1
024/001/im15.png (1080,1920,1) 1
024/002/im1.png (1080,1920,1) 1
024/002/im2.png (1080,1920,1) 1
024/002/im3.png (1080,1920,1) 1
024/002/im4.png (1080,1920,1) 1
024/002/im5.png (1080,1920,1) 1
024/002/im6.png (1080,1920,1) 1
024/002/im7.png (1080,1920,1) 1
024/002/im8.png (1080,1920,1) 1
024/002/im9.png (1080,1920,1) 1
024/002/im10.png (1080,1920,1) 1
024/002/im11.png (1080,1920,1) 1
024/002/im12.png (1080,1920,1) 1
024/002/im13.png (1080,1920,1) 1
024/002/im14.png (1080,1920,1) 1
024/002/im15.png (1080,1920,1) 1
024/003/im1.png (1080,1920,1) 1
024/003/im2.png (1080,1920,1) 1
024/003/im3.png (1080,1920,1) 1
024/003/im4.png (1080,1920,1) 1
024/003/im5.png (1080,1920,1) 1
024/003/im6.png (1080,1920,1) 1
024/003/im7.png (1080,1920,1) 1
024/003/im8.png (1080,1920,1) 1
024/003/im9.png (1080,1920,1) 1
024/003/im10.png (1080,1920,1) 1
024/003/im11.png (1080,1920,1) 1
024/003/im12.png (1080,1920,1) 1
024/003/im13.png (1080,1920,1) 1
024/003/im14.png (1080,1920,1) 1
024/003/im15.png (1080,1920,1) 1
024/004/im1.png (1080,1920,1) 1
024/004/im2.png (1080,1920,1) 1
024/004/im3.png (1080,1920,1) 1
024/004/im4.png (1080,1920,1) 1
024/004/im5.png (1080,1920,1) 1
024/004/im6.png (1080,1920,1) 1
024/004/im7.png (1080,1920,1) 1
024/004/im8.png (1080,1920,1) 1
024/004/im9.png (1080,1920,1) 1
024/004/im10.png (1080,1920,1) 1
024/004/im11.png (1080,1920,1) 1
024/004/im12.png (1080,1920,1) 1
024/004/im13.png (1080,1920,1) 1
024/004/im14.png (1080,1920,1) 1
024/004/im15.png (1080,1920,1) 1
024/005/im1.png (1080,1920,1) 1
024/005/im2.png (1080,1920,1) 1
024/005/im3.png (1080,1920,1) 1
024/005/im4.png (1080,1920,1) 1
024/005/im5.png (1080,1920,1) 1
024/005/im6.png (1080,1920,1) 1
024/005/im7.png (1080,1920,1) 1
024/005/im8.png (1080,1920,1) 1
024/005/im9.png (1080,1920,1) 1
024/005/im10.png (1080,1920,1) 1
024/005/im11.png (1080,1920,1) 1
024/005/im12.png (1080,1920,1) 1
024/005/im13.png (1080,1920,1) 1
024/005/im14.png (1080,1920,1) 1
024/005/im15.png (1080,1920,1) 1
024/006/im1.png (1080,1920,1) 1
024/006/im2.png (1080,1920,1) 1
024/006/im3.png (1080,1920,1) 1
024/006/im4.png (1080,1920,1) 1
024/006/im5.png (1080,1920,1) 1
024/006/im6.png (1080,1920,1) 1
024/006/im7.png (1080,1920,1) 1
024/006/im8.png (1080,1920,1) 1
024/006/im9.png (1080,1920,1) 1
024/006/im10.png (1080,1920,1) 1
024/006/im11.png (1080,1920,1) 1
024/006/im12.png (1080,1920,1) 1
024/006/im13.png (1080,1920,1) 1
024/006/im14.png (1080,1920,1) 1
024/006/im15.png (1080,1920,1) 1
024/007/im1.png (1080,1920,1) 1
024/007/im2.png (1080,1920,1) 1
024/007/im3.png (1080,1920,1) 1
024/007/im4.png (1080,1920,1) 1
024/007/im5.png (1080,1920,1) 1
024/007/im6.png (1080,1920,1) 1
024/007/im7.png (1080,1920,1) 1
024/007/im8.png (1080,1920,1) 1
024/007/im9.png (1080,1920,1) 1
024/007/im10.png (1080,1920,1) 1
024/007/im11.png (1080,1920,1) 1
024/007/im12.png (1080,1920,1) 1
024/007/im13.png (1080,1920,1) 1
024/007/im14.png (1080,1920,1) 1
024/007/im15.png (1080,1920,1) 1
024/008/im1.png (1080,1920,1) 1
024/008/im2.png (1080,1920,1) 1
024/008/im3.png (1080,1920,1) 1
024/008/im4.png (1080,1920,1) 1
024/008/im5.png (1080,1920,1) 1
024/008/im6.png (1080,1920,1) 1
024/008/im7.png (1080,1920,1) 1
024/008/im8.png (1080,1920,1) 1
024/008/im9.png (1080,1920,1) 1
024/008/im10.png (1080,1920,1) 1
024/008/im11.png (1080,1920,1) 1
024/008/im12.png (1080,1920,1) 1
024/008/im13.png (1080,1920,1) 1
024/008/im14.png (1080,1920,1) 1
024/008/im15.png (1080,1920,1) 1
024/009/im1.png (1080,1920,1) 1
024/009/im2.png (1080,1920,1) 1
024/009/im3.png (1080,1920,1) 1
024/009/im4.png (1080,1920,1) 1
024/009/im5.png (1080,1920,1) 1
024/009/im6.png (1080,1920,1) 1
024/009/im7.png (1080,1920,1) 1
024/009/im8.png (1080,1920,1) 1
024/009/im9.png (1080,1920,1) 1
024/009/im10.png (1080,1920,1) 1
024/009/im11.png (1080,1920,1) 1
024/009/im12.png (1080,1920,1) 1
024/009/im13.png (1080,1920,1) 1
024/009/im14.png (1080,1920,1) 1
024/009/im15.png (1080,1920,1) 1
024/010/im1.png (1080,1920,1) 1
024/010/im2.png (1080,1920,1) 1
024/010/im3.png (1080,1920,1) 1
024/010/im4.png (1080,1920,1) 1
024/010/im5.png (1080,1920,1) 1
024/010/im6.png (1080,1920,1) 1
024/010/im7.png (1080,1920,1) 1
024/010/im8.png (1080,1920,1) 1
024/010/im9.png (1080,1920,1) 1
024/010/im10.png (1080,1920,1) 1
024/010/im11.png (1080,1920,1) 1
024/010/im12.png (1080,1920,1) 1
024/010/im13.png (1080,1920,1) 1
024/010/im14.png (1080,1920,1) 1
024/010/im15.png (1080,1920,1) 1
024/011/im1.png (1080,1920,1) 1
024/011/im2.png (1080,1920,1) 1
024/011/im3.png (1080,1920,1) 1
024/011/im4.png (1080,1920,1) 1
024/011/im5.png (1080,1920,1) 1
024/011/im6.png (1080,1920,1) 1
024/011/im7.png (1080,1920,1) 1
024/011/im8.png (1080,1920,1) 1
024/011/im9.png (1080,1920,1) 1
024/011/im10.png (1080,1920,1) 1
024/011/im11.png (1080,1920,1) 1
024/011/im12.png (1080,1920,1) 1
024/011/im13.png (1080,1920,1) 1
024/011/im14.png (1080,1920,1) 1
024/011/im15.png (1080,1920,1) 1
024/012/im1.png (1080,1920,1) 1
024/012/im2.png (1080,1920,1) 1
024/012/im3.png (1080,1920,1) 1
024/012/im4.png (1080,1920,1) 1
024/012/im5.png (1080,1920,1) 1
024/012/im6.png (1080,1920,1) 1
024/012/im7.png (1080,1920,1) 1
024/012/im8.png (1080,1920,1) 1
024/012/im9.png (1080,1920,1) 1
024/012/im10.png (1080,1920,1) 1
024/012/im11.png (1080,1920,1) 1
024/012/im12.png (1080,1920,1) 1
024/012/im13.png (1080,1920,1) 1
024/012/im14.png (1080,1920,1) 1
024/012/im15.png (1080,1920,1) 1
024/013/im1.png (1080,1920,1) 1
024/013/im2.png (1080,1920,1) 1
024/013/im3.png (1080,1920,1) 1
024/013/im4.png (1080,1920,1) 1
024/013/im5.png (1080,1920,1) 1
024/013/im6.png (1080,1920,1) 1
024/013/im7.png (1080,1920,1) 1
024/013/im8.png (1080,1920,1) 1
024/013/im9.png (1080,1920,1) 1
024/013/im10.png (1080,1920,1) 1
024/013/im11.png (1080,1920,1) 1
024/013/im12.png (1080,1920,1) 1
024/013/im13.png (1080,1920,1) 1
024/013/im14.png (1080,1920,1) 1
024/013/im15.png (1080,1920,1) 1
024/014/im1.png (1080,1920,1) 1
024/014/im2.png (1080,1920,1) 1
024/014/im3.png (1080,1920,1) 1
024/014/im4.png (1080,1920,1) 1
024/014/im5.png (1080,1920,1) 1
024/014/im6.png (1080,1920,1) 1
024/014/im7.png (1080,1920,1) 1
024/014/im8.png (1080,1920,1) 1
024/014/im9.png (1080,1920,1) 1
024/014/im10.png (1080,1920,1) 1
024/014/im11.png (1080,1920,1) 1
024/014/im12.png (1080,1920,1) 1
024/014/im13.png (1080,1920,1) 1
024/014/im14.png (1080,1920,1) 1
024/014/im15.png (1080,1920,1) 1
024/015/im1.png (1080,1920,1) 1
024/015/im2.png (1080,1920,1) 1
024/015/im3.png (1080,1920,1) 1
024/015/im4.png (1080,1920,1) 1
024/015/im5.png (1080,1920,1) 1
024/015/im6.png (1080,1920,1) 1
024/015/im7.png (1080,1920,1) 1
024/015/im8.png (1080,1920,1) 1
024/015/im9.png (1080,1920,1) 1
024/015/im10.png (1080,1920,1) 1
024/015/im11.png (1080,1920,1) 1
024/015/im12.png (1080,1920,1) 1
024/015/im13.png (1080,1920,1) 1
024/015/im14.png (1080,1920,1) 1
024/015/im15.png (1080,1920,1) 1
024/016/im1.png (1080,1920,1) 1
024/016/im2.png (1080,1920,1) 1
024/016/im3.png (1080,1920,1) 1
024/016/im4.png (1080,1920,1) 1
024/016/im5.png (1080,1920,1) 1
024/016/im6.png (1080,1920,1) 1
024/016/im7.png (1080,1920,1) 1
024/016/im8.png (1080,1920,1) 1
024/016/im9.png (1080,1920,1) 1
024/016/im10.png (1080,1920,1) 1
024/016/im11.png (1080,1920,1) 1
024/016/im12.png (1080,1920,1) 1
024/016/im13.png (1080,1920,1) 1
024/016/im14.png (1080,1920,1) 1
024/016/im15.png (1080,1920,1) 1
024/017/im1.png (1080,1920,1) 1
024/017/im2.png (1080,1920,1) 1
024/017/im3.png (1080,1920,1) 1
024/017/im4.png (1080,1920,1) 1
024/017/im5.png (1080,1920,1) 1
024/017/im6.png (1080,1920,1) 1
024/017/im7.png (1080,1920,1) 1
024/017/im8.png (1080,1920,1) 1
024/017/im9.png (1080,1920,1) 1
024/017/im10.png (1080,1920,1) 1
024/017/im11.png (1080,1920,1) 1
024/017/im12.png (1080,1920,1) 1
024/017/im13.png (1080,1920,1) 1
024/017/im14.png (1080,1920,1) 1
024/017/im15.png (1080,1920,1) 1
024/018/im1.png (1080,1920,1) 1
024/018/im2.png (1080,1920,1) 1
024/018/im3.png (1080,1920,1) 1
024/018/im4.png (1080,1920,1) 1
024/018/im5.png (1080,1920,1) 1
024/018/im6.png (1080,1920,1) 1
024/018/im7.png (1080,1920,1) 1
024/018/im8.png (1080,1920,1) 1
024/018/im9.png (1080,1920,1) 1
024/018/im10.png (1080,1920,1) 1
024/018/im11.png (1080,1920,1) 1
024/018/im12.png (1080,1920,1) 1
024/018/im13.png (1080,1920,1) 1
024/018/im14.png (1080,1920,1) 1
024/018/im15.png (1080,1920,1) 1
024/019/im1.png (1080,1920,1) 1
024/019/im2.png (1080,1920,1) 1
024/019/im3.png (1080,1920,1) 1
024/019/im4.png (1080,1920,1) 1
024/019/im5.png (1080,1920,1) 1
024/019/im6.png (1080,1920,1) 1
024/019/im7.png (1080,1920,1) 1
024/019/im8.png (1080,1920,1) 1
024/019/im9.png (1080,1920,1) 1
024/019/im10.png (1080,1920,1) 1
024/019/im11.png (1080,1920,1) 1
024/019/im12.png (1080,1920,1) 1
024/019/im13.png (1080,1920,1) 1
024/019/im14.png (1080,1920,1) 1
024/019/im15.png (1080,1920,1) 1
024/020/im1.png (1080,1920,1) 1
024/020/im2.png (1080,1920,1) 1
024/020/im3.png (1080,1920,1) 1
024/020/im4.png (1080,1920,1) 1
024/020/im5.png (1080,1920,1) 1
024/020/im6.png (1080,1920,1) 1
024/020/im7.png (1080,1920,1) 1
024/020/im8.png (1080,1920,1) 1
024/020/im9.png (1080,1920,1) 1
024/020/im10.png (1080,1920,1) 1
024/020/im11.png (1080,1920,1) 1
024/020/im12.png (1080,1920,1) 1
024/020/im13.png (1080,1920,1) 1
024/020/im14.png (1080,1920,1) 1
024/020/im15.png (1080,1920,1) 1
025/001/im1.png (1080,1920,1) 1
025/001/im2.png (1080,1920,1) 1
025/001/im3.png (1080,1920,1) 1
025/001/im4.png (1080,1920,1) 1
025/001/im5.png (1080,1920,1) 1
025/001/im6.png (1080,1920,1) 1
025/001/im7.png (1080,1920,1) 1
025/001/im8.png (1080,1920,1) 1
025/001/im9.png (1080,1920,1) 1
025/001/im10.png (1080,1920,1) 1
025/001/im11.png (1080,1920,1) 1
025/001/im12.png (1080,1920,1) 1
025/001/im13.png (1080,1920,1) 1
025/001/im14.png (1080,1920,1) 1
025/001/im15.png (1080,1920,1) 1
025/002/im1.png (1080,1920,1) 1
025/002/im2.png (1080,1920,1) 1
025/002/im3.png (1080,1920,1) 1
025/002/im4.png (1080,1920,1) 1
025/002/im5.png (1080,1920,1) 1
025/002/im6.png (1080,1920,1) 1
025/002/im7.png (1080,1920,1) 1
025/002/im8.png (1080,1920,1) 1
025/002/im9.png (1080,1920,1) 1
025/002/im10.png (1080,1920,1) 1
025/002/im11.png (1080,1920,1) 1
025/002/im12.png (1080,1920,1) 1
025/002/im13.png (1080,1920,1) 1
025/002/im14.png (1080,1920,1) 1
025/002/im15.png (1080,1920,1) 1
025/003/im1.png (1080,1920,1) 1
025/003/im2.png (1080,1920,1) 1
025/003/im3.png (1080,1920,1) 1
025/003/im4.png (1080,1920,1) 1
025/003/im5.png (1080,1920,1) 1
025/003/im6.png (1080,1920,1) 1
025/003/im7.png (1080,1920,1) 1
025/003/im8.png (1080,1920,1) 1
025/003/im9.png (1080,1920,1) 1
025/003/im10.png (1080,1920,1) 1
025/003/im11.png (1080,1920,1) 1
025/003/im12.png (1080,1920,1) 1
025/003/im13.png (1080,1920,1) 1
025/003/im14.png (1080,1920,1) 1
025/003/im15.png (1080,1920,1) 1
025/004/im1.png (1080,1920,1) 1
025/004/im2.png (1080,1920,1) 1
025/004/im3.png (1080,1920,1) 1
025/004/im4.png (1080,1920,1) 1
025/004/im5.png (1080,1920,1) 1
025/004/im6.png (1080,1920,1) 1
025/004/im7.png (1080,1920,1) 1
025/004/im8.png (1080,1920,1) 1
025/004/im9.png (1080,1920,1) 1
025/004/im10.png (1080,1920,1) 1
025/004/im11.png (1080,1920,1) 1
025/004/im12.png (1080,1920,1) 1
025/004/im13.png (1080,1920,1) 1
025/004/im14.png (1080,1920,1) 1
025/004/im15.png (1080,1920,1) 1
025/005/im1.png (1080,1920,1) 1
025/005/im2.png (1080,1920,1) 1
025/005/im3.png (1080,1920,1) 1
025/005/im4.png (1080,1920,1) 1
025/005/im5.png (1080,1920,1) 1
025/005/im6.png (1080,1920,1) 1
025/005/im7.png (1080,1920,1) 1
025/005/im8.png (1080,1920,1) 1
025/005/im9.png (1080,1920,1) 1
025/005/im10.png (1080,1920,1) 1
025/005/im11.png (1080,1920,1) 1
025/005/im12.png (1080,1920,1) 1
025/005/im13.png (1080,1920,1) 1
025/005/im14.png (1080,1920,1) 1
025/005/im15.png (1080,1920,1) 1
025/006/im1.png (1080,1920,1) 1
025/006/im2.png (1080,1920,1) 1
025/006/im3.png (1080,1920,1) 1
025/006/im4.png (1080,1920,1) 1
025/006/im5.png (1080,1920,1) 1
025/006/im6.png (1080,1920,1) 1
025/006/im7.png (1080,1920,1) 1
025/006/im8.png (1080,1920,1) 1
025/006/im9.png (1080,1920,1) 1
025/006/im10.png (1080,1920,1) 1
025/006/im11.png (1080,1920,1) 1
025/006/im12.png (1080,1920,1) 1
025/006/im13.png (1080,1920,1) 1
025/006/im14.png (1080,1920,1) 1
025/006/im15.png (1080,1920,1) 1
025/007/im1.png (1080,1920,1) 1
025/007/im2.png (1080,1920,1) 1
025/007/im3.png (1080,1920,1) 1
025/007/im4.png (1080,1920,1) 1
025/007/im5.png (1080,1920,1) 1
025/007/im6.png (1080,1920,1) 1
025/007/im7.png (1080,1920,1) 1
025/007/im8.png (1080,1920,1) 1
025/007/im9.png (1080,1920,1) 1
025/007/im10.png (1080,1920,1) 1
025/007/im11.png (1080,1920,1) 1
025/007/im12.png (1080,1920,1) 1
025/007/im13.png (1080,1920,1) 1
025/007/im14.png (1080,1920,1) 1
025/007/im15.png (1080,1920,1) 1
025/008/im1.png (1080,1920,1) 1
025/008/im2.png (1080,1920,1) 1
025/008/im3.png (1080,1920,1) 1
025/008/im4.png (1080,1920,1) 1
025/008/im5.png (1080,1920,1) 1
025/008/im6.png (1080,1920,1) 1
025/008/im7.png (1080,1920,1) 1
025/008/im8.png (1080,1920,1) 1
025/008/im9.png (1080,1920,1) 1
025/008/im10.png (1080,1920,1) 1
025/008/im11.png (1080,1920,1) 1
025/008/im12.png (1080,1920,1) 1
025/008/im13.png (1080,1920,1) 1
025/008/im14.png (1080,1920,1) 1
025/008/im15.png (1080,1920,1) 1
025/009/im1.png (1080,1920,1) 1
025/009/im2.png (1080,1920,1) 1
025/009/im3.png (1080,1920,1) 1
025/009/im4.png (1080,1920,1) 1
025/009/im5.png (1080,1920,1) 1
025/009/im6.png (1080,1920,1) 1
025/009/im7.png (1080,1920,1) 1
025/009/im8.png (1080,1920,1) 1
025/009/im9.png (1080,1920,1) 1
025/009/im10.png (1080,1920,1) 1
025/009/im11.png (1080,1920,1) 1
025/009/im12.png (1080,1920,1) 1
025/009/im13.png (1080,1920,1) 1
025/009/im14.png (1080,1920,1) 1
025/009/im15.png (1080,1920,1) 1
025/010/im1.png (1080,1920,1) 1
025/010/im2.png (1080,1920,1) 1
025/010/im3.png (1080,1920,1) 1
025/010/im4.png (1080,1920,1) 1
025/010/im5.png (1080,1920,1) 1
025/010/im6.png (1080,1920,1) 1
025/010/im7.png (1080,1920,1) 1
025/010/im8.png (1080,1920,1) 1
025/010/im9.png (1080,1920,1) 1
025/010/im10.png (1080,1920,1) 1
025/010/im11.png (1080,1920,1) 1
025/010/im12.png (1080,1920,1) 1
025/010/im13.png (1080,1920,1) 1
025/010/im14.png (1080,1920,1) 1
025/010/im15.png (1080,1920,1) 1
025/011/im1.png (1080,1920,1) 1
025/011/im2.png (1080,1920,1) 1
025/011/im3.png (1080,1920,1) 1
025/011/im4.png (1080,1920,1) 1
025/011/im5.png (1080,1920,1) 1
025/011/im6.png (1080,1920,1) 1
025/011/im7.png (1080,1920,1) 1
025/011/im8.png (1080,1920,1) 1
025/011/im9.png (1080,1920,1) 1
025/011/im10.png (1080,1920,1) 1
025/011/im11.png (1080,1920,1) 1
025/011/im12.png (1080,1920,1) 1
025/011/im13.png (1080,1920,1) 1
025/011/im14.png (1080,1920,1) 1
025/011/im15.png (1080,1920,1) 1
025/012/im1.png (1080,1920,1) 1
025/012/im2.png (1080,1920,1) 1
025/012/im3.png (1080,1920,1) 1
025/012/im4.png (1080,1920,1) 1
025/012/im5.png (1080,1920,1) 1
025/012/im6.png (1080,1920,1) 1
025/012/im7.png (1080,1920,1) 1
025/012/im8.png (1080,1920,1) 1
025/012/im9.png (1080,1920,1) 1
025/012/im10.png (1080,1920,1) 1
025/012/im11.png (1080,1920,1) 1
025/012/im12.png (1080,1920,1) 1
025/012/im13.png (1080,1920,1) 1
025/012/im14.png (1080,1920,1) 1
025/012/im15.png (1080,1920,1) 1
025/013/im1.png (1080,1920,1) 1
025/013/im2.png (1080,1920,1) 1
025/013/im3.png (1080,1920,1) 1
025/013/im4.png (1080,1920,1) 1
025/013/im5.png (1080,1920,1) 1
025/013/im6.png (1080,1920,1) 1
025/013/im7.png (1080,1920,1) 1
025/013/im8.png (1080,1920,1) 1
025/013/im9.png (1080,1920,1) 1
025/013/im10.png (1080,1920,1) 1
025/013/im11.png (1080,1920,1) 1
025/013/im12.png (1080,1920,1) 1
025/013/im13.png (1080,1920,1) 1
025/013/im14.png (1080,1920,1) 1
025/013/im15.png (1080,1920,1) 1
025/014/im1.png (1080,1920,1) 1
025/014/im2.png (1080,1920,1) 1
025/014/im3.png (1080,1920,1) 1
025/014/im4.png (1080,1920,1) 1
025/014/im5.png (1080,1920,1) 1
025/014/im6.png (1080,1920,1) 1
025/014/im7.png (1080,1920,1) 1
025/014/im8.png (1080,1920,1) 1
025/014/im9.png (1080,1920,1) 1
025/014/im10.png (1080,1920,1) 1
025/014/im11.png (1080,1920,1) 1
025/014/im12.png (1080,1920,1) 1
025/014/im13.png (1080,1920,1) 1
025/014/im14.png (1080,1920,1) 1
025/014/im15.png (1080,1920,1) 1
025/015/im1.png (1080,1920,1) 1
025/015/im2.png (1080,1920,1) 1
025/015/im3.png (1080,1920,1) 1
025/015/im4.png (1080,1920,1) 1
025/015/im5.png (1080,1920,1) 1
025/015/im6.png (1080,1920,1) 1
025/015/im7.png (1080,1920,1) 1
025/015/im8.png (1080,1920,1) 1
025/015/im9.png (1080,1920,1) 1
025/015/im10.png (1080,1920,1) 1
025/015/im11.png (1080,1920,1) 1
025/015/im12.png (1080,1920,1) 1
025/015/im13.png (1080,1920,1) 1
025/015/im14.png (1080,1920,1) 1
025/015/im15.png (1080,1920,1) 1
025/016/im1.png (1080,1920,1) 1
025/016/im2.png (1080,1920,1) 1
025/016/im3.png (1080,1920,1) 1
025/016/im4.png (1080,1920,1) 1
025/016/im5.png (1080,1920,1) 1
025/016/im6.png (1080,1920,1) 1
025/016/im7.png (1080,1920,1) 1
025/016/im8.png (1080,1920,1) 1
025/016/im9.png (1080,1920,1) 1
025/016/im10.png (1080,1920,1) 1
025/016/im11.png (1080,1920,1) 1
025/016/im12.png (1080,1920,1) 1
025/016/im13.png (1080,1920,1) 1
025/016/im14.png (1080,1920,1) 1
025/016/im15.png (1080,1920,1) 1
025/017/im1.png (1080,1920,1) 1
025/017/im2.png (1080,1920,1) 1
025/017/im3.png (1080,1920,1) 1
025/017/im4.png (1080,1920,1) 1
025/017/im5.png (1080,1920,1) 1
025/017/im6.png (1080,1920,1) 1
025/017/im7.png (1080,1920,1) 1
025/017/im8.png (1080,1920,1) 1
025/017/im9.png (1080,1920,1) 1
025/017/im10.png (1080,1920,1) 1
025/017/im11.png (1080,1920,1) 1
025/017/im12.png (1080,1920,1) 1
025/017/im13.png (1080,1920,1) 1
025/017/im14.png (1080,1920,1) 1
025/017/im15.png (1080,1920,1) 1
025/018/im1.png (1080,1920,1) 1
025/018/im2.png (1080,1920,1) 1
025/018/im3.png (1080,1920,1) 1
025/018/im4.png (1080,1920,1) 1
025/018/im5.png (1080,1920,1) 1
025/018/im6.png (1080,1920,1) 1
025/018/im7.png (1080,1920,1) 1
025/018/im8.png (1080,1920,1) 1
025/018/im9.png (1080,1920,1) 1
025/018/im10.png (1080,1920,1) 1
025/018/im11.png (1080,1920,1) 1
025/018/im12.png (1080,1920,1) 1
025/018/im13.png (1080,1920,1) 1
025/018/im14.png (1080,1920,1) 1
025/018/im15.png (1080,1920,1) 1
025/019/im1.png (1080,1920,1) 1
025/019/im2.png (1080,1920,1) 1
025/019/im3.png (1080,1920,1) 1
025/019/im4.png (1080,1920,1) 1
025/019/im5.png (1080,1920,1) 1
025/019/im6.png (1080,1920,1) 1
025/019/im7.png (1080,1920,1) 1
025/019/im8.png (1080,1920,1) 1
025/019/im9.png (1080,1920,1) 1
025/019/im10.png (1080,1920,1) 1
025/019/im11.png (1080,1920,1) 1
025/019/im12.png (1080,1920,1) 1
025/019/im13.png (1080,1920,1) 1
025/019/im14.png (1080,1920,1) 1
025/019/im15.png (1080,1920,1) 1
025/020/im1.png (1080,1920,1) 1
025/020/im2.png (1080,1920,1) 1
025/020/im3.png (1080,1920,1) 1
025/020/im4.png (1080,1920,1) 1
025/020/im5.png (1080,1920,1) 1
025/020/im6.png (1080,1920,1) 1
025/020/im7.png (1080,1920,1) 1
025/020/im8.png (1080,1920,1) 1
025/020/im9.png (1080,1920,1) 1
025/020/im10.png (1080,1920,1) 1
025/020/im11.png (1080,1920,1) 1
025/020/im12.png (1080,1920,1) 1
025/020/im13.png (1080,1920,1) 1
025/020/im14.png (1080,1920,1) 1
025/020/im15.png (1080,1920,1) 1
026/001/im1.png (1080,2048,1) 1
026/001/im2.png (1080,2048,1) 1
026/001/im3.png (1080,2048,1) 1
026/001/im4.png (1080,2048,1) 1
026/001/im5.png (1080,2048,1) 1
026/001/im6.png (1080,2048,1) 1
026/001/im7.png (1080,2048,1) 1
026/001/im8.png (1080,2048,1) 1
026/001/im9.png (1080,2048,1) 1
026/001/im10.png (1080,2048,1) 1
026/001/im11.png (1080,2048,1) 1
026/001/im12.png (1080,2048,1) 1
026/001/im13.png (1080,2048,1) 1
026/001/im14.png (1080,2048,1) 1
026/001/im15.png (1080,2048,1) 1
026/002/im1.png (1080,2048,1) 1
026/002/im2.png (1080,2048,1) 1
026/002/im3.png (1080,2048,1) 1
026/002/im4.png (1080,2048,1) 1
026/002/im5.png (1080,2048,1) 1
026/002/im6.png (1080,2048,1) 1
026/002/im7.png (1080,2048,1) 1
026/002/im8.png (1080,2048,1) 1
026/002/im9.png (1080,2048,1) 1
026/002/im10.png (1080,2048,1) 1
026/002/im11.png (1080,2048,1) 1
026/002/im12.png (1080,2048,1) 1
026/002/im13.png (1080,2048,1) 1
026/002/im14.png (1080,2048,1) 1
026/002/im15.png (1080,2048,1) 1
026/003/im1.png (1080,2048,1) 1
026/003/im2.png (1080,2048,1) 1
026/003/im3.png (1080,2048,1) 1
026/003/im4.png (1080,2048,1) 1
026/003/im5.png (1080,2048,1) 1
026/003/im6.png (1080,2048,1) 1
026/003/im7.png (1080,2048,1) 1
026/003/im8.png (1080,2048,1) 1
026/003/im9.png (1080,2048,1) 1
026/003/im10.png (1080,2048,1) 1
026/003/im11.png (1080,2048,1) 1
026/003/im12.png (1080,2048,1) 1
026/003/im13.png (1080,2048,1) 1
026/003/im14.png (1080,2048,1) 1
026/003/im15.png (1080,2048,1) 1
026/004/im1.png (1080,2048,1) 1
026/004/im2.png (1080,2048,1) 1
026/004/im3.png (1080,2048,1) 1
026/004/im4.png (1080,2048,1) 1
026/004/im5.png (1080,2048,1) 1
026/004/im6.png (1080,2048,1) 1
026/004/im7.png (1080,2048,1) 1
026/004/im8.png (1080,2048,1) 1
026/004/im9.png (1080,2048,1) 1
026/004/im10.png (1080,2048,1) 1
026/004/im11.png (1080,2048,1) 1
026/004/im12.png (1080,2048,1) 1
026/004/im13.png (1080,2048,1) 1
026/004/im14.png (1080,2048,1) 1
026/004/im15.png (1080,2048,1) 1
026/005/im1.png (1080,2048,1) 1
026/005/im2.png (1080,2048,1) 1
026/005/im3.png (1080,2048,1) 1
026/005/im4.png (1080,2048,1) 1
026/005/im5.png (1080,2048,1) 1
026/005/im6.png (1080,2048,1) 1
026/005/im7.png (1080,2048,1) 1
026/005/im8.png (1080,2048,1) 1
026/005/im9.png (1080,2048,1) 1
026/005/im10.png (1080,2048,1) 1
026/005/im11.png (1080,2048,1) 1
026/005/im12.png (1080,2048,1) 1
026/005/im13.png (1080,2048,1) 1
026/005/im14.png (1080,2048,1) 1
026/005/im15.png (1080,2048,1) 1
026/006/im1.png (1080,2048,1) 1
026/006/im2.png (1080,2048,1) 1
026/006/im3.png (1080,2048,1) 1
026/006/im4.png (1080,2048,1) 1
026/006/im5.png (1080,2048,1) 1
026/006/im6.png (1080,2048,1) 1
026/006/im7.png (1080,2048,1) 1
026/006/im8.png (1080,2048,1) 1
026/006/im9.png (1080,2048,1) 1
026/006/im10.png (1080,2048,1) 1
026/006/im11.png (1080,2048,1) 1
026/006/im12.png (1080,2048,1) 1
026/006/im13.png (1080,2048,1) 1
026/006/im14.png (1080,2048,1) 1
026/006/im15.png (1080,2048,1) 1
026/007/im1.png (1080,2048,1) 1
026/007/im2.png (1080,2048,1) 1
026/007/im3.png (1080,2048,1) 1
026/007/im4.png (1080,2048,1) 1
026/007/im5.png (1080,2048,1) 1
026/007/im6.png (1080,2048,1) 1
026/007/im7.png (1080,2048,1) 1
026/007/im8.png (1080,2048,1) 1
026/007/im9.png (1080,2048,1) 1
026/007/im10.png (1080,2048,1) 1
026/007/im11.png (1080,2048,1) 1
026/007/im12.png (1080,2048,1) 1
026/007/im13.png (1080,2048,1) 1
026/007/im14.png (1080,2048,1) 1
026/007/im15.png (1080,2048,1) 1
026/008/im1.png (1080,2048,1) 1
026/008/im2.png (1080,2048,1) 1
026/008/im3.png (1080,2048,1) 1
026/008/im4.png (1080,2048,1) 1
026/008/im5.png (1080,2048,1) 1
026/008/im6.png (1080,2048,1) 1
026/008/im7.png (1080,2048,1) 1
026/008/im8.png (1080,2048,1) 1
026/008/im9.png (1080,2048,1) 1
026/008/im10.png (1080,2048,1) 1
026/008/im11.png (1080,2048,1) 1
026/008/im12.png (1080,2048,1) 1
026/008/im13.png (1080,2048,1) 1
026/008/im14.png (1080,2048,1) 1
026/008/im15.png (1080,2048,1) 1
026/009/im1.png (1080,2048,1) 1
026/009/im2.png (1080,2048,1) 1
026/009/im3.png (1080,2048,1) 1
026/009/im4.png (1080,2048,1) 1
026/009/im5.png (1080,2048,1) 1
026/009/im6.png (1080,2048,1) 1
026/009/im7.png (1080,2048,1) 1
026/009/im8.png (1080,2048,1) 1
026/009/im9.png (1080,2048,1) 1
026/009/im10.png (1080,2048,1) 1
026/009/im11.png (1080,2048,1) 1
026/009/im12.png (1080,2048,1) 1
026/009/im13.png (1080,2048,1) 1
026/009/im14.png (1080,2048,1) 1
026/009/im15.png (1080,2048,1) 1
026/010/im1.png (1080,2048,1) 1
026/010/im2.png (1080,2048,1) 1
026/010/im3.png (1080,2048,1) 1
026/010/im4.png (1080,2048,1) 1
026/010/im5.png (1080,2048,1) 1
026/010/im6.png (1080,2048,1) 1
026/010/im7.png (1080,2048,1) 1
026/010/im8.png (1080,2048,1) 1
026/010/im9.png (1080,2048,1) 1
026/010/im10.png (1080,2048,1) 1
026/010/im11.png (1080,2048,1) 1
026/010/im12.png (1080,2048,1) 1
026/010/im13.png (1080,2048,1) 1
026/010/im14.png (1080,2048,1) 1
026/010/im15.png (1080,2048,1) 1
026/011/im1.png (1080,2048,1) 1
026/011/im2.png (1080,2048,1) 1
026/011/im3.png (1080,2048,1) 1
026/011/im4.png (1080,2048,1) 1
026/011/im5.png (1080,2048,1) 1
026/011/im6.png (1080,2048,1) 1
026/011/im7.png (1080,2048,1) 1
026/011/im8.png (1080,2048,1) 1
026/011/im9.png (1080,2048,1) 1
026/011/im10.png (1080,2048,1) 1
026/011/im11.png (1080,2048,1) 1
026/011/im12.png (1080,2048,1) 1
026/011/im13.png (1080,2048,1) 1
026/011/im14.png (1080,2048,1) 1
026/011/im15.png (1080,2048,1) 1
026/012/im1.png (1080,2048,1) 1
026/012/im2.png (1080,2048,1) 1
026/012/im3.png (1080,2048,1) 1
026/012/im4.png (1080,2048,1) 1
026/012/im5.png (1080,2048,1) 1
026/012/im6.png (1080,2048,1) 1
026/012/im7.png (1080,2048,1) 1
026/012/im8.png (1080,2048,1) 1
026/012/im9.png (1080,2048,1) 1
026/012/im10.png (1080,2048,1) 1
026/012/im11.png (1080,2048,1) 1
026/012/im12.png (1080,2048,1) 1
026/012/im13.png (1080,2048,1) 1
026/012/im14.png (1080,2048,1) 1
026/012/im15.png (1080,2048,1) 1
026/013/im1.png (1080,2048,1) 1
026/013/im2.png (1080,2048,1) 1
026/013/im3.png (1080,2048,1) 1
026/013/im4.png (1080,2048,1) 1
026/013/im5.png (1080,2048,1) 1
026/013/im6.png (1080,2048,1) 1
026/013/im7.png (1080,2048,1) 1
026/013/im8.png (1080,2048,1) 1
026/013/im9.png (1080,2048,1) 1
026/013/im10.png (1080,2048,1) 1
026/013/im11.png (1080,2048,1) 1
026/013/im12.png (1080,2048,1) 1
026/013/im13.png (1080,2048,1) 1
026/013/im14.png (1080,2048,1) 1
026/013/im15.png (1080,2048,1) 1
026/014/im1.png (1080,2048,1) 1
026/014/im2.png (1080,2048,1) 1
026/014/im3.png (1080,2048,1) 1
026/014/im4.png (1080,2048,1) 1
026/014/im5.png (1080,2048,1) 1
026/014/im6.png (1080,2048,1) 1
026/014/im7.png (1080,2048,1) 1
026/014/im8.png (1080,2048,1) 1
026/014/im9.png (1080,2048,1) 1
026/014/im10.png (1080,2048,1) 1
026/014/im11.png (1080,2048,1) 1
026/014/im12.png (1080,2048,1) 1
026/014/im13.png (1080,2048,1) 1
026/014/im14.png (1080,2048,1) 1
026/014/im15.png (1080,2048,1) 1
026/015/im1.png (1080,2048,1) 1
026/015/im2.png (1080,2048,1) 1
026/015/im3.png (1080,2048,1) 1
026/015/im4.png (1080,2048,1) 1
026/015/im5.png (1080,2048,1) 1
026/015/im6.png (1080,2048,1) 1
026/015/im7.png (1080,2048,1) 1
026/015/im8.png (1080,2048,1) 1
026/015/im9.png (1080,2048,1) 1
026/015/im10.png (1080,2048,1) 1
026/015/im11.png (1080,2048,1) 1
026/015/im12.png (1080,2048,1) 1
026/015/im13.png (1080,2048,1) 1
026/015/im14.png (1080,2048,1) 1
026/015/im15.png (1080,2048,1) 1
026/016/im1.png (1080,2048,1) 1
026/016/im2.png (1080,2048,1) 1
026/016/im3.png (1080,2048,1) 1
026/016/im4.png (1080,2048,1) 1
026/016/im5.png (1080,2048,1) 1
026/016/im6.png (1080,2048,1) 1
026/016/im7.png (1080,2048,1) 1
026/016/im8.png (1080,2048,1) 1
026/016/im9.png (1080,2048,1) 1
026/016/im10.png (1080,2048,1) 1
026/016/im11.png (1080,2048,1) 1
026/016/im12.png (1080,2048,1) 1
026/016/im13.png (1080,2048,1) 1
026/016/im14.png (1080,2048,1) 1
026/016/im15.png (1080,2048,1) 1
027/001/im1.png (1080,2048,1) 1
027/001/im2.png (1080,2048,1) 1
027/001/im3.png (1080,2048,1) 1
027/001/im4.png (1080,2048,1) 1
027/001/im5.png (1080,2048,1) 1
027/001/im6.png (1080,2048,1) 1
027/001/im7.png (1080,2048,1) 1
027/001/im8.png (1080,2048,1) 1
027/001/im9.png (1080,2048,1) 1
027/001/im10.png (1080,2048,1) 1
027/001/im11.png (1080,2048,1) 1
027/001/im12.png (1080,2048,1) 1
027/001/im13.png (1080,2048,1) 1
027/001/im14.png (1080,2048,1) 1
027/001/im15.png (1080,2048,1) 1
027/002/im1.png (1080,2048,1) 1
027/002/im2.png (1080,2048,1) 1
027/002/im3.png (1080,2048,1) 1
027/002/im4.png (1080,2048,1) 1
027/002/im5.png (1080,2048,1) 1
027/002/im6.png (1080,2048,1) 1
027/002/im7.png (1080,2048,1) 1
027/002/im8.png (1080,2048,1) 1
027/002/im9.png (1080,2048,1) 1
027/002/im10.png (1080,2048,1) 1
027/002/im11.png (1080,2048,1) 1
027/002/im12.png (1080,2048,1) 1
027/002/im13.png (1080,2048,1) 1
027/002/im14.png (1080,2048,1) 1
027/002/im15.png (1080,2048,1) 1
027/003/im1.png (1080,2048,1) 1
027/003/im2.png (1080,2048,1) 1
027/003/im3.png (1080,2048,1) 1
027/003/im4.png (1080,2048,1) 1
027/003/im5.png (1080,2048,1) 1
027/003/im6.png (1080,2048,1) 1
027/003/im7.png (1080,2048,1) 1
027/003/im8.png (1080,2048,1) 1
027/003/im9.png (1080,2048,1) 1
027/003/im10.png (1080,2048,1) 1
027/003/im11.png (1080,2048,1) 1
027/003/im12.png (1080,2048,1) 1
027/003/im13.png (1080,2048,1) 1
027/003/im14.png (1080,2048,1) 1
027/003/im15.png (1080,2048,1) 1
027/004/im1.png (1080,2048,1) 1
027/004/im2.png (1080,2048,1) 1
027/004/im3.png (1080,2048,1) 1
027/004/im4.png (1080,2048,1) 1
027/004/im5.png (1080,2048,1) 1
027/004/im6.png (1080,2048,1) 1
027/004/im7.png (1080,2048,1) 1
027/004/im8.png (1080,2048,1) 1
027/004/im9.png (1080,2048,1) 1
027/004/im10.png (1080,2048,1) 1
027/004/im11.png (1080,2048,1) 1
027/004/im12.png (1080,2048,1) 1
027/004/im13.png (1080,2048,1) 1
027/004/im14.png (1080,2048,1) 1
027/004/im15.png (1080,2048,1) 1
027/005/im1.png (1080,2048,1) 1
027/005/im2.png (1080,2048,1) 1
027/005/im3.png (1080,2048,1) 1
027/005/im4.png (1080,2048,1) 1
027/005/im5.png (1080,2048,1) 1
027/005/im6.png (1080,2048,1) 1
027/005/im7.png (1080,2048,1) 1
027/005/im8.png (1080,2048,1) 1
027/005/im9.png (1080,2048,1) 1
027/005/im10.png (1080,2048,1) 1
027/005/im11.png (1080,2048,1) 1
027/005/im12.png (1080,2048,1) 1
027/005/im13.png (1080,2048,1) 1
027/005/im14.png (1080,2048,1) 1
027/005/im15.png (1080,2048,1) 1
027/006/im1.png (1080,2048,1) 1
027/006/im2.png (1080,2048,1) 1
027/006/im3.png (1080,2048,1) 1
027/006/im4.png (1080,2048,1) 1
027/006/im5.png (1080,2048,1) 1
027/006/im6.png (1080,2048,1) 1
027/006/im7.png (1080,2048,1) 1
027/006/im8.png (1080,2048,1) 1
027/006/im9.png (1080,2048,1) 1
027/006/im10.png (1080,2048,1) 1
027/006/im11.png (1080,2048,1) 1
027/006/im12.png (1080,2048,1) 1
027/006/im13.png (1080,2048,1) 1
027/006/im14.png (1080,2048,1) 1
027/006/im15.png (1080,2048,1) 1
027/007/im1.png (1080,2048,1) 1
027/007/im2.png (1080,2048,1) 1
027/007/im3.png (1080,2048,1) 1
027/007/im4.png (1080,2048,1) 1
027/007/im5.png (1080,2048,1) 1
027/007/im6.png (1080,2048,1) 1
027/007/im7.png (1080,2048,1) 1
027/007/im8.png (1080,2048,1) 1
027/007/im9.png (1080,2048,1) 1
027/007/im10.png (1080,2048,1) 1
027/007/im11.png (1080,2048,1) 1
027/007/im12.png (1080,2048,1) 1
027/007/im13.png (1080,2048,1) 1
027/007/im14.png (1080,2048,1) 1
027/007/im15.png (1080,2048,1) 1
027/008/im1.png (1080,2048,1) 1
027/008/im2.png (1080,2048,1) 1
027/008/im3.png (1080,2048,1) 1
027/008/im4.png (1080,2048,1) 1
027/008/im5.png (1080,2048,1) 1
027/008/im6.png (1080,2048,1) 1
027/008/im7.png (1080,2048,1) 1
027/008/im8.png (1080,2048,1) 1
027/008/im9.png (1080,2048,1) 1
027/008/im10.png (1080,2048,1) 1
027/008/im11.png (1080,2048,1) 1
027/008/im12.png (1080,2048,1) 1
027/008/im13.png (1080,2048,1) 1
027/008/im14.png (1080,2048,1) 1
027/008/im15.png (1080,2048,1) 1
027/009/im1.png (1080,2048,1) 1
027/009/im2.png (1080,2048,1) 1
027/009/im3.png (1080,2048,1) 1
027/009/im4.png (1080,2048,1) 1
027/009/im5.png (1080,2048,1) 1
027/009/im6.png (1080,2048,1) 1
027/009/im7.png (1080,2048,1) 1
027/009/im8.png (1080,2048,1) 1
027/009/im9.png (1080,2048,1) 1
027/009/im10.png (1080,2048,1) 1
027/009/im11.png (1080,2048,1) 1
027/009/im12.png (1080,2048,1) 1
027/009/im13.png (1080,2048,1) 1
027/009/im14.png (1080,2048,1) 1
027/009/im15.png (1080,2048,1) 1
027/010/im1.png (1080,2048,1) 1
027/010/im2.png (1080,2048,1) 1
027/010/im3.png (1080,2048,1) 1
027/010/im4.png (1080,2048,1) 1
027/010/im5.png (1080,2048,1) 1
027/010/im6.png (1080,2048,1) 1
027/010/im7.png (1080,2048,1) 1
027/010/im8.png (1080,2048,1) 1
027/010/im9.png (1080,2048,1) 1
027/010/im10.png (1080,2048,1) 1
027/010/im11.png (1080,2048,1) 1
027/010/im12.png (1080,2048,1) 1
027/010/im13.png (1080,2048,1) 1
027/010/im14.png (1080,2048,1) 1
027/010/im15.png (1080,2048,1) 1
027/011/im1.png (1080,2048,1) 1
027/011/im2.png (1080,2048,1) 1
027/011/im3.png (1080,2048,1) 1
027/011/im4.png (1080,2048,1) 1
027/011/im5.png (1080,2048,1) 1
027/011/im6.png (1080,2048,1) 1
027/011/im7.png (1080,2048,1) 1
027/011/im8.png (1080,2048,1) 1
027/011/im9.png (1080,2048,1) 1
027/011/im10.png (1080,2048,1) 1
027/011/im11.png (1080,2048,1) 1
027/011/im12.png (1080,2048,1) 1
027/011/im13.png (1080,2048,1) 1
027/011/im14.png (1080,2048,1) 1
027/011/im15.png (1080,2048,1) 1
027/012/im1.png (1080,2048,1) 1
027/012/im2.png (1080,2048,1) 1
027/012/im3.png (1080,2048,1) 1
027/012/im4.png (1080,2048,1) 1
027/012/im5.png (1080,2048,1) 1
027/012/im6.png (1080,2048,1) 1
027/012/im7.png (1080,2048,1) 1
027/012/im8.png (1080,2048,1) 1
027/012/im9.png (1080,2048,1) 1
027/012/im10.png (1080,2048,1) 1
027/012/im11.png (1080,2048,1) 1
027/012/im12.png (1080,2048,1) 1
027/012/im13.png (1080,2048,1) 1
027/012/im14.png (1080,2048,1) 1
027/012/im15.png (1080,2048,1) 1
027/013/im1.png (1080,2048,1) 1
027/013/im2.png (1080,2048,1) 1
027/013/im3.png (1080,2048,1) 1
027/013/im4.png (1080,2048,1) 1
027/013/im5.png (1080,2048,1) 1
027/013/im6.png (1080,2048,1) 1
027/013/im7.png (1080,2048,1) 1
027/013/im8.png (1080,2048,1) 1
027/013/im9.png (1080,2048,1) 1
027/013/im10.png (1080,2048,1) 1
027/013/im11.png (1080,2048,1) 1
027/013/im12.png (1080,2048,1) 1
027/013/im13.png (1080,2048,1) 1
027/013/im14.png (1080,2048,1) 1
027/013/im15.png (1080,2048,1) 1
027/014/im1.png (1080,2048,1) 1
027/014/im2.png (1080,2048,1) 1
027/014/im3.png (1080,2048,1) 1
027/014/im4.png (1080,2048,1) 1
027/014/im5.png (1080,2048,1) 1
027/014/im6.png (1080,2048,1) 1
027/014/im7.png (1080,2048,1) 1
027/014/im8.png (1080,2048,1) 1
027/014/im9.png (1080,2048,1) 1
027/014/im10.png (1080,2048,1) 1
027/014/im11.png (1080,2048,1) 1
027/014/im12.png (1080,2048,1) 1
027/014/im13.png (1080,2048,1) 1
027/014/im14.png (1080,2048,1) 1
027/014/im15.png (1080,2048,1) 1
027/015/im1.png (1080,2048,1) 1
027/015/im2.png (1080,2048,1) 1
027/015/im3.png (1080,2048,1) 1
027/015/im4.png (1080,2048,1) 1
027/015/im5.png (1080,2048,1) 1
027/015/im6.png (1080,2048,1) 1
027/015/im7.png (1080,2048,1) 1
027/015/im8.png (1080,2048,1) 1
027/015/im9.png (1080,2048,1) 1
027/015/im10.png (1080,2048,1) 1
027/015/im11.png (1080,2048,1) 1
027/015/im12.png (1080,2048,1) 1
027/015/im13.png (1080,2048,1) 1
027/015/im14.png (1080,2048,1) 1
027/015/im15.png (1080,2048,1) 1
027/016/im1.png (1080,2048,1) 1
027/016/im2.png (1080,2048,1) 1
027/016/im3.png (1080,2048,1) 1
027/016/im4.png (1080,2048,1) 1
027/016/im5.png (1080,2048,1) 1
027/016/im6.png (1080,2048,1) 1
027/016/im7.png (1080,2048,1) 1
027/016/im8.png (1080,2048,1) 1
027/016/im9.png (1080,2048,1) 1
027/016/im10.png (1080,2048,1) 1
027/016/im11.png (1080,2048,1) 1
027/016/im12.png (1080,2048,1) 1
027/016/im13.png (1080,2048,1) 1
027/016/im14.png (1080,2048,1) 1
027/016/im15.png (1080,2048,1) 1
027/017/im1.png (1080,2048,1) 1
027/017/im2.png (1080,2048,1) 1
027/017/im3.png (1080,2048,1) 1
027/017/im4.png (1080,2048,1) 1
027/017/im5.png (1080,2048,1) 1
027/017/im6.png (1080,2048,1) 1
027/017/im7.png (1080,2048,1) 1
027/017/im8.png (1080,2048,1) 1
027/017/im9.png (1080,2048,1) 1
027/017/im10.png (1080,2048,1) 1
027/017/im11.png (1080,2048,1) 1
027/017/im12.png (1080,2048,1) 1
027/017/im13.png (1080,2048,1) 1
027/017/im14.png (1080,2048,1) 1
027/017/im15.png (1080,2048,1) 1
027/018/im1.png (1080,2048,1) 1
027/018/im2.png (1080,2048,1) 1
027/018/im3.png (1080,2048,1) 1
027/018/im4.png (1080,2048,1) 1
027/018/im5.png (1080,2048,1) 1
027/018/im6.png (1080,2048,1) 1
027/018/im7.png (1080,2048,1) 1
027/018/im8.png (1080,2048,1) 1
027/018/im9.png (1080,2048,1) 1
027/018/im10.png (1080,2048,1) 1
027/018/im11.png (1080,2048,1) 1
027/018/im12.png (1080,2048,1) 1
027/018/im13.png (1080,2048,1) 1
027/018/im14.png (1080,2048,1) 1
027/018/im15.png (1080,2048,1) 1
027/019/im1.png (1080,2048,1) 1
027/019/im2.png (1080,2048,1) 1
027/019/im3.png (1080,2048,1) 1
027/019/im4.png (1080,2048,1) 1
027/019/im5.png (1080,2048,1) 1
027/019/im6.png (1080,2048,1) 1
027/019/im7.png (1080,2048,1) 1
027/019/im8.png (1080,2048,1) 1
027/019/im9.png (1080,2048,1) 1
027/019/im10.png (1080,2048,1) 1
027/019/im11.png (1080,2048,1) 1
027/019/im12.png (1080,2048,1) 1
027/019/im13.png (1080,2048,1) 1
027/019/im14.png (1080,2048,1) 1
027/019/im15.png (1080,2048,1) 1
027/020/im1.png (1080,2048,1) 1
027/020/im2.png (1080,2048,1) 1
027/020/im3.png (1080,2048,1) 1
027/020/im4.png (1080,2048,1) 1
027/020/im5.png (1080,2048,1) 1
027/020/im6.png (1080,2048,1) 1
027/020/im7.png (1080,2048,1) 1
027/020/im8.png (1080,2048,1) 1
027/020/im9.png (1080,2048,1) 1
027/020/im10.png (1080,2048,1) 1
027/020/im11.png (1080,2048,1) 1
027/020/im12.png (1080,2048,1) 1
027/020/im13.png (1080,2048,1) 1
027/020/im14.png (1080,2048,1) 1
027/020/im15.png (1080,2048,1) 1
028/001/im1.png (1080,2048,1) 1
028/001/im2.png (1080,2048,1) 1
028/001/im3.png (1080,2048,1) 1
028/001/im4.png (1080,2048,1) 1
028/001/im5.png (1080,2048,1) 1
028/001/im6.png (1080,2048,1) 1
028/001/im7.png (1080,2048,1) 1
028/001/im8.png (1080,2048,1) 1
028/001/im9.png (1080,2048,1) 1
028/001/im10.png (1080,2048,1) 1
028/001/im11.png (1080,2048,1) 1
028/001/im12.png (1080,2048,1) 1
028/001/im13.png (1080,2048,1) 1
028/001/im14.png (1080,2048,1) 1
028/001/im15.png (1080,2048,1) 1
028/002/im1.png (1080,2048,1) 1
028/002/im2.png (1080,2048,1) 1
028/002/im3.png (1080,2048,1) 1
028/002/im4.png (1080,2048,1) 1
028/002/im5.png (1080,2048,1) 1
028/002/im6.png (1080,2048,1) 1
028/002/im7.png (1080,2048,1) 1
028/002/im8.png (1080,2048,1) 1
028/002/im9.png (1080,2048,1) 1
028/002/im10.png (1080,2048,1) 1
028/002/im11.png (1080,2048,1) 1
028/002/im12.png (1080,2048,1) 1
028/002/im13.png (1080,2048,1) 1
028/002/im14.png (1080,2048,1) 1
028/002/im15.png (1080,2048,1) 1
028/003/im1.png (1080,2048,1) 1
028/003/im2.png (1080,2048,1) 1
028/003/im3.png (1080,2048,1) 1
028/003/im4.png (1080,2048,1) 1
028/003/im5.png (1080,2048,1) 1
028/003/im6.png (1080,2048,1) 1
028/003/im7.png (1080,2048,1) 1
028/003/im8.png (1080,2048,1) 1
028/003/im9.png (1080,2048,1) 1
028/003/im10.png (1080,2048,1) 1
028/003/im11.png (1080,2048,1) 1
028/003/im12.png (1080,2048,1) 1
028/003/im13.png (1080,2048,1) 1
028/003/im14.png (1080,2048,1) 1
028/003/im15.png (1080,2048,1) 1
028/004/im1.png (1080,2048,1) 1
028/004/im2.png (1080,2048,1) 1
028/004/im3.png (1080,2048,1) 1
028/004/im4.png (1080,2048,1) 1
028/004/im5.png (1080,2048,1) 1
028/004/im6.png (1080,2048,1) 1
028/004/im7.png (1080,2048,1) 1
028/004/im8.png (1080,2048,1) 1
028/004/im9.png (1080,2048,1) 1
028/004/im10.png (1080,2048,1) 1
028/004/im11.png (1080,2048,1) 1
028/004/im12.png (1080,2048,1) 1
028/004/im13.png (1080,2048,1) 1
028/004/im14.png (1080,2048,1) 1
028/004/im15.png (1080,2048,1) 1
028/005/im1.png (1080,2048,1) 1
028/005/im2.png (1080,2048,1) 1
028/005/im3.png (1080,2048,1) 1
028/005/im4.png (1080,2048,1) 1
028/005/im5.png (1080,2048,1) 1
028/005/im6.png (1080,2048,1) 1
028/005/im7.png (1080,2048,1) 1
028/005/im8.png (1080,2048,1) 1
028/005/im9.png (1080,2048,1) 1
028/005/im10.png (1080,2048,1) 1
028/005/im11.png (1080,2048,1) 1
028/005/im12.png (1080,2048,1) 1
028/005/im13.png (1080,2048,1) 1
028/005/im14.png (1080,2048,1) 1
028/005/im15.png (1080,2048,1) 1
028/006/im1.png (1080,2048,1) 1
028/006/im2.png (1080,2048,1) 1
028/006/im3.png (1080,2048,1) 1
028/006/im4.png (1080,2048,1) 1
028/006/im5.png (1080,2048,1) 1
028/006/im6.png (1080,2048,1) 1
028/006/im7.png (1080,2048,1) 1
028/006/im8.png (1080,2048,1) 1
028/006/im9.png (1080,2048,1) 1
028/006/im10.png (1080,2048,1) 1
028/006/im11.png (1080,2048,1) 1
028/006/im12.png (1080,2048,1) 1
028/006/im13.png (1080,2048,1) 1
028/006/im14.png (1080,2048,1) 1
028/006/im15.png (1080,2048,1) 1
028/007/im1.png (1080,2048,1) 1
028/007/im2.png (1080,2048,1) 1
028/007/im3.png (1080,2048,1) 1
028/007/im4.png (1080,2048,1) 1
028/007/im5.png (1080,2048,1) 1
028/007/im6.png (1080,2048,1) 1
028/007/im7.png (1080,2048,1) 1
028/007/im8.png (1080,2048,1) 1
028/007/im9.png (1080,2048,1) 1
028/007/im10.png (1080,2048,1) 1
028/007/im11.png (1080,2048,1) 1
028/007/im12.png (1080,2048,1) 1
028/007/im13.png (1080,2048,1) 1
028/007/im14.png (1080,2048,1) 1
028/007/im15.png (1080,2048,1) 1
028/008/im1.png (1080,2048,1) 1
028/008/im2.png (1080,2048,1) 1
028/008/im3.png (1080,2048,1) 1
028/008/im4.png (1080,2048,1) 1
028/008/im5.png (1080,2048,1) 1
028/008/im6.png (1080,2048,1) 1
028/008/im7.png (1080,2048,1) 1
028/008/im8.png (1080,2048,1) 1
028/008/im9.png (1080,2048,1) 1
028/008/im10.png (1080,2048,1) 1
028/008/im11.png (1080,2048,1) 1
028/008/im12.png (1080,2048,1) 1
028/008/im13.png (1080,2048,1) 1
028/008/im14.png (1080,2048,1) 1
028/008/im15.png (1080,2048,1) 1
028/009/im1.png (1080,2048,1) 1
028/009/im2.png (1080,2048,1) 1
028/009/im3.png (1080,2048,1) 1
028/009/im4.png (1080,2048,1) 1
028/009/im5.png (1080,2048,1) 1
028/009/im6.png (1080,2048,1) 1
028/009/im7.png (1080,2048,1) 1
028/009/im8.png (1080,2048,1) 1
028/009/im9.png (1080,2048,1) 1
028/009/im10.png (1080,2048,1) 1
028/009/im11.png (1080,2048,1) 1
028/009/im12.png (1080,2048,1) 1
028/009/im13.png (1080,2048,1) 1
028/009/im14.png (1080,2048,1) 1
028/009/im15.png (1080,2048,1) 1
028/010/im1.png (1080,2048,1) 1
028/010/im2.png (1080,2048,1) 1
028/010/im3.png (1080,2048,1) 1
028/010/im4.png (1080,2048,1) 1
028/010/im5.png (1080,2048,1) 1
028/010/im6.png (1080,2048,1) 1
028/010/im7.png (1080,2048,1) 1
028/010/im8.png (1080,2048,1) 1
028/010/im9.png (1080,2048,1) 1
028/010/im10.png (1080,2048,1) 1
028/010/im11.png (1080,2048,1) 1
028/010/im12.png (1080,2048,1) 1
028/010/im13.png (1080,2048,1) 1
028/010/im14.png (1080,2048,1) 1
028/010/im15.png (1080,2048,1) 1
028/011/im1.png (1080,2048,1) 1
028/011/im2.png (1080,2048,1) 1
028/011/im3.png (1080,2048,1) 1
028/011/im4.png (1080,2048,1) 1
028/011/im5.png (1080,2048,1) 1
028/011/im6.png (1080,2048,1) 1
028/011/im7.png (1080,2048,1) 1
028/011/im8.png (1080,2048,1) 1
028/011/im9.png (1080,2048,1) 1
028/011/im10.png (1080,2048,1) 1
028/011/im11.png (1080,2048,1) 1
028/011/im12.png (1080,2048,1) 1
028/011/im13.png (1080,2048,1) 1
028/011/im14.png (1080,2048,1) 1
028/011/im15.png (1080,2048,1) 1
028/012/im1.png (1080,2048,1) 1
028/012/im2.png (1080,2048,1) 1
028/012/im3.png (1080,2048,1) 1
028/012/im4.png (1080,2048,1) 1
028/012/im5.png (1080,2048,1) 1
028/012/im6.png (1080,2048,1) 1
028/012/im7.png (1080,2048,1) 1
028/012/im8.png (1080,2048,1) 1
028/012/im9.png (1080,2048,1) 1
028/012/im10.png (1080,2048,1) 1
028/012/im11.png (1080,2048,1) 1
028/012/im12.png (1080,2048,1) 1
028/012/im13.png (1080,2048,1) 1
028/012/im14.png (1080,2048,1) 1
028/012/im15.png (1080,2048,1) 1
028/013/im1.png (1080,2048,1) 1
028/013/im2.png (1080,2048,1) 1
028/013/im3.png (1080,2048,1) 1
028/013/im4.png (1080,2048,1) 1
028/013/im5.png (1080,2048,1) 1
028/013/im6.png (1080,2048,1) 1
028/013/im7.png (1080,2048,1) 1
028/013/im8.png (1080,2048,1) 1
028/013/im9.png (1080,2048,1) 1
028/013/im10.png (1080,2048,1) 1
028/013/im11.png (1080,2048,1) 1
028/013/im12.png (1080,2048,1) 1
028/013/im13.png (1080,2048,1) 1
028/013/im14.png (1080,2048,1) 1
028/013/im15.png (1080,2048,1) 1
028/014/im1.png (1080,2048,1) 1
028/014/im2.png (1080,2048,1) 1
028/014/im3.png (1080,2048,1) 1
028/014/im4.png (1080,2048,1) 1
028/014/im5.png (1080,2048,1) 1
028/014/im6.png (1080,2048,1) 1
028/014/im7.png (1080,2048,1) 1
028/014/im8.png (1080,2048,1) 1
028/014/im9.png (1080,2048,1) 1
028/014/im10.png (1080,2048,1) 1
028/014/im11.png (1080,2048,1) 1
028/014/im12.png (1080,2048,1) 1
028/014/im13.png (1080,2048,1) 1
028/014/im14.png (1080,2048,1) 1
028/014/im15.png (1080,2048,1) 1
028/015/im1.png (1080,2048,1) 1
028/015/im2.png (1080,2048,1) 1
028/015/im3.png (1080,2048,1) 1
028/015/im4.png (1080,2048,1) 1
028/015/im5.png (1080,2048,1) 1
028/015/im6.png (1080,2048,1) 1
028/015/im7.png (1080,2048,1) 1
028/015/im8.png (1080,2048,1) 1
028/015/im9.png (1080,2048,1) 1
028/015/im10.png (1080,2048,1) 1
028/015/im11.png (1080,2048,1) 1
028/015/im12.png (1080,2048,1) 1
028/015/im13.png (1080,2048,1) 1
028/015/im14.png (1080,2048,1) 1
028/015/im15.png (1080,2048,1) 1
028/016/im1.png (1080,2048,1) 1
028/016/im2.png (1080,2048,1) 1
028/016/im3.png (1080,2048,1) 1
028/016/im4.png (1080,2048,1) 1
028/016/im5.png (1080,2048,1) 1
028/016/im6.png (1080,2048,1) 1
028/016/im7.png (1080,2048,1) 1
028/016/im8.png (1080,2048,1) 1
028/016/im9.png (1080,2048,1) 1
028/016/im10.png (1080,2048,1) 1
028/016/im11.png (1080,2048,1) 1
028/016/im12.png (1080,2048,1) 1
028/016/im13.png (1080,2048,1) 1
028/016/im14.png (1080,2048,1) 1
028/016/im15.png (1080,2048,1) 1
028/017/im1.png (1080,2048,1) 1
028/017/im2.png (1080,2048,1) 1
028/017/im3.png (1080,2048,1) 1
028/017/im4.png (1080,2048,1) 1
028/017/im5.png (1080,2048,1) 1
028/017/im6.png (1080,2048,1) 1
028/017/im7.png (1080,2048,1) 1
028/017/im8.png (1080,2048,1) 1
028/017/im9.png (1080,2048,1) 1
028/017/im10.png (1080,2048,1) 1
028/017/im11.png (1080,2048,1) 1
028/017/im12.png (1080,2048,1) 1
028/017/im13.png (1080,2048,1) 1
028/017/im14.png (1080,2048,1) 1
028/017/im15.png (1080,2048,1) 1
028/018/im1.png (1080,2048,1) 1
028/018/im2.png (1080,2048,1) 1
028/018/im3.png (1080,2048,1) 1
028/018/im4.png (1080,2048,1) 1
028/018/im5.png (1080,2048,1) 1
028/018/im6.png (1080,2048,1) 1
028/018/im7.png (1080,2048,1) 1
028/018/im8.png (1080,2048,1) 1
028/018/im9.png (1080,2048,1) 1
028/018/im10.png (1080,2048,1) 1
028/018/im11.png (1080,2048,1) 1
028/018/im12.png (1080,2048,1) 1
028/018/im13.png (1080,2048,1) 1
028/018/im14.png (1080,2048,1) 1
028/018/im15.png (1080,2048,1) 1
028/019/im1.png (1080,2048,1) 1
028/019/im2.png (1080,2048,1) 1
028/019/im3.png (1080,2048,1) 1
028/019/im4.png (1080,2048,1) 1
028/019/im5.png (1080,2048,1) 1
028/019/im6.png (1080,2048,1) 1
028/019/im7.png (1080,2048,1) 1
028/019/im8.png (1080,2048,1) 1
028/019/im9.png (1080,2048,1) 1
028/019/im10.png (1080,2048,1) 1
028/019/im11.png (1080,2048,1) 1
028/019/im12.png (1080,2048,1) 1
028/019/im13.png (1080,2048,1) 1
028/019/im14.png (1080,2048,1) 1
028/019/im15.png (1080,2048,1) 1
028/020/im1.png (1080,2048,1) 1
028/020/im2.png (1080,2048,1) 1
028/020/im3.png (1080,2048,1) 1
028/020/im4.png (1080,2048,1) 1
028/020/im5.png (1080,2048,1) 1
028/020/im6.png (1080,2048,1) 1
028/020/im7.png (1080,2048,1) 1
028/020/im8.png (1080,2048,1) 1
028/020/im9.png (1080,2048,1) 1
028/020/im10.png (1080,2048,1) 1
028/020/im11.png (1080,2048,1) 1
028/020/im12.png (1080,2048,1) 1
028/020/im13.png (1080,2048,1) 1
028/020/im14.png (1080,2048,1) 1
028/020/im15.png (1080,2048,1) 1
029/001/im1.png (1080,2048,1) 1
029/001/im2.png (1080,2048,1) 1
029/001/im3.png (1080,2048,1) 1
029/001/im4.png (1080,2048,1) 1
029/001/im5.png (1080,2048,1) 1
029/001/im6.png (1080,2048,1) 1
029/001/im7.png (1080,2048,1) 1
029/001/im8.png (1080,2048,1) 1
029/001/im9.png (1080,2048,1) 1
029/001/im10.png (1080,2048,1) 1
029/001/im11.png (1080,2048,1) 1
029/001/im12.png (1080,2048,1) 1
029/001/im13.png (1080,2048,1) 1
029/001/im14.png (1080,2048,1) 1
029/001/im15.png (1080,2048,1) 1
029/002/im1.png (1080,2048,1) 1
029/002/im2.png (1080,2048,1) 1
029/002/im3.png (1080,2048,1) 1
029/002/im4.png (1080,2048,1) 1
029/002/im5.png (1080,2048,1) 1
029/002/im6.png (1080,2048,1) 1
029/002/im7.png (1080,2048,1) 1
029/002/im8.png (1080,2048,1) 1
029/002/im9.png (1080,2048,1) 1
029/002/im10.png (1080,2048,1) 1
029/002/im11.png (1080,2048,1) 1
029/002/im12.png (1080,2048,1) 1
029/002/im13.png (1080,2048,1) 1
029/002/im14.png (1080,2048,1) 1
029/002/im15.png (1080,2048,1) 1
029/003/im1.png (1080,2048,1) 1
029/003/im2.png (1080,2048,1) 1
029/003/im3.png (1080,2048,1) 1
029/003/im4.png (1080,2048,1) 1
029/003/im5.png (1080,2048,1) 1
029/003/im6.png (1080,2048,1) 1
029/003/im7.png (1080,2048,1) 1
029/003/im8.png (1080,2048,1) 1
029/003/im9.png (1080,2048,1) 1
029/003/im10.png (1080,2048,1) 1
029/003/im11.png (1080,2048,1) 1
029/003/im12.png (1080,2048,1) 1
029/003/im13.png (1080,2048,1) 1
029/003/im14.png (1080,2048,1) 1
029/003/im15.png (1080,2048,1) 1
029/004/im1.png (1080,2048,1) 1
029/004/im2.png (1080,2048,1) 1
029/004/im3.png (1080,2048,1) 1
029/004/im4.png (1080,2048,1) 1
029/004/im5.png (1080,2048,1) 1
029/004/im6.png (1080,2048,1) 1
029/004/im7.png (1080,2048,1) 1
029/004/im8.png (1080,2048,1) 1
029/004/im9.png (1080,2048,1) 1
029/004/im10.png (1080,2048,1) 1
029/004/im11.png (1080,2048,1) 1
029/004/im12.png (1080,2048,1) 1
029/004/im13.png (1080,2048,1) 1
029/004/im14.png (1080,2048,1) 1
029/004/im15.png (1080,2048,1) 1
029/005/im1.png (1080,2048,1) 1
029/005/im2.png (1080,2048,1) 1
029/005/im3.png (1080,2048,1) 1
029/005/im4.png (1080,2048,1) 1
029/005/im5.png (1080,2048,1) 1
029/005/im6.png (1080,2048,1) 1
029/005/im7.png (1080,2048,1) 1
029/005/im8.png (1080,2048,1) 1
029/005/im9.png (1080,2048,1) 1
029/005/im10.png (1080,2048,1) 1
029/005/im11.png (1080,2048,1) 1
029/005/im12.png (1080,2048,1) 1
029/005/im13.png (1080,2048,1) 1
029/005/im14.png (1080,2048,1) 1
029/005/im15.png (1080,2048,1) 1
029/006/im1.png (1080,2048,1) 1
029/006/im2.png (1080,2048,1) 1
029/006/im3.png (1080,2048,1) 1
029/006/im4.png (1080,2048,1) 1
029/006/im5.png (1080,2048,1) 1
029/006/im6.png (1080,2048,1) 1
029/006/im7.png (1080,2048,1) 1
029/006/im8.png (1080,2048,1) 1
029/006/im9.png (1080,2048,1) 1
029/006/im10.png (1080,2048,1) 1
029/006/im11.png (1080,2048,1) 1
029/006/im12.png (1080,2048,1) 1
029/006/im13.png (1080,2048,1) 1
029/006/im14.png (1080,2048,1) 1
029/006/im15.png (1080,2048,1) 1
029/007/im1.png (1080,2048,1) 1
029/007/im2.png (1080,2048,1) 1
029/007/im3.png (1080,2048,1) 1
029/007/im4.png (1080,2048,1) 1
029/007/im5.png (1080,2048,1) 1
029/007/im6.png (1080,2048,1) 1
029/007/im7.png (1080,2048,1) 1
029/007/im8.png (1080,2048,1) 1
029/007/im9.png (1080,2048,1) 1
029/007/im10.png (1080,2048,1) 1
029/007/im11.png (1080,2048,1) 1
029/007/im12.png (1080,2048,1) 1
029/007/im13.png (1080,2048,1) 1
029/007/im14.png (1080,2048,1) 1
029/007/im15.png (1080,2048,1) 1
029/008/im1.png (1080,2048,1) 1
029/008/im2.png (1080,2048,1) 1
029/008/im3.png (1080,2048,1) 1
029/008/im4.png (1080,2048,1) 1
029/008/im5.png (1080,2048,1) 1
029/008/im6.png (1080,2048,1) 1
029/008/im7.png (1080,2048,1) 1
029/008/im8.png (1080,2048,1) 1
029/008/im9.png (1080,2048,1) 1
029/008/im10.png (1080,2048,1) 1
029/008/im11.png (1080,2048,1) 1
029/008/im12.png (1080,2048,1) 1
029/008/im13.png (1080,2048,1) 1
029/008/im14.png (1080,2048,1) 1
029/008/im15.png (1080,2048,1) 1
029/009/im1.png (1080,2048,1) 1
029/009/im2.png (1080,2048,1) 1
029/009/im3.png (1080,2048,1) 1
029/009/im4.png (1080,2048,1) 1
029/009/im5.png (1080,2048,1) 1
029/009/im6.png (1080,2048,1) 1
029/009/im7.png (1080,2048,1) 1
029/009/im8.png (1080,2048,1) 1
029/009/im9.png (1080,2048,1) 1
029/009/im10.png (1080,2048,1) 1
029/009/im11.png (1080,2048,1) 1
029/009/im12.png (1080,2048,1) 1
029/009/im13.png (1080,2048,1) 1
029/009/im14.png (1080,2048,1) 1
029/009/im15.png (1080,2048,1) 1
029/010/im1.png (1080,2048,1) 1
029/010/im2.png (1080,2048,1) 1
029/010/im3.png (1080,2048,1) 1
029/010/im4.png (1080,2048,1) 1
029/010/im5.png (1080,2048,1) 1
029/010/im6.png (1080,2048,1) 1
029/010/im7.png (1080,2048,1) 1
029/010/im8.png (1080,2048,1) 1
029/010/im9.png (1080,2048,1) 1
029/010/im10.png (1080,2048,1) 1
029/010/im11.png (1080,2048,1) 1
029/010/im12.png (1080,2048,1) 1
029/010/im13.png (1080,2048,1) 1
029/010/im14.png (1080,2048,1) 1
029/010/im15.png (1080,2048,1) 1
029/011/im1.png (1080,2048,1) 1
029/011/im2.png (1080,2048,1) 1
029/011/im3.png (1080,2048,1) 1
029/011/im4.png (1080,2048,1) 1
029/011/im5.png (1080,2048,1) 1
029/011/im6.png (1080,2048,1) 1
029/011/im7.png (1080,2048,1) 1
029/011/im8.png (1080,2048,1) 1
029/011/im9.png (1080,2048,1) 1
029/011/im10.png (1080,2048,1) 1
029/011/im11.png (1080,2048,1) 1
029/011/im12.png (1080,2048,1) 1
029/011/im13.png (1080,2048,1) 1
029/011/im14.png (1080,2048,1) 1
029/011/im15.png (1080,2048,1) 1
029/012/im1.png (1080,2048,1) 1
029/012/im2.png (1080,2048,1) 1
029/012/im3.png (1080,2048,1) 1
029/012/im4.png (1080,2048,1) 1
029/012/im5.png (1080,2048,1) 1
029/012/im6.png (1080,2048,1) 1
029/012/im7.png (1080,2048,1) 1
029/012/im8.png (1080,2048,1) 1
029/012/im9.png (1080,2048,1) 1
029/012/im10.png (1080,2048,1) 1
029/012/im11.png (1080,2048,1) 1
029/012/im12.png (1080,2048,1) 1
029/012/im13.png (1080,2048,1) 1
029/012/im14.png (1080,2048,1) 1
029/012/im15.png (1080,2048,1) 1
029/013/im1.png (1080,2048,1) 1
029/013/im2.png (1080,2048,1) 1
029/013/im3.png (1080,2048,1) 1
029/013/im4.png (1080,2048,1) 1
029/013/im5.png (1080,2048,1) 1
029/013/im6.png (1080,2048,1) 1
029/013/im7.png (1080,2048,1) 1
029/013/im8.png (1080,2048,1) 1
029/013/im9.png (1080,2048,1) 1
029/013/im10.png (1080,2048,1) 1
029/013/im11.png (1080,2048,1) 1
029/013/im12.png (1080,2048,1) 1
029/013/im13.png (1080,2048,1) 1
029/013/im14.png (1080,2048,1) 1
029/013/im15.png (1080,2048,1) 1
029/014/im1.png (1080,2048,1) 1
029/014/im2.png (1080,2048,1) 1
029/014/im3.png (1080,2048,1) 1
029/014/im4.png (1080,2048,1) 1
029/014/im5.png (1080,2048,1) 1
029/014/im6.png (1080,2048,1) 1
029/014/im7.png (1080,2048,1) 1
029/014/im8.png (1080,2048,1) 1
029/014/im9.png (1080,2048,1) 1
029/014/im10.png (1080,2048,1) 1
029/014/im11.png (1080,2048,1) 1
029/014/im12.png (1080,2048,1) 1
029/014/im13.png (1080,2048,1) 1
029/014/im14.png (1080,2048,1) 1
029/014/im15.png (1080,2048,1) 1
029/015/im1.png (1080,2048,1) 1
029/015/im2.png (1080,2048,1) 1
029/015/im3.png (1080,2048,1) 1
029/015/im4.png (1080,2048,1) 1
029/015/im5.png (1080,2048,1) 1
029/015/im6.png (1080,2048,1) 1
029/015/im7.png (1080,2048,1) 1
029/015/im8.png (1080,2048,1) 1
029/015/im9.png (1080,2048,1) 1
029/015/im10.png (1080,2048,1) 1
029/015/im11.png (1080,2048,1) 1
029/015/im12.png (1080,2048,1) 1
029/015/im13.png (1080,2048,1) 1
029/015/im14.png (1080,2048,1) 1
029/015/im15.png (1080,2048,1) 1
029/016/im1.png (1080,2048,1) 1
029/016/im2.png (1080,2048,1) 1
029/016/im3.png (1080,2048,1) 1
029/016/im4.png (1080,2048,1) 1
029/016/im5.png (1080,2048,1) 1
029/016/im6.png (1080,2048,1) 1
029/016/im7.png (1080,2048,1) 1
029/016/im8.png (1080,2048,1) 1
029/016/im9.png (1080,2048,1) 1
029/016/im10.png (1080,2048,1) 1
029/016/im11.png (1080,2048,1) 1
029/016/im12.png (1080,2048,1) 1
029/016/im13.png (1080,2048,1) 1
029/016/im14.png (1080,2048,1) 1
029/016/im15.png (1080,2048,1) 1
029/017/im1.png (1080,2048,1) 1
029/017/im2.png (1080,2048,1) 1
029/017/im3.png (1080,2048,1) 1
029/017/im4.png (1080,2048,1) 1
029/017/im5.png (1080,2048,1) 1
029/017/im6.png (1080,2048,1) 1
029/017/im7.png (1080,2048,1) 1
029/017/im8.png (1080,2048,1) 1
029/017/im9.png (1080,2048,1) 1
029/017/im10.png (1080,2048,1) 1
029/017/im11.png (1080,2048,1) 1
029/017/im12.png (1080,2048,1) 1
029/017/im13.png (1080,2048,1) 1
029/017/im14.png (1080,2048,1) 1
029/017/im15.png (1080,2048,1) 1
029/018/im1.png (1080,2048,1) 1
029/018/im2.png (1080,2048,1) 1
029/018/im3.png (1080,2048,1) 1
029/018/im4.png (1080,2048,1) 1
029/018/im5.png (1080,2048,1) 1
029/018/im6.png (1080,2048,1) 1
029/018/im7.png (1080,2048,1) 1
029/018/im8.png (1080,2048,1) 1
029/018/im9.png (1080,2048,1) 1
029/018/im10.png (1080,2048,1) 1
029/018/im11.png (1080,2048,1) 1
029/018/im12.png (1080,2048,1) 1
029/018/im13.png (1080,2048,1) 1
029/018/im14.png (1080,2048,1) 1
029/018/im15.png (1080,2048,1) 1
029/019/im1.png (1080,2048,1) 1
029/019/im2.png (1080,2048,1) 1
029/019/im3.png (1080,2048,1) 1
029/019/im4.png (1080,2048,1) 1
029/019/im5.png (1080,2048,1) 1
029/019/im6.png (1080,2048,1) 1
029/019/im7.png (1080,2048,1) 1
029/019/im8.png (1080,2048,1) 1
029/019/im9.png (1080,2048,1) 1
029/019/im10.png (1080,2048,1) 1
029/019/im11.png (1080,2048,1) 1
029/019/im12.png (1080,2048,1) 1
029/019/im13.png (1080,2048,1) 1
029/019/im14.png (1080,2048,1) 1
029/019/im15.png (1080,2048,1) 1
029/020/im1.png (1080,2048,1) 1
029/020/im2.png (1080,2048,1) 1
029/020/im3.png (1080,2048,1) 1
029/020/im4.png (1080,2048,1) 1
029/020/im5.png (1080,2048,1) 1
029/020/im6.png (1080,2048,1) 1
029/020/im7.png (1080,2048,1) 1
029/020/im8.png (1080,2048,1) 1
029/020/im9.png (1080,2048,1) 1
029/020/im10.png (1080,2048,1) 1
029/020/im11.png (1080,2048,1) 1
029/020/im12.png (1080,2048,1) 1
029/020/im13.png (1080,2048,1) 1
029/020/im14.png (1080,2048,1) 1
029/020/im15.png (1080,2048,1) 1
030/001/im1.png (1080,2048,1) 1
030/001/im2.png (1080,2048,1) 1
030/001/im3.png (1080,2048,1) 1
030/001/im4.png (1080,2048,1) 1
030/001/im5.png (1080,2048,1) 1
030/001/im6.png (1080,2048,1) 1
030/001/im7.png (1080,2048,1) 1
030/001/im8.png (1080,2048,1) 1
030/001/im9.png (1080,2048,1) 1
030/001/im10.png (1080,2048,1) 1
030/001/im11.png (1080,2048,1) 1
030/001/im12.png (1080,2048,1) 1
030/001/im13.png (1080,2048,1) 1
030/001/im14.png (1080,2048,1) 1
030/001/im15.png (1080,2048,1) 1
030/002/im1.png (1080,2048,1) 1
030/002/im2.png (1080,2048,1) 1
030/002/im3.png (1080,2048,1) 1
030/002/im4.png (1080,2048,1) 1
030/002/im5.png (1080,2048,1) 1
030/002/im6.png (1080,2048,1) 1
030/002/im7.png (1080,2048,1) 1
030/002/im8.png (1080,2048,1) 1
030/002/im9.png (1080,2048,1) 1
030/002/im10.png (1080,2048,1) 1
030/002/im11.png (1080,2048,1) 1
030/002/im12.png (1080,2048,1) 1
030/002/im13.png (1080,2048,1) 1
030/002/im14.png (1080,2048,1) 1
030/002/im15.png (1080,2048,1) 1
030/003/im1.png (1080,2048,1) 1
030/003/im2.png (1080,2048,1) 1
030/003/im3.png (1080,2048,1) 1
030/003/im4.png (1080,2048,1) 1
030/003/im5.png (1080,2048,1) 1
030/003/im6.png (1080,2048,1) 1
030/003/im7.png (1080,2048,1) 1
030/003/im8.png (1080,2048,1) 1
030/003/im9.png (1080,2048,1) 1
030/003/im10.png (1080,2048,1) 1
030/003/im11.png (1080,2048,1) 1
030/003/im12.png (1080,2048,1) 1
030/003/im13.png (1080,2048,1) 1
030/003/im14.png (1080,2048,1) 1
030/003/im15.png (1080,2048,1) 1
030/004/im1.png (1080,2048,1) 1
030/004/im2.png (1080,2048,1) 1
030/004/im3.png (1080,2048,1) 1
030/004/im4.png (1080,2048,1) 1
030/004/im5.png (1080,2048,1) 1
030/004/im6.png (1080,2048,1) 1
030/004/im7.png (1080,2048,1) 1
030/004/im8.png (1080,2048,1) 1
030/004/im9.png (1080,2048,1) 1
030/004/im10.png (1080,2048,1) 1
030/004/im11.png (1080,2048,1) 1
030/004/im12.png (1080,2048,1) 1
030/004/im13.png (1080,2048,1) 1
030/004/im14.png (1080,2048,1) 1
030/004/im15.png (1080,2048,1) 1
030/005/im1.png (1080,2048,1) 1
030/005/im2.png (1080,2048,1) 1
030/005/im3.png (1080,2048,1) 1
030/005/im4.png (1080,2048,1) 1
030/005/im5.png (1080,2048,1) 1
030/005/im6.png (1080,2048,1) 1
030/005/im7.png (1080,2048,1) 1
030/005/im8.png (1080,2048,1) 1
030/005/im9.png (1080,2048,1) 1
030/005/im10.png (1080,2048,1) 1
030/005/im11.png (1080,2048,1) 1
030/005/im12.png (1080,2048,1) 1
030/005/im13.png (1080,2048,1) 1
030/005/im14.png (1080,2048,1) 1
030/005/im15.png (1080,2048,1) 1
030/006/im1.png (1080,2048,1) 1
030/006/im2.png (1080,2048,1) 1
030/006/im3.png (1080,2048,1) 1
030/006/im4.png (1080,2048,1) 1
030/006/im5.png (1080,2048,1) 1
030/006/im6.png (1080,2048,1) 1
030/006/im7.png (1080,2048,1) 1
030/006/im8.png (1080,2048,1) 1
030/006/im9.png (1080,2048,1) 1
030/006/im10.png (1080,2048,1) 1
030/006/im11.png (1080,2048,1) 1
030/006/im12.png (1080,2048,1) 1
030/006/im13.png (1080,2048,1) 1
030/006/im14.png (1080,2048,1) 1
030/006/im15.png (1080,2048,1) 1
030/007/im1.png (1080,2048,1) 1
030/007/im2.png (1080,2048,1) 1
030/007/im3.png (1080,2048,1) 1
030/007/im4.png (1080,2048,1) 1
030/007/im5.png (1080,2048,1) 1
030/007/im6.png (1080,2048,1) 1
030/007/im7.png (1080,2048,1) 1
030/007/im8.png (1080,2048,1) 1
030/007/im9.png (1080,2048,1) 1
030/007/im10.png (1080,2048,1) 1
030/007/im11.png (1080,2048,1) 1
030/007/im12.png (1080,2048,1) 1
030/007/im13.png (1080,2048,1) 1
030/007/im14.png (1080,2048,1) 1
030/007/im15.png (1080,2048,1) 1
030/008/im1.png (1080,2048,1) 1
030/008/im2.png (1080,2048,1) 1
030/008/im3.png (1080,2048,1) 1
030/008/im4.png (1080,2048,1) 1
030/008/im5.png (1080,2048,1) 1
030/008/im6.png (1080,2048,1) 1
030/008/im7.png (1080,2048,1) 1
030/008/im8.png (1080,2048,1) 1
030/008/im9.png (1080,2048,1) 1
030/008/im10.png (1080,2048,1) 1
030/008/im11.png (1080,2048,1) 1
030/008/im12.png (1080,2048,1) 1
030/008/im13.png (1080,2048,1) 1
030/008/im14.png (1080,2048,1) 1
030/008/im15.png (1080,2048,1) 1
030/009/im1.png (1080,2048,1) 1
030/009/im2.png (1080,2048,1) 1
030/009/im3.png (1080,2048,1) 1
030/009/im4.png (1080,2048,1) 1
030/009/im5.png (1080,2048,1) 1
030/009/im6.png (1080,2048,1) 1
030/009/im7.png (1080,2048,1) 1
030/009/im8.png (1080,2048,1) 1
030/009/im9.png (1080,2048,1) 1
030/009/im10.png (1080,2048,1) 1
030/009/im11.png (1080,2048,1) 1
030/009/im12.png (1080,2048,1) 1
030/009/im13.png (1080,2048,1) 1
030/009/im14.png (1080,2048,1) 1
030/009/im15.png (1080,2048,1) 1
030/010/im1.png (1080,2048,1) 1
030/010/im2.png (1080,2048,1) 1
030/010/im3.png (1080,2048,1) 1
030/010/im4.png (1080,2048,1) 1
030/010/im5.png (1080,2048,1) 1
030/010/im6.png (1080,2048,1) 1
030/010/im7.png (1080,2048,1) 1
030/010/im8.png (1080,2048,1) 1
030/010/im9.png (1080,2048,1) 1
030/010/im10.png (1080,2048,1) 1
030/010/im11.png (1080,2048,1) 1
030/010/im12.png (1080,2048,1) 1
030/010/im13.png (1080,2048,1) 1
030/010/im14.png (1080,2048,1) 1
030/010/im15.png (1080,2048,1) 1
030/011/im1.png (1080,2048,1) 1
030/011/im2.png (1080,2048,1) 1
030/011/im3.png (1080,2048,1) 1
030/011/im4.png (1080,2048,1) 1
030/011/im5.png (1080,2048,1) 1
030/011/im6.png (1080,2048,1) 1
030/011/im7.png (1080,2048,1) 1
030/011/im8.png (1080,2048,1) 1
030/011/im9.png (1080,2048,1) 1
030/011/im10.png (1080,2048,1) 1
030/011/im11.png (1080,2048,1) 1
030/011/im12.png (1080,2048,1) 1
030/011/im13.png (1080,2048,1) 1
030/011/im14.png (1080,2048,1) 1
030/011/im15.png (1080,2048,1) 1
030/012/im1.png (1080,2048,1) 1
030/012/im2.png (1080,2048,1) 1
030/012/im3.png (1080,2048,1) 1
030/012/im4.png (1080,2048,1) 1
030/012/im5.png (1080,2048,1) 1
030/012/im6.png (1080,2048,1) 1
030/012/im7.png (1080,2048,1) 1
030/012/im8.png (1080,2048,1) 1
030/012/im9.png (1080,2048,1) 1
030/012/im10.png (1080,2048,1) 1
030/012/im11.png (1080,2048,1) 1
030/012/im12.png (1080,2048,1) 1
030/012/im13.png (1080,2048,1) 1
030/012/im14.png (1080,2048,1) 1
030/012/im15.png (1080,2048,1) 1
030/013/im1.png (1080,2048,1) 1
030/013/im2.png (1080,2048,1) 1
030/013/im3.png (1080,2048,1) 1
030/013/im4.png (1080,2048,1) 1
030/013/im5.png (1080,2048,1) 1
030/013/im6.png (1080,2048,1) 1
030/013/im7.png (1080,2048,1) 1
030/013/im8.png (1080,2048,1) 1
030/013/im9.png (1080,2048,1) 1
030/013/im10.png (1080,2048,1) 1
030/013/im11.png (1080,2048,1) 1
030/013/im12.png (1080,2048,1) 1
030/013/im13.png (1080,2048,1) 1
030/013/im14.png (1080,2048,1) 1
030/013/im15.png (1080,2048,1) 1
030/014/im1.png (1080,2048,1) 1
030/014/im2.png (1080,2048,1) 1
030/014/im3.png (1080,2048,1) 1
030/014/im4.png (1080,2048,1) 1
030/014/im5.png (1080,2048,1) 1
030/014/im6.png (1080,2048,1) 1
030/014/im7.png (1080,2048,1) 1
030/014/im8.png (1080,2048,1) 1
030/014/im9.png (1080,2048,1) 1
030/014/im10.png (1080,2048,1) 1
030/014/im11.png (1080,2048,1) 1
030/014/im12.png (1080,2048,1) 1
030/014/im13.png (1080,2048,1) 1
030/014/im14.png (1080,2048,1) 1
030/014/im15.png (1080,2048,1) 1
030/015/im1.png (1080,2048,1) 1
030/015/im2.png (1080,2048,1) 1
030/015/im3.png (1080,2048,1) 1
030/015/im4.png (1080,2048,1) 1
030/015/im5.png (1080,2048,1) 1
030/015/im6.png (1080,2048,1) 1
030/015/im7.png (1080,2048,1) 1
030/015/im8.png (1080,2048,1) 1
030/015/im9.png (1080,2048,1) 1
030/015/im10.png (1080,2048,1) 1
030/015/im11.png (1080,2048,1) 1
030/015/im12.png (1080,2048,1) 1
030/015/im13.png (1080,2048,1) 1
030/015/im14.png (1080,2048,1) 1
030/015/im15.png (1080,2048,1) 1
030/016/im1.png (1080,2048,1) 1
030/016/im2.png (1080,2048,1) 1
030/016/im3.png (1080,2048,1) 1
030/016/im4.png (1080,2048,1) 1
030/016/im5.png (1080,2048,1) 1
030/016/im6.png (1080,2048,1) 1
030/016/im7.png (1080,2048,1) 1
030/016/im8.png (1080,2048,1) 1
030/016/im9.png (1080,2048,1) 1
030/016/im10.png (1080,2048,1) 1
030/016/im11.png (1080,2048,1) 1
030/016/im12.png (1080,2048,1) 1
030/016/im13.png (1080,2048,1) 1
030/016/im14.png (1080,2048,1) 1
030/016/im15.png (1080,2048,1) 1
030/017/im1.png (1080,2048,1) 1
030/017/im2.png (1080,2048,1) 1
030/017/im3.png (1080,2048,1) 1
030/017/im4.png (1080,2048,1) 1
030/017/im5.png (1080,2048,1) 1
030/017/im6.png (1080,2048,1) 1
030/017/im7.png (1080,2048,1) 1
030/017/im8.png (1080,2048,1) 1
030/017/im9.png (1080,2048,1) 1
030/017/im10.png (1080,2048,1) 1
030/017/im11.png (1080,2048,1) 1
030/017/im12.png (1080,2048,1) 1
030/017/im13.png (1080,2048,1) 1
030/017/im14.png (1080,2048,1) 1
030/017/im15.png (1080,2048,1) 1
030/018/im1.png (1080,2048,1) 1
030/018/im2.png (1080,2048,1) 1
030/018/im3.png (1080,2048,1) 1
030/018/im4.png (1080,2048,1) 1
030/018/im5.png (1080,2048,1) 1
030/018/im6.png (1080,2048,1) 1
030/018/im7.png (1080,2048,1) 1
030/018/im8.png (1080,2048,1) 1
030/018/im9.png (1080,2048,1) 1
030/018/im10.png (1080,2048,1) 1
030/018/im11.png (1080,2048,1) 1
030/018/im12.png (1080,2048,1) 1
030/018/im13.png (1080,2048,1) 1
030/018/im14.png (1080,2048,1) 1
030/018/im15.png (1080,2048,1) 1
030/019/im1.png (1080,2048,1) 1
030/019/im2.png (1080,2048,1) 1
030/019/im3.png (1080,2048,1) 1
030/019/im4.png (1080,2048,1) 1
030/019/im5.png (1080,2048,1) 1
030/019/im6.png (1080,2048,1) 1
030/019/im7.png (1080,2048,1) 1
030/019/im8.png (1080,2048,1) 1
030/019/im9.png (1080,2048,1) 1
030/019/im10.png (1080,2048,1) 1
030/019/im11.png (1080,2048,1) 1
030/019/im12.png (1080,2048,1) 1
030/019/im13.png (1080,2048,1) 1
030/019/im14.png (1080,2048,1) 1
030/019/im15.png (1080,2048,1) 1
030/020/im1.png (1080,2048,1) 1
030/020/im2.png (1080,2048,1) 1
030/020/im3.png (1080,2048,1) 1
030/020/im4.png (1080,2048,1) 1
030/020/im5.png (1080,2048,1) 1
030/020/im6.png (1080,2048,1) 1
030/020/im7.png (1080,2048,1) 1
030/020/im8.png (1080,2048,1) 1
030/020/im9.png (1080,2048,1) 1
030/020/im10.png (1080,2048,1) 1
030/020/im11.png (1080,2048,1) 1
030/020/im12.png (1080,2048,1) 1
030/020/im13.png (1080,2048,1) 1
030/020/im14.png (1080,2048,1) 1
030/020/im15.png (1080,2048,1) 1
031/001/im1.png (1080,2048,1) 1
031/001/im2.png (1080,2048,1) 1
031/001/im3.png (1080,2048,1) 1
031/001/im4.png (1080,2048,1) 1
031/001/im5.png (1080,2048,1) 1
031/001/im6.png (1080,2048,1) 1
031/001/im7.png (1080,2048,1) 1
031/001/im8.png (1080,2048,1) 1
031/001/im9.png (1080,2048,1) 1
031/001/im10.png (1080,2048,1) 1
031/001/im11.png (1080,2048,1) 1
031/001/im12.png (1080,2048,1) 1
031/001/im13.png (1080,2048,1) 1
031/001/im14.png (1080,2048,1) 1
031/001/im15.png (1080,2048,1) 1
031/002/im1.png (1080,2048,1) 1
031/002/im2.png (1080,2048,1) 1
031/002/im3.png (1080,2048,1) 1
031/002/im4.png (1080,2048,1) 1
031/002/im5.png (1080,2048,1) 1
031/002/im6.png (1080,2048,1) 1
031/002/im7.png (1080,2048,1) 1
031/002/im8.png (1080,2048,1) 1
031/002/im9.png (1080,2048,1) 1
031/002/im10.png (1080,2048,1) 1
031/002/im11.png (1080,2048,1) 1
031/002/im12.png (1080,2048,1) 1
031/002/im13.png (1080,2048,1) 1
031/002/im14.png (1080,2048,1) 1
031/002/im15.png (1080,2048,1) 1
031/003/im1.png (1080,2048,1) 1
031/003/im2.png (1080,2048,1) 1
031/003/im3.png (1080,2048,1) 1
031/003/im4.png (1080,2048,1) 1
031/003/im5.png (1080,2048,1) 1
031/003/im6.png (1080,2048,1) 1
031/003/im7.png (1080,2048,1) 1
031/003/im8.png (1080,2048,1) 1
031/003/im9.png (1080,2048,1) 1
031/003/im10.png (1080,2048,1) 1
031/003/im11.png (1080,2048,1) 1
031/003/im12.png (1080,2048,1) 1
031/003/im13.png (1080,2048,1) 1
031/003/im14.png (1080,2048,1) 1
031/003/im15.png (1080,2048,1) 1
031/004/im1.png (1080,2048,1) 1
031/004/im2.png (1080,2048,1) 1
031/004/im3.png (1080,2048,1) 1
031/004/im4.png (1080,2048,1) 1
031/004/im5.png (1080,2048,1) 1
031/004/im6.png (1080,2048,1) 1
031/004/im7.png (1080,2048,1) 1
031/004/im8.png (1080,2048,1) 1
031/004/im9.png (1080,2048,1) 1
031/004/im10.png (1080,2048,1) 1
031/004/im11.png (1080,2048,1) 1
031/004/im12.png (1080,2048,1) 1
031/004/im13.png (1080,2048,1) 1
031/004/im14.png (1080,2048,1) 1
031/004/im15.png (1080,2048,1) 1
031/005/im1.png (1080,2048,1) 1
031/005/im2.png (1080,2048,1) 1
031/005/im3.png (1080,2048,1) 1
031/005/im4.png (1080,2048,1) 1
031/005/im5.png (1080,2048,1) 1
031/005/im6.png (1080,2048,1) 1
031/005/im7.png (1080,2048,1) 1
031/005/im8.png (1080,2048,1) 1
031/005/im9.png (1080,2048,1) 1
031/005/im10.png (1080,2048,1) 1
031/005/im11.png (1080,2048,1) 1
031/005/im12.png (1080,2048,1) 1
031/005/im13.png (1080,2048,1) 1
031/005/im14.png (1080,2048,1) 1
031/005/im15.png (1080,2048,1) 1
031/006/im1.png (1080,2048,1) 1
031/006/im2.png (1080,2048,1) 1
031/006/im3.png (1080,2048,1) 1
031/006/im4.png (1080,2048,1) 1
031/006/im5.png (1080,2048,1) 1
031/006/im6.png (1080,2048,1) 1
031/006/im7.png (1080,2048,1) 1
031/006/im8.png (1080,2048,1) 1
031/006/im9.png (1080,2048,1) 1
031/006/im10.png (1080,2048,1) 1
031/006/im11.png (1080,2048,1) 1
031/006/im12.png (1080,2048,1) 1
031/006/im13.png (1080,2048,1) 1
031/006/im14.png (1080,2048,1) 1
031/006/im15.png (1080,2048,1) 1
031/007/im1.png (1080,2048,1) 1
031/007/im2.png (1080,2048,1) 1
031/007/im3.png (1080,2048,1) 1
031/007/im4.png (1080,2048,1) 1
031/007/im5.png (1080,2048,1) 1
031/007/im6.png (1080,2048,1) 1
031/007/im7.png (1080,2048,1) 1
031/007/im8.png (1080,2048,1) 1
031/007/im9.png (1080,2048,1) 1
031/007/im10.png (1080,2048,1) 1
031/007/im11.png (1080,2048,1) 1
031/007/im12.png (1080,2048,1) 1
031/007/im13.png (1080,2048,1) 1
031/007/im14.png (1080,2048,1) 1
031/007/im15.png (1080,2048,1) 1
031/008/im1.png (1080,2048,1) 1
031/008/im2.png (1080,2048,1) 1
031/008/im3.png (1080,2048,1) 1
031/008/im4.png (1080,2048,1) 1
031/008/im5.png (1080,2048,1) 1
031/008/im6.png (1080,2048,1) 1
031/008/im7.png (1080,2048,1) 1
031/008/im8.png (1080,2048,1) 1
031/008/im9.png (1080,2048,1) 1
031/008/im10.png (1080,2048,1) 1
031/008/im11.png (1080,2048,1) 1
031/008/im12.png (1080,2048,1) 1
031/008/im13.png (1080,2048,1) 1
031/008/im14.png (1080,2048,1) 1
031/008/im15.png (1080,2048,1) 1
031/009/im1.png (1080,2048,1) 1
031/009/im2.png (1080,2048,1) 1
031/009/im3.png (1080,2048,1) 1
031/009/im4.png (1080,2048,1) 1
031/009/im5.png (1080,2048,1) 1
031/009/im6.png (1080,2048,1) 1
031/009/im7.png (1080,2048,1) 1
031/009/im8.png (1080,2048,1) 1
031/009/im9.png (1080,2048,1) 1
031/009/im10.png (1080,2048,1) 1
031/009/im11.png (1080,2048,1) 1
031/009/im12.png (1080,2048,1) 1
031/009/im13.png (1080,2048,1) 1
031/009/im14.png (1080,2048,1) 1
031/009/im15.png (1080,2048,1) 1
031/010/im1.png (1080,2048,1) 1
031/010/im2.png (1080,2048,1) 1
031/010/im3.png (1080,2048,1) 1
031/010/im4.png (1080,2048,1) 1
031/010/im5.png (1080,2048,1) 1
031/010/im6.png (1080,2048,1) 1
031/010/im7.png (1080,2048,1) 1
031/010/im8.png (1080,2048,1) 1
031/010/im9.png (1080,2048,1) 1
031/010/im10.png (1080,2048,1) 1
031/010/im11.png (1080,2048,1) 1
031/010/im12.png (1080,2048,1) 1
031/010/im13.png (1080,2048,1) 1
031/010/im14.png (1080,2048,1) 1
031/010/im15.png (1080,2048,1) 1
031/011/im1.png (1080,2048,1) 1
031/011/im2.png (1080,2048,1) 1
031/011/im3.png (1080,2048,1) 1
031/011/im4.png (1080,2048,1) 1
031/011/im5.png (1080,2048,1) 1
031/011/im6.png (1080,2048,1) 1
031/011/im7.png (1080,2048,1) 1
031/011/im8.png (1080,2048,1) 1
031/011/im9.png (1080,2048,1) 1
031/011/im10.png (1080,2048,1) 1
031/011/im11.png (1080,2048,1) 1
031/011/im12.png (1080,2048,1) 1
031/011/im13.png (1080,2048,1) 1
031/011/im14.png (1080,2048,1) 1
031/011/im15.png (1080,2048,1) 1
031/012/im1.png (1080,2048,1) 1
031/012/im2.png (1080,2048,1) 1
031/012/im3.png (1080,2048,1) 1
031/012/im4.png (1080,2048,1) 1
031/012/im5.png (1080,2048,1) 1
031/012/im6.png (1080,2048,1) 1
031/012/im7.png (1080,2048,1) 1
031/012/im8.png (1080,2048,1) 1
031/012/im9.png (1080,2048,1) 1
031/012/im10.png (1080,2048,1) 1
031/012/im11.png (1080,2048,1) 1
031/012/im12.png (1080,2048,1) 1
031/012/im13.png (1080,2048,1) 1
031/012/im14.png (1080,2048,1) 1
031/012/im15.png (1080,2048,1) 1
031/013/im1.png (1080,2048,1) 1
031/013/im2.png (1080,2048,1) 1
031/013/im3.png (1080,2048,1) 1
031/013/im4.png (1080,2048,1) 1
031/013/im5.png (1080,2048,1) 1
031/013/im6.png (1080,2048,1) 1
031/013/im7.png (1080,2048,1) 1
031/013/im8.png (1080,2048,1) 1
031/013/im9.png (1080,2048,1) 1
031/013/im10.png (1080,2048,1) 1
031/013/im11.png (1080,2048,1) 1
031/013/im12.png (1080,2048,1) 1
031/013/im13.png (1080,2048,1) 1
031/013/im14.png (1080,2048,1) 1
031/013/im15.png (1080,2048,1) 1
031/014/im1.png (1080,2048,1) 1
031/014/im2.png (1080,2048,1) 1
031/014/im3.png (1080,2048,1) 1
031/014/im4.png (1080,2048,1) 1
031/014/im5.png (1080,2048,1) 1
031/014/im6.png (1080,2048,1) 1
031/014/im7.png (1080,2048,1) 1
031/014/im8.png (1080,2048,1) 1
031/014/im9.png (1080,2048,1) 1
031/014/im10.png (1080,2048,1) 1
031/014/im11.png (1080,2048,1) 1
031/014/im12.png (1080,2048,1) 1
031/014/im13.png (1080,2048,1) 1
031/014/im14.png (1080,2048,1) 1
031/014/im15.png (1080,2048,1) 1
031/015/im1.png (1080,2048,1) 1
031/015/im2.png (1080,2048,1) 1
031/015/im3.png (1080,2048,1) 1
031/015/im4.png (1080,2048,1) 1
031/015/im5.png (1080,2048,1) 1
031/015/im6.png (1080,2048,1) 1
031/015/im7.png (1080,2048,1) 1
031/015/im8.png (1080,2048,1) 1
031/015/im9.png (1080,2048,1) 1
031/015/im10.png (1080,2048,1) 1
031/015/im11.png (1080,2048,1) 1
031/015/im12.png (1080,2048,1) 1
031/015/im13.png (1080,2048,1) 1
031/015/im14.png (1080,2048,1) 1
031/015/im15.png (1080,2048,1) 1
031/016/im1.png (1080,2048,1) 1
031/016/im2.png (1080,2048,1) 1
031/016/im3.png (1080,2048,1) 1
031/016/im4.png (1080,2048,1) 1
031/016/im5.png (1080,2048,1) 1
031/016/im6.png (1080,2048,1) 1
031/016/im7.png (1080,2048,1) 1
031/016/im8.png (1080,2048,1) 1
031/016/im9.png (1080,2048,1) 1
031/016/im10.png (1080,2048,1) 1
031/016/im11.png (1080,2048,1) 1
031/016/im12.png (1080,2048,1) 1
031/016/im13.png (1080,2048,1) 1
031/016/im14.png (1080,2048,1) 1
031/016/im15.png (1080,2048,1) 1
031/017/im1.png (1080,2048,1) 1
031/017/im2.png (1080,2048,1) 1
031/017/im3.png (1080,2048,1) 1
031/017/im4.png (1080,2048,1) 1
031/017/im5.png (1080,2048,1) 1
031/017/im6.png (1080,2048,1) 1
031/017/im7.png (1080,2048,1) 1
031/017/im8.png (1080,2048,1) 1
031/017/im9.png (1080,2048,1) 1
031/017/im10.png (1080,2048,1) 1
031/017/im11.png (1080,2048,1) 1
031/017/im12.png (1080,2048,1) 1
031/017/im13.png (1080,2048,1) 1
031/017/im14.png (1080,2048,1) 1
031/017/im15.png (1080,2048,1) 1
031/018/im1.png (1080,2048,1) 1
031/018/im2.png (1080,2048,1) 1
031/018/im3.png (1080,2048,1) 1
031/018/im4.png (1080,2048,1) 1
031/018/im5.png (1080,2048,1) 1
031/018/im6.png (1080,2048,1) 1
031/018/im7.png (1080,2048,1) 1
031/018/im8.png (1080,2048,1) 1
031/018/im9.png (1080,2048,1) 1
031/018/im10.png (1080,2048,1) 1
031/018/im11.png (1080,2048,1) 1
031/018/im12.png (1080,2048,1) 1
031/018/im13.png (1080,2048,1) 1
031/018/im14.png (1080,2048,1) 1
031/018/im15.png (1080,2048,1) 1
031/019/im1.png (1080,2048,1) 1
031/019/im2.png (1080,2048,1) 1
031/019/im3.png (1080,2048,1) 1
031/019/im4.png (1080,2048,1) 1
031/019/im5.png (1080,2048,1) 1
031/019/im6.png (1080,2048,1) 1
031/019/im7.png (1080,2048,1) 1
031/019/im8.png (1080,2048,1) 1
031/019/im9.png (1080,2048,1) 1
031/019/im10.png (1080,2048,1) 1
031/019/im11.png (1080,2048,1) 1
031/019/im12.png (1080,2048,1) 1
031/019/im13.png (1080,2048,1) 1
031/019/im14.png (1080,2048,1) 1
031/019/im15.png (1080,2048,1) 1
032/001/im1.png (288,352,1) 1
032/001/im2.png (288,352,1) 1
032/001/im3.png (288,352,1) 1
032/001/im4.png (288,352,1) 1
032/001/im5.png (288,352,1) 1
032/001/im6.png (288,352,1) 1
032/001/im7.png (288,352,1) 1
032/001/im8.png (288,352,1) 1
032/001/im9.png (288,352,1) 1
032/001/im10.png (288,352,1) 1
032/001/im11.png (288,352,1) 1
032/001/im12.png (288,352,1) 1
032/001/im13.png (288,352,1) 1
032/001/im14.png (288,352,1) 1
032/001/im15.png (288,352,1) 1
032/002/im1.png (288,352,1) 1
032/002/im2.png (288,352,1) 1
032/002/im3.png (288,352,1) 1
032/002/im4.png (288,352,1) 1
032/002/im5.png (288,352,1) 1
032/002/im6.png (288,352,1) 1
032/002/im7.png (288,352,1) 1
032/002/im8.png (288,352,1) 1
032/002/im9.png (288,352,1) 1
032/002/im10.png (288,352,1) 1
032/002/im11.png (288,352,1) 1
032/002/im12.png (288,352,1) 1
032/002/im13.png (288,352,1) 1
032/002/im14.png (288,352,1) 1
032/002/im15.png (288,352,1) 1
032/003/im1.png (288,352,1) 1
032/003/im2.png (288,352,1) 1
032/003/im3.png (288,352,1) 1
032/003/im4.png (288,352,1) 1
032/003/im5.png (288,352,1) 1
032/003/im6.png (288,352,1) 1
032/003/im7.png (288,352,1) 1
032/003/im8.png (288,352,1) 1
032/003/im9.png (288,352,1) 1
032/003/im10.png (288,352,1) 1
032/003/im11.png (288,352,1) 1
032/003/im12.png (288,352,1) 1
032/003/im13.png (288,352,1) 1
032/003/im14.png (288,352,1) 1
032/003/im15.png (288,352,1) 1
032/004/im1.png (288,352,1) 1
032/004/im2.png (288,352,1) 1
032/004/im3.png (288,352,1) 1
032/004/im4.png (288,352,1) 1
032/004/im5.png (288,352,1) 1
032/004/im6.png (288,352,1) 1
032/004/im7.png (288,352,1) 1
032/004/im8.png (288,352,1) 1
032/004/im9.png (288,352,1) 1
032/004/im10.png (288,352,1) 1
032/004/im11.png (288,352,1) 1
032/004/im12.png (288,352,1) 1
032/004/im13.png (288,352,1) 1
032/004/im14.png (288,352,1) 1
032/004/im15.png (288,352,1) 1
032/005/im1.png (288,352,1) 1
032/005/im2.png (288,352,1) 1
032/005/im3.png (288,352,1) 1
032/005/im4.png (288,352,1) 1
032/005/im5.png (288,352,1) 1
032/005/im6.png (288,352,1) 1
032/005/im7.png (288,352,1) 1
032/005/im8.png (288,352,1) 1
032/005/im9.png (288,352,1) 1
032/005/im10.png (288,352,1) 1
032/005/im11.png (288,352,1) 1
032/005/im12.png (288,352,1) 1
032/005/im13.png (288,352,1) 1
032/005/im14.png (288,352,1) 1
032/005/im15.png (288,352,1) 1
032/006/im1.png (288,352,1) 1
032/006/im2.png (288,352,1) 1
032/006/im3.png (288,352,1) 1
032/006/im4.png (288,352,1) 1
032/006/im5.png (288,352,1) 1
032/006/im6.png (288,352,1) 1
032/006/im7.png (288,352,1) 1
032/006/im8.png (288,352,1) 1
032/006/im9.png (288,352,1) 1
032/006/im10.png (288,352,1) 1
032/006/im11.png (288,352,1) 1
032/006/im12.png (288,352,1) 1
032/006/im13.png (288,352,1) 1
032/006/im14.png (288,352,1) 1
032/006/im15.png (288,352,1) 1
032/007/im1.png (288,352,1) 1
032/007/im2.png (288,352,1) 1
032/007/im3.png (288,352,1) 1
032/007/im4.png (288,352,1) 1
032/007/im5.png (288,352,1) 1
032/007/im6.png (288,352,1) 1
032/007/im7.png (288,352,1) 1
032/007/im8.png (288,352,1) 1
032/007/im9.png (288,352,1) 1
032/007/im10.png (288,352,1) 1
032/007/im11.png (288,352,1) 1
032/007/im12.png (288,352,1) 1
032/007/im13.png (288,352,1) 1
032/007/im14.png (288,352,1) 1
032/007/im15.png (288,352,1) 1
032/008/im1.png (288,352,1) 1
032/008/im2.png (288,352,1) 1
032/008/im3.png (288,352,1) 1
032/008/im4.png (288,352,1) 1
032/008/im5.png (288,352,1) 1
032/008/im6.png (288,352,1) 1
032/008/im7.png (288,352,1) 1
032/008/im8.png (288,352,1) 1
032/008/im9.png (288,352,1) 1
032/008/im10.png (288,352,1) 1
032/008/im11.png (288,352,1) 1
032/008/im12.png (288,352,1) 1
032/008/im13.png (288,352,1) 1
032/008/im14.png (288,352,1) 1
032/008/im15.png (288,352,1) 1
032/009/im1.png (288,352,1) 1
032/009/im2.png (288,352,1) 1
032/009/im3.png (288,352,1) 1
032/009/im4.png (288,352,1) 1
032/009/im5.png (288,352,1) 1
032/009/im6.png (288,352,1) 1
032/009/im7.png (288,352,1) 1
032/009/im8.png (288,352,1) 1
032/009/im9.png (288,352,1) 1
032/009/im10.png (288,352,1) 1
032/009/im11.png (288,352,1) 1
032/009/im12.png (288,352,1) 1
032/009/im13.png (288,352,1) 1
032/009/im14.png (288,352,1) 1
032/009/im15.png (288,352,1) 1
032/010/im1.png (288,352,1) 1
032/010/im2.png (288,352,1) 1
032/010/im3.png (288,352,1) 1
032/010/im4.png (288,352,1) 1
032/010/im5.png (288,352,1) 1
032/010/im6.png (288,352,1) 1
032/010/im7.png (288,352,1) 1
032/010/im8.png (288,352,1) 1
032/010/im9.png (288,352,1) 1
032/010/im10.png (288,352,1) 1
032/010/im11.png (288,352,1) 1
032/010/im12.png (288,352,1) 1
032/010/im13.png (288,352,1) 1
032/010/im14.png (288,352,1) 1
032/010/im15.png (288,352,1) 1
032/011/im1.png (288,352,1) 1
032/011/im2.png (288,352,1) 1
032/011/im3.png (288,352,1) 1
032/011/im4.png (288,352,1) 1
032/011/im5.png (288,352,1) 1
032/011/im6.png (288,352,1) 1
032/011/im7.png (288,352,1) 1
032/011/im8.png (288,352,1) 1
032/011/im9.png (288,352,1) 1
032/011/im10.png (288,352,1) 1
032/011/im11.png (288,352,1) 1
032/011/im12.png (288,352,1) 1
032/011/im13.png (288,352,1) 1
032/011/im14.png (288,352,1) 1
032/011/im15.png (288,352,1) 1
032/012/im1.png (288,352,1) 1
032/012/im2.png (288,352,1) 1
032/012/im3.png (288,352,1) 1
032/012/im4.png (288,352,1) 1
032/012/im5.png (288,352,1) 1
032/012/im6.png (288,352,1) 1
032/012/im7.png (288,352,1) 1
032/012/im8.png (288,352,1) 1
032/012/im9.png (288,352,1) 1
032/012/im10.png (288,352,1) 1
032/012/im11.png (288,352,1) 1
032/012/im12.png (288,352,1) 1
032/012/im13.png (288,352,1) 1
032/012/im14.png (288,352,1) 1
032/012/im15.png (288,352,1) 1
032/013/im1.png (288,352,1) 1
032/013/im2.png (288,352,1) 1
032/013/im3.png (288,352,1) 1
032/013/im4.png (288,352,1) 1
032/013/im5.png (288,352,1) 1
032/013/im6.png (288,352,1) 1
032/013/im7.png (288,352,1) 1
032/013/im8.png (288,352,1) 1
032/013/im9.png (288,352,1) 1
032/013/im10.png (288,352,1) 1
032/013/im11.png (288,352,1) 1
032/013/im12.png (288,352,1) 1
032/013/im13.png (288,352,1) 1
032/013/im14.png (288,352,1) 1
032/013/im15.png (288,352,1) 1
032/014/im1.png (288,352,1) 1
032/014/im2.png (288,352,1) 1
032/014/im3.png (288,352,1) 1
032/014/im4.png (288,352,1) 1
032/014/im5.png (288,352,1) 1
032/014/im6.png (288,352,1) 1
032/014/im7.png (288,352,1) 1
032/014/im8.png (288,352,1) 1
032/014/im9.png (288,352,1) 1
032/014/im10.png (288,352,1) 1
032/014/im11.png (288,352,1) 1
032/014/im12.png (288,352,1) 1
032/014/im13.png (288,352,1) 1
032/014/im14.png (288,352,1) 1
032/014/im15.png (288,352,1) 1
032/015/im1.png (288,352,1) 1
032/015/im2.png (288,352,1) 1
032/015/im3.png (288,352,1) 1
032/015/im4.png (288,352,1) 1
032/015/im5.png (288,352,1) 1
032/015/im6.png (288,352,1) 1
032/015/im7.png (288,352,1) 1
032/015/im8.png (288,352,1) 1
032/015/im9.png (288,352,1) 1
032/015/im10.png (288,352,1) 1
032/015/im11.png (288,352,1) 1
032/015/im12.png (288,352,1) 1
032/015/im13.png (288,352,1) 1
032/015/im14.png (288,352,1) 1
032/015/im15.png (288,352,1) 1
032/016/im1.png (288,352,1) 1
032/016/im2.png (288,352,1) 1
032/016/im3.png (288,352,1) 1
032/016/im4.png (288,352,1) 1
032/016/im5.png (288,352,1) 1
032/016/im6.png (288,352,1) 1
032/016/im7.png (288,352,1) 1
032/016/im8.png (288,352,1) 1
032/016/im9.png (288,352,1) 1
032/016/im10.png (288,352,1) 1
032/016/im11.png (288,352,1) 1
032/016/im12.png (288,352,1) 1
032/016/im13.png (288,352,1) 1
032/016/im14.png (288,352,1) 1
032/016/im15.png (288,352,1) 1
032/017/im1.png (288,352,1) 1
032/017/im2.png (288,352,1) 1
032/017/im3.png (288,352,1) 1
032/017/im4.png (288,352,1) 1
032/017/im5.png (288,352,1) 1
032/017/im6.png (288,352,1) 1
032/017/im7.png (288,352,1) 1
032/017/im8.png (288,352,1) 1
032/017/im9.png (288,352,1) 1
032/017/im10.png (288,352,1) 1
032/017/im11.png (288,352,1) 1
032/017/im12.png (288,352,1) 1
032/017/im13.png (288,352,1) 1
032/017/im14.png (288,352,1) 1
032/017/im15.png (288,352,1) 1
032/018/im1.png (288,352,1) 1
032/018/im2.png (288,352,1) 1
032/018/im3.png (288,352,1) 1
032/018/im4.png (288,352,1) 1
032/018/im5.png (288,352,1) 1
032/018/im6.png (288,352,1) 1
032/018/im7.png (288,352,1) 1
032/018/im8.png (288,352,1) 1
032/018/im9.png (288,352,1) 1
032/018/im10.png (288,352,1) 1
032/018/im11.png (288,352,1) 1
032/018/im12.png (288,352,1) 1
032/018/im13.png (288,352,1) 1
032/018/im14.png (288,352,1) 1
032/018/im15.png (288,352,1) 1
032/019/im1.png (288,352,1) 1
032/019/im2.png (288,352,1) 1
032/019/im3.png (288,352,1) 1
032/019/im4.png (288,352,1) 1
032/019/im5.png (288,352,1) 1
032/019/im6.png (288,352,1) 1
032/019/im7.png (288,352,1) 1
032/019/im8.png (288,352,1) 1
032/019/im9.png (288,352,1) 1
032/019/im10.png (288,352,1) 1
032/019/im11.png (288,352,1) 1
032/019/im12.png (288,352,1) 1
032/019/im13.png (288,352,1) 1
032/019/im14.png (288,352,1) 1
032/019/im15.png (288,352,1) 1
032/020/im1.png (288,352,1) 1
032/020/im2.png (288,352,1) 1
032/020/im3.png (288,352,1) 1
032/020/im4.png (288,352,1) 1
032/020/im5.png (288,352,1) 1
032/020/im6.png (288,352,1) 1
032/020/im7.png (288,352,1) 1
032/020/im8.png (288,352,1) 1
032/020/im9.png (288,352,1) 1
032/020/im10.png (288,352,1) 1
032/020/im11.png (288,352,1) 1
032/020/im12.png (288,352,1) 1
032/020/im13.png (288,352,1) 1
032/020/im14.png (288,352,1) 1
032/020/im15.png (288,352,1) 1
033/001/im1.png (288,352,1) 1
033/001/im2.png (288,352,1) 1
033/001/im3.png (288,352,1) 1
033/001/im4.png (288,352,1) 1
033/001/im5.png (288,352,1) 1
033/001/im6.png (288,352,1) 1
033/001/im7.png (288,352,1) 1
033/001/im8.png (288,352,1) 1
033/001/im9.png (288,352,1) 1
033/001/im10.png (288,352,1) 1
033/001/im11.png (288,352,1) 1
033/001/im12.png (288,352,1) 1
033/001/im13.png (288,352,1) 1
033/001/im14.png (288,352,1) 1
033/001/im15.png (288,352,1) 1
033/002/im1.png (288,352,1) 1
033/002/im2.png (288,352,1) 1
033/002/im3.png (288,352,1) 1
033/002/im4.png (288,352,1) 1
033/002/im5.png (288,352,1) 1
033/002/im6.png (288,352,1) 1
033/002/im7.png (288,352,1) 1
033/002/im8.png (288,352,1) 1
033/002/im9.png (288,352,1) 1
033/002/im10.png (288,352,1) 1
033/002/im11.png (288,352,1) 1
033/002/im12.png (288,352,1) 1
033/002/im13.png (288,352,1) 1
033/002/im14.png (288,352,1) 1
033/002/im15.png (288,352,1) 1
033/003/im1.png (288,352,1) 1
033/003/im2.png (288,352,1) 1
033/003/im3.png (288,352,1) 1
033/003/im4.png (288,352,1) 1
033/003/im5.png (288,352,1) 1
033/003/im6.png (288,352,1) 1
033/003/im7.png (288,352,1) 1
033/003/im8.png (288,352,1) 1
033/003/im9.png (288,352,1) 1
033/003/im10.png (288,352,1) 1
033/003/im11.png (288,352,1) 1
033/003/im12.png (288,352,1) 1
033/003/im13.png (288,352,1) 1
033/003/im14.png (288,352,1) 1
033/003/im15.png (288,352,1) 1
033/004/im1.png (288,352,1) 1
033/004/im2.png (288,352,1) 1
033/004/im3.png (288,352,1) 1
033/004/im4.png (288,352,1) 1
033/004/im5.png (288,352,1) 1
033/004/im6.png (288,352,1) 1
033/004/im7.png (288,352,1) 1
033/004/im8.png (288,352,1) 1
033/004/im9.png (288,352,1) 1
033/004/im10.png (288,352,1) 1
033/004/im11.png (288,352,1) 1
033/004/im12.png (288,352,1) 1
033/004/im13.png (288,352,1) 1
033/004/im14.png (288,352,1) 1
033/004/im15.png (288,352,1) 1
033/005/im1.png (288,352,1) 1
033/005/im2.png (288,352,1) 1
033/005/im3.png (288,352,1) 1
033/005/im4.png (288,352,1) 1
033/005/im5.png (288,352,1) 1
033/005/im6.png (288,352,1) 1
033/005/im7.png (288,352,1) 1
033/005/im8.png (288,352,1) 1
033/005/im9.png (288,352,1) 1
033/005/im10.png (288,352,1) 1
033/005/im11.png (288,352,1) 1
033/005/im12.png (288,352,1) 1
033/005/im13.png (288,352,1) 1
033/005/im14.png (288,352,1) 1
033/005/im15.png (288,352,1) 1
033/006/im1.png (288,352,1) 1
033/006/im2.png (288,352,1) 1
033/006/im3.png (288,352,1) 1
033/006/im4.png (288,352,1) 1
033/006/im5.png (288,352,1) 1
033/006/im6.png (288,352,1) 1
033/006/im7.png (288,352,1) 1
033/006/im8.png (288,352,1) 1
033/006/im9.png (288,352,1) 1
033/006/im10.png (288,352,1) 1
033/006/im11.png (288,352,1) 1
033/006/im12.png (288,352,1) 1
033/006/im13.png (288,352,1) 1
033/006/im14.png (288,352,1) 1
033/006/im15.png (288,352,1) 1
033/007/im1.png (288,352,1) 1
033/007/im2.png (288,352,1) 1
033/007/im3.png (288,352,1) 1
033/007/im4.png (288,352,1) 1
033/007/im5.png (288,352,1) 1
033/007/im6.png (288,352,1) 1
033/007/im7.png (288,352,1) 1
033/007/im8.png (288,352,1) 1
033/007/im9.png (288,352,1) 1
033/007/im10.png (288,352,1) 1
033/007/im11.png (288,352,1) 1
033/007/im12.png (288,352,1) 1
033/007/im13.png (288,352,1) 1
033/007/im14.png (288,352,1) 1
033/007/im15.png (288,352,1) 1
033/008/im1.png (288,352,1) 1
033/008/im2.png (288,352,1) 1
033/008/im3.png (288,352,1) 1
033/008/im4.png (288,352,1) 1
033/008/im5.png (288,352,1) 1
033/008/im6.png (288,352,1) 1
033/008/im7.png (288,352,1) 1
033/008/im8.png (288,352,1) 1
033/008/im9.png (288,352,1) 1
033/008/im10.png (288,352,1) 1
033/008/im11.png (288,352,1) 1
033/008/im12.png (288,352,1) 1
033/008/im13.png (288,352,1) 1
033/008/im14.png (288,352,1) 1
033/008/im15.png (288,352,1) 1
033/009/im1.png (288,352,1) 1
033/009/im2.png (288,352,1) 1
033/009/im3.png (288,352,1) 1
033/009/im4.png (288,352,1) 1
033/009/im5.png (288,352,1) 1
033/009/im6.png (288,352,1) 1
033/009/im7.png (288,352,1) 1
033/009/im8.png (288,352,1) 1
033/009/im9.png (288,352,1) 1
033/009/im10.png (288,352,1) 1
033/009/im11.png (288,352,1) 1
033/009/im12.png (288,352,1) 1
033/009/im13.png (288,352,1) 1
033/009/im14.png (288,352,1) 1
033/009/im15.png (288,352,1) 1
033/010/im1.png (288,352,1) 1
033/010/im2.png (288,352,1) 1
033/010/im3.png (288,352,1) 1
033/010/im4.png (288,352,1) 1
033/010/im5.png (288,352,1) 1
033/010/im6.png (288,352,1) 1
033/010/im7.png (288,352,1) 1
033/010/im8.png (288,352,1) 1
033/010/im9.png (288,352,1) 1
033/010/im10.png (288,352,1) 1
033/010/im11.png (288,352,1) 1
033/010/im12.png (288,352,1) 1
033/010/im13.png (288,352,1) 1
033/010/im14.png (288,352,1) 1
033/010/im15.png (288,352,1) 1
034/001/im1.png (576,704,1) 1
034/001/im2.png (576,704,1) 1
034/001/im3.png (576,704,1) 1
034/001/im4.png (576,704,1) 1
034/001/im5.png (576,704,1) 1
034/001/im6.png (576,704,1) 1
034/001/im7.png (576,704,1) 1
034/001/im8.png (576,704,1) 1
034/001/im9.png (576,704,1) 1
034/001/im10.png (576,704,1) 1
034/001/im11.png (576,704,1) 1
034/001/im12.png (576,704,1) 1
034/001/im13.png (576,704,1) 1
034/001/im14.png (576,704,1) 1
034/001/im15.png (576,704,1) 1
034/002/im1.png (576,704,1) 1
034/002/im2.png (576,704,1) 1
034/002/im3.png (576,704,1) 1
034/002/im4.png (576,704,1) 1
034/002/im5.png (576,704,1) 1
034/002/im6.png (576,704,1) 1
034/002/im7.png (576,704,1) 1
034/002/im8.png (576,704,1) 1
034/002/im9.png (576,704,1) 1
034/002/im10.png (576,704,1) 1
034/002/im11.png (576,704,1) 1
034/002/im12.png (576,704,1) 1
034/002/im13.png (576,704,1) 1
034/002/im14.png (576,704,1) 1
034/002/im15.png (576,704,1) 1
034/003/im1.png (576,704,1) 1
034/003/im2.png (576,704,1) 1
034/003/im3.png (576,704,1) 1
034/003/im4.png (576,704,1) 1
034/003/im5.png (576,704,1) 1
034/003/im6.png (576,704,1) 1
034/003/im7.png (576,704,1) 1
034/003/im8.png (576,704,1) 1
034/003/im9.png (576,704,1) 1
034/003/im10.png (576,704,1) 1
034/003/im11.png (576,704,1) 1
034/003/im12.png (576,704,1) 1
034/003/im13.png (576,704,1) 1
034/003/im14.png (576,704,1) 1
034/003/im15.png (576,704,1) 1
034/004/im1.png (576,704,1) 1
034/004/im2.png (576,704,1) 1
034/004/im3.png (576,704,1) 1
034/004/im4.png (576,704,1) 1
034/004/im5.png (576,704,1) 1
034/004/im6.png (576,704,1) 1
034/004/im7.png (576,704,1) 1
034/004/im8.png (576,704,1) 1
034/004/im9.png (576,704,1) 1
034/004/im10.png (576,704,1) 1
034/004/im11.png (576,704,1) 1
034/004/im12.png (576,704,1) 1
034/004/im13.png (576,704,1) 1
034/004/im14.png (576,704,1) 1
034/004/im15.png (576,704,1) 1
034/005/im1.png (576,704,1) 1
034/005/im2.png (576,704,1) 1
034/005/im3.png (576,704,1) 1
034/005/im4.png (576,704,1) 1
034/005/im5.png (576,704,1) 1
034/005/im6.png (576,704,1) 1
034/005/im7.png (576,704,1) 1
034/005/im8.png (576,704,1) 1
034/005/im9.png (576,704,1) 1
034/005/im10.png (576,704,1) 1
034/005/im11.png (576,704,1) 1
034/005/im12.png (576,704,1) 1
034/005/im13.png (576,704,1) 1
034/005/im14.png (576,704,1) 1
034/005/im15.png (576,704,1) 1
034/006/im1.png (576,704,1) 1
034/006/im2.png (576,704,1) 1
034/006/im3.png (576,704,1) 1
034/006/im4.png (576,704,1) 1
034/006/im5.png (576,704,1) 1
034/006/im6.png (576,704,1) 1
034/006/im7.png (576,704,1) 1
034/006/im8.png (576,704,1) 1
034/006/im9.png (576,704,1) 1
034/006/im10.png (576,704,1) 1
034/006/im11.png (576,704,1) 1
034/006/im12.png (576,704,1) 1
034/006/im13.png (576,704,1) 1
034/006/im14.png (576,704,1) 1
034/006/im15.png (576,704,1) 1
034/007/im1.png (576,704,1) 1
034/007/im2.png (576,704,1) 1
034/007/im3.png (576,704,1) 1
034/007/im4.png (576,704,1) 1
034/007/im5.png (576,704,1) 1
034/007/im6.png (576,704,1) 1
034/007/im7.png (576,704,1) 1
034/007/im8.png (576,704,1) 1
034/007/im9.png (576,704,1) 1
034/007/im10.png (576,704,1) 1
034/007/im11.png (576,704,1) 1
034/007/im12.png (576,704,1) 1
034/007/im13.png (576,704,1) 1
034/007/im14.png (576,704,1) 1
034/007/im15.png (576,704,1) 1
034/008/im1.png (576,704,1) 1
034/008/im2.png (576,704,1) 1
034/008/im3.png (576,704,1) 1
034/008/im4.png (576,704,1) 1
034/008/im5.png (576,704,1) 1
034/008/im6.png (576,704,1) 1
034/008/im7.png (576,704,1) 1
034/008/im8.png (576,704,1) 1
034/008/im9.png (576,704,1) 1
034/008/im10.png (576,704,1) 1
034/008/im11.png (576,704,1) 1
034/008/im12.png (576,704,1) 1
034/008/im13.png (576,704,1) 1
034/008/im14.png (576,704,1) 1
034/008/im15.png (576,704,1) 1
034/009/im1.png (576,704,1) 1
034/009/im2.png (576,704,1) 1
034/009/im3.png (576,704,1) 1
034/009/im4.png (576,704,1) 1
034/009/im5.png (576,704,1) 1
034/009/im6.png (576,704,1) 1
034/009/im7.png (576,704,1) 1
034/009/im8.png (576,704,1) 1
034/009/im9.png (576,704,1) 1
034/009/im10.png (576,704,1) 1
034/009/im11.png (576,704,1) 1
034/009/im12.png (576,704,1) 1
034/009/im13.png (576,704,1) 1
034/009/im14.png (576,704,1) 1
034/009/im15.png (576,704,1) 1
034/010/im1.png (576,704,1) 1
034/010/im2.png (576,704,1) 1
034/010/im3.png (576,704,1) 1
034/010/im4.png (576,704,1) 1
034/010/im5.png (576,704,1) 1
034/010/im6.png (576,704,1) 1
034/010/im7.png (576,704,1) 1
034/010/im8.png (576,704,1) 1
034/010/im9.png (576,704,1) 1
034/010/im10.png (576,704,1) 1
034/010/im11.png (576,704,1) 1
034/010/im12.png (576,704,1) 1
034/010/im13.png (576,704,1) 1
034/010/im14.png (576,704,1) 1
034/010/im15.png (576,704,1) 1
034/011/im1.png (576,704,1) 1
034/011/im2.png (576,704,1) 1
034/011/im3.png (576,704,1) 1
034/011/im4.png (576,704,1) 1
034/011/im5.png (576,704,1) 1
034/011/im6.png (576,704,1) 1
034/011/im7.png (576,704,1) 1
034/011/im8.png (576,704,1) 1
034/011/im9.png (576,704,1) 1
034/011/im10.png (576,704,1) 1
034/011/im11.png (576,704,1) 1
034/011/im12.png (576,704,1) 1
034/011/im13.png (576,704,1) 1
034/011/im14.png (576,704,1) 1
034/011/im15.png (576,704,1) 1
034/012/im1.png (576,704,1) 1
034/012/im2.png (576,704,1) 1
034/012/im3.png (576,704,1) 1
034/012/im4.png (576,704,1) 1
034/012/im5.png (576,704,1) 1
034/012/im6.png (576,704,1) 1
034/012/im7.png (576,704,1) 1
034/012/im8.png (576,704,1) 1
034/012/im9.png (576,704,1) 1
034/012/im10.png (576,704,1) 1
034/012/im11.png (576,704,1) 1
034/012/im12.png (576,704,1) 1
034/012/im13.png (576,704,1) 1
034/012/im14.png (576,704,1) 1
034/012/im15.png (576,704,1) 1
034/013/im1.png (576,704,1) 1
034/013/im2.png (576,704,1) 1
034/013/im3.png (576,704,1) 1
034/013/im4.png (576,704,1) 1
034/013/im5.png (576,704,1) 1
034/013/im6.png (576,704,1) 1
034/013/im7.png (576,704,1) 1
034/013/im8.png (576,704,1) 1
034/013/im9.png (576,704,1) 1
034/013/im10.png (576,704,1) 1
034/013/im11.png (576,704,1) 1
034/013/im12.png (576,704,1) 1
034/013/im13.png (576,704,1) 1
034/013/im14.png (576,704,1) 1
034/013/im15.png (576,704,1) 1
034/014/im1.png (576,704,1) 1
034/014/im2.png (576,704,1) 1
034/014/im3.png (576,704,1) 1
034/014/im4.png (576,704,1) 1
034/014/im5.png (576,704,1) 1
034/014/im6.png (576,704,1) 1
034/014/im7.png (576,704,1) 1
034/014/im8.png (576,704,1) 1
034/014/im9.png (576,704,1) 1
034/014/im10.png (576,704,1) 1
034/014/im11.png (576,704,1) 1
034/014/im12.png (576,704,1) 1
034/014/im13.png (576,704,1) 1
034/014/im14.png (576,704,1) 1
034/014/im15.png (576,704,1) 1
034/015/im1.png (576,704,1) 1
034/015/im2.png (576,704,1) 1
034/015/im3.png (576,704,1) 1
034/015/im4.png (576,704,1) 1
034/015/im5.png (576,704,1) 1
034/015/im6.png (576,704,1) 1
034/015/im7.png (576,704,1) 1
034/015/im8.png (576,704,1) 1
034/015/im9.png (576,704,1) 1
034/015/im10.png (576,704,1) 1
034/015/im11.png (576,704,1) 1
034/015/im12.png (576,704,1) 1
034/015/im13.png (576,704,1) 1
034/015/im14.png (576,704,1) 1
034/015/im15.png (576,704,1) 1
034/016/im1.png (576,704,1) 1
034/016/im2.png (576,704,1) 1
034/016/im3.png (576,704,1) 1
034/016/im4.png (576,704,1) 1
034/016/im5.png (576,704,1) 1
034/016/im6.png (576,704,1) 1
034/016/im7.png (576,704,1) 1
034/016/im8.png (576,704,1) 1
034/016/im9.png (576,704,1) 1
034/016/im10.png (576,704,1) 1
034/016/im11.png (576,704,1) 1
034/016/im12.png (576,704,1) 1
034/016/im13.png (576,704,1) 1
034/016/im14.png (576,704,1) 1
034/016/im15.png (576,704,1) 1
034/017/im1.png (576,704,1) 1
034/017/im2.png (576,704,1) 1
034/017/im3.png (576,704,1) 1
034/017/im4.png (576,704,1) 1
034/017/im5.png (576,704,1) 1
034/017/im6.png (576,704,1) 1
034/017/im7.png (576,704,1) 1
034/017/im8.png (576,704,1) 1
034/017/im9.png (576,704,1) 1
034/017/im10.png (576,704,1) 1
034/017/im11.png (576,704,1) 1
034/017/im12.png (576,704,1) 1
034/017/im13.png (576,704,1) 1
034/017/im14.png (576,704,1) 1
034/017/im15.png (576,704,1) 1
034/018/im1.png (576,704,1) 1
034/018/im2.png (576,704,1) 1
034/018/im3.png (576,704,1) 1
034/018/im4.png (576,704,1) 1
034/018/im5.png (576,704,1) 1
034/018/im6.png (576,704,1) 1
034/018/im7.png (576,704,1) 1
034/018/im8.png (576,704,1) 1
034/018/im9.png (576,704,1) 1
034/018/im10.png (576,704,1) 1
034/018/im11.png (576,704,1) 1
034/018/im12.png (576,704,1) 1
034/018/im13.png (576,704,1) 1
034/018/im14.png (576,704,1) 1
034/018/im15.png (576,704,1) 1
034/019/im1.png (576,704,1) 1
034/019/im2.png (576,704,1) 1
034/019/im3.png (576,704,1) 1
034/019/im4.png (576,704,1) 1
034/019/im5.png (576,704,1) 1
034/019/im6.png (576,704,1) 1
034/019/im7.png (576,704,1) 1
034/019/im8.png (576,704,1) 1
034/019/im9.png (576,704,1) 1
034/019/im10.png (576,704,1) 1
034/019/im11.png (576,704,1) 1
034/019/im12.png (576,704,1) 1
034/019/im13.png (576,704,1) 1
034/019/im14.png (576,704,1) 1
034/019/im15.png (576,704,1) 1
034/020/im1.png (576,704,1) 1
034/020/im2.png (576,704,1) 1
034/020/im3.png (576,704,1) 1
034/020/im4.png (576,704,1) 1
034/020/im5.png (576,704,1) 1
034/020/im6.png (576,704,1) 1
034/020/im7.png (576,704,1) 1
034/020/im8.png (576,704,1) 1
034/020/im9.png (576,704,1) 1
034/020/im10.png (576,704,1) 1
034/020/im11.png (576,704,1) 1
034/020/im12.png (576,704,1) 1
034/020/im13.png (576,704,1) 1
034/020/im14.png (576,704,1) 1
034/020/im15.png (576,704,1) 1
035/001/im1.png (288,352,1) 1
035/001/im2.png (288,352,1) 1
035/001/im3.png (288,352,1) 1
035/001/im4.png (288,352,1) 1
035/001/im5.png (288,352,1) 1
035/001/im6.png (288,352,1) 1
035/001/im7.png (288,352,1) 1
035/001/im8.png (288,352,1) 1
035/001/im9.png (288,352,1) 1
035/001/im10.png (288,352,1) 1
035/001/im11.png (288,352,1) 1
035/001/im12.png (288,352,1) 1
035/001/im13.png (288,352,1) 1
035/001/im14.png (288,352,1) 1
035/001/im15.png (288,352,1) 1
035/002/im1.png (288,352,1) 1
035/002/im2.png (288,352,1) 1
035/002/im3.png (288,352,1) 1
035/002/im4.png (288,352,1) 1
035/002/im5.png (288,352,1) 1
035/002/im6.png (288,352,1) 1
035/002/im7.png (288,352,1) 1
035/002/im8.png (288,352,1) 1
035/002/im9.png (288,352,1) 1
035/002/im10.png (288,352,1) 1
035/002/im11.png (288,352,1) 1
035/002/im12.png (288,352,1) 1
035/002/im13.png (288,352,1) 1
035/002/im14.png (288,352,1) 1
035/002/im15.png (288,352,1) 1
035/003/im1.png (288,352,1) 1
035/003/im2.png (288,352,1) 1
035/003/im3.png (288,352,1) 1
035/003/im4.png (288,352,1) 1
035/003/im5.png (288,352,1) 1
035/003/im6.png (288,352,1) 1
035/003/im7.png (288,352,1) 1
035/003/im8.png (288,352,1) 1
035/003/im9.png (288,352,1) 1
035/003/im10.png (288,352,1) 1
035/003/im11.png (288,352,1) 1
035/003/im12.png (288,352,1) 1
035/003/im13.png (288,352,1) 1
035/003/im14.png (288,352,1) 1
035/003/im15.png (288,352,1) 1
035/004/im1.png (288,352,1) 1
035/004/im2.png (288,352,1) 1
035/004/im3.png (288,352,1) 1
035/004/im4.png (288,352,1) 1
035/004/im5.png (288,352,1) 1
035/004/im6.png (288,352,1) 1
035/004/im7.png (288,352,1) 1
035/004/im8.png (288,352,1) 1
035/004/im9.png (288,352,1) 1
035/004/im10.png (288,352,1) 1
035/004/im11.png (288,352,1) 1
035/004/im12.png (288,352,1) 1
035/004/im13.png (288,352,1) 1
035/004/im14.png (288,352,1) 1
035/004/im15.png (288,352,1) 1
035/005/im1.png (288,352,1) 1
035/005/im2.png (288,352,1) 1
035/005/im3.png (288,352,1) 1
035/005/im4.png (288,352,1) 1
035/005/im5.png (288,352,1) 1
035/005/im6.png (288,352,1) 1
035/005/im7.png (288,352,1) 1
035/005/im8.png (288,352,1) 1
035/005/im9.png (288,352,1) 1
035/005/im10.png (288,352,1) 1
035/005/im11.png (288,352,1) 1
035/005/im12.png (288,352,1) 1
035/005/im13.png (288,352,1) 1
035/005/im14.png (288,352,1) 1
035/005/im15.png (288,352,1) 1
035/006/im1.png (288,352,1) 1
035/006/im2.png (288,352,1) 1
035/006/im3.png (288,352,1) 1
035/006/im4.png (288,352,1) 1
035/006/im5.png (288,352,1) 1
035/006/im6.png (288,352,1) 1
035/006/im7.png (288,352,1) 1
035/006/im8.png (288,352,1) 1
035/006/im9.png (288,352,1) 1
035/006/im10.png (288,352,1) 1
035/006/im11.png (288,352,1) 1
035/006/im12.png (288,352,1) 1
035/006/im13.png (288,352,1) 1
035/006/im14.png (288,352,1) 1
035/006/im15.png (288,352,1) 1
035/007/im1.png (288,352,1) 1
035/007/im2.png (288,352,1) 1
035/007/im3.png (288,352,1) 1
035/007/im4.png (288,352,1) 1
035/007/im5.png (288,352,1) 1
035/007/im6.png (288,352,1) 1
035/007/im7.png (288,352,1) 1
035/007/im8.png (288,352,1) 1
035/007/im9.png (288,352,1) 1
035/007/im10.png (288,352,1) 1
035/007/im11.png (288,352,1) 1
035/007/im12.png (288,352,1) 1
035/007/im13.png (288,352,1) 1
035/007/im14.png (288,352,1) 1
035/007/im15.png (288,352,1) 1
035/008/im1.png (288,352,1) 1
035/008/im2.png (288,352,1) 1
035/008/im3.png (288,352,1) 1
035/008/im4.png (288,352,1) 1
035/008/im5.png (288,352,1) 1
035/008/im6.png (288,352,1) 1
035/008/im7.png (288,352,1) 1
035/008/im8.png (288,352,1) 1
035/008/im9.png (288,352,1) 1
035/008/im10.png (288,352,1) 1
035/008/im11.png (288,352,1) 1
035/008/im12.png (288,352,1) 1
035/008/im13.png (288,352,1) 1
035/008/im14.png (288,352,1) 1
035/008/im15.png (288,352,1) 1
035/009/im1.png (288,352,1) 1
035/009/im2.png (288,352,1) 1
035/009/im3.png (288,352,1) 1
035/009/im4.png (288,352,1) 1
035/009/im5.png (288,352,1) 1
035/009/im6.png (288,352,1) 1
035/009/im7.png (288,352,1) 1
035/009/im8.png (288,352,1) 1
035/009/im9.png (288,352,1) 1
035/009/im10.png (288,352,1) 1
035/009/im11.png (288,352,1) 1
035/009/im12.png (288,352,1) 1
035/009/im13.png (288,352,1) 1
035/009/im14.png (288,352,1) 1
035/009/im15.png (288,352,1) 1
035/010/im1.png (288,352,1) 1
035/010/im2.png (288,352,1) 1
035/010/im3.png (288,352,1) 1
035/010/im4.png (288,352,1) 1
035/010/im5.png (288,352,1) 1
035/010/im6.png (288,352,1) 1
035/010/im7.png (288,352,1) 1
035/010/im8.png (288,352,1) 1
035/010/im9.png (288,352,1) 1
035/010/im10.png (288,352,1) 1
035/010/im11.png (288,352,1) 1
035/010/im12.png (288,352,1) 1
035/010/im13.png (288,352,1) 1
035/010/im14.png (288,352,1) 1
035/010/im15.png (288,352,1) 1
035/011/im1.png (288,352,1) 1
035/011/im2.png (288,352,1) 1
035/011/im3.png (288,352,1) 1
035/011/im4.png (288,352,1) 1
035/011/im5.png (288,352,1) 1
035/011/im6.png (288,352,1) 1
035/011/im7.png (288,352,1) 1
035/011/im8.png (288,352,1) 1
035/011/im9.png (288,352,1) 1
035/011/im10.png (288,352,1) 1
035/011/im11.png (288,352,1) 1
035/011/im12.png (288,352,1) 1
035/011/im13.png (288,352,1) 1
035/011/im14.png (288,352,1) 1
035/011/im15.png (288,352,1) 1
035/012/im1.png (288,352,1) 1
035/012/im2.png (288,352,1) 1
035/012/im3.png (288,352,1) 1
035/012/im4.png (288,352,1) 1
035/012/im5.png (288,352,1) 1
035/012/im6.png (288,352,1) 1
035/012/im7.png (288,352,1) 1
035/012/im8.png (288,352,1) 1
035/012/im9.png (288,352,1) 1
035/012/im10.png (288,352,1) 1
035/012/im11.png (288,352,1) 1
035/012/im12.png (288,352,1) 1
035/012/im13.png (288,352,1) 1
035/012/im14.png (288,352,1) 1
035/012/im15.png (288,352,1) 1
035/013/im1.png (288,352,1) 1
035/013/im2.png (288,352,1) 1
035/013/im3.png (288,352,1) 1
035/013/im4.png (288,352,1) 1
035/013/im5.png (288,352,1) 1
035/013/im6.png (288,352,1) 1
035/013/im7.png (288,352,1) 1
035/013/im8.png (288,352,1) 1
035/013/im9.png (288,352,1) 1
035/013/im10.png (288,352,1) 1
035/013/im11.png (288,352,1) 1
035/013/im12.png (288,352,1) 1
035/013/im13.png (288,352,1) 1
035/013/im14.png (288,352,1) 1
035/013/im15.png (288,352,1) 1
035/014/im1.png (288,352,1) 1
035/014/im2.png (288,352,1) 1
035/014/im3.png (288,352,1) 1
035/014/im4.png (288,352,1) 1
035/014/im5.png (288,352,1) 1
035/014/im6.png (288,352,1) 1
035/014/im7.png (288,352,1) 1
035/014/im8.png (288,352,1) 1
035/014/im9.png (288,352,1) 1
035/014/im10.png (288,352,1) 1
035/014/im11.png (288,352,1) 1
035/014/im12.png (288,352,1) 1
035/014/im13.png (288,352,1) 1
035/014/im14.png (288,352,1) 1
035/014/im15.png (288,352,1) 1
035/015/im1.png (288,352,1) 1
035/015/im2.png (288,352,1) 1
035/015/im3.png (288,352,1) 1
035/015/im4.png (288,352,1) 1
035/015/im5.png (288,352,1) 1
035/015/im6.png (288,352,1) 1
035/015/im7.png (288,352,1) 1
035/015/im8.png (288,352,1) 1
035/015/im9.png (288,352,1) 1
035/015/im10.png (288,352,1) 1
035/015/im11.png (288,352,1) 1
035/015/im12.png (288,352,1) 1
035/015/im13.png (288,352,1) 1
035/015/im14.png (288,352,1) 1
035/015/im15.png (288,352,1) 1
035/016/im1.png (288,352,1) 1
035/016/im2.png (288,352,1) 1
035/016/im3.png (288,352,1) 1
035/016/im4.png (288,352,1) 1
035/016/im5.png (288,352,1) 1
035/016/im6.png (288,352,1) 1
035/016/im7.png (288,352,1) 1
035/016/im8.png (288,352,1) 1
035/016/im9.png (288,352,1) 1
035/016/im10.png (288,352,1) 1
035/016/im11.png (288,352,1) 1
035/016/im12.png (288,352,1) 1
035/016/im13.png (288,352,1) 1
035/016/im14.png (288,352,1) 1
035/016/im15.png (288,352,1) 1
035/017/im1.png (288,352,1) 1
035/017/im2.png (288,352,1) 1
035/017/im3.png (288,352,1) 1
035/017/im4.png (288,352,1) 1
035/017/im5.png (288,352,1) 1
035/017/im6.png (288,352,1) 1
035/017/im7.png (288,352,1) 1
035/017/im8.png (288,352,1) 1
035/017/im9.png (288,352,1) 1
035/017/im10.png (288,352,1) 1
035/017/im11.png (288,352,1) 1
035/017/im12.png (288,352,1) 1
035/017/im13.png (288,352,1) 1
035/017/im14.png (288,352,1) 1
035/017/im15.png (288,352,1) 1
035/018/im1.png (288,352,1) 1
035/018/im2.png (288,352,1) 1
035/018/im3.png (288,352,1) 1
035/018/im4.png (288,352,1) 1
035/018/im5.png (288,352,1) 1
035/018/im6.png (288,352,1) 1
035/018/im7.png (288,352,1) 1
035/018/im8.png (288,352,1) 1
035/018/im9.png (288,352,1) 1
035/018/im10.png (288,352,1) 1
035/018/im11.png (288,352,1) 1
035/018/im12.png (288,352,1) 1
035/018/im13.png (288,352,1) 1
035/018/im14.png (288,352,1) 1
035/018/im15.png (288,352,1) 1
035/019/im1.png (288,352,1) 1
035/019/im2.png (288,352,1) 1
035/019/im3.png (288,352,1) 1
035/019/im4.png (288,352,1) 1
035/019/im5.png (288,352,1) 1
035/019/im6.png (288,352,1) 1
035/019/im7.png (288,352,1) 1
035/019/im8.png (288,352,1) 1
035/019/im9.png (288,352,1) 1
035/019/im10.png (288,352,1) 1
035/019/im11.png (288,352,1) 1
035/019/im12.png (288,352,1) 1
035/019/im13.png (288,352,1) 1
035/019/im14.png (288,352,1) 1
035/019/im15.png (288,352,1) 1
035/020/im1.png (288,352,1) 1
035/020/im2.png (288,352,1) 1
035/020/im3.png (288,352,1) 1
035/020/im4.png (288,352,1) 1
035/020/im5.png (288,352,1) 1
035/020/im6.png (288,352,1) 1
035/020/im7.png (288,352,1) 1
035/020/im8.png (288,352,1) 1
035/020/im9.png (288,352,1) 1
035/020/im10.png (288,352,1) 1
035/020/im11.png (288,352,1) 1
035/020/im12.png (288,352,1) 1
035/020/im13.png (288,352,1) 1
035/020/im14.png (288,352,1) 1
035/020/im15.png (288,352,1) 1
036/001/im1.png (1080,1920,1) 1
036/001/im2.png (1080,1920,1) 1
036/001/im3.png (1080,1920,1) 1
036/001/im4.png (1080,1920,1) 1
036/001/im5.png (1080,1920,1) 1
036/001/im6.png (1080,1920,1) 1
036/001/im7.png (1080,1920,1) 1
036/001/im8.png (1080,1920,1) 1
036/001/im9.png (1080,1920,1) 1
036/001/im10.png (1080,1920,1) 1
036/001/im11.png (1080,1920,1) 1
036/001/im12.png (1080,1920,1) 1
036/001/im13.png (1080,1920,1) 1
036/001/im14.png (1080,1920,1) 1
036/001/im15.png (1080,1920,1) 1
036/002/im1.png (1080,1920,1) 1
036/002/im2.png (1080,1920,1) 1
036/002/im3.png (1080,1920,1) 1
036/002/im4.png (1080,1920,1) 1
036/002/im5.png (1080,1920,1) 1
036/002/im6.png (1080,1920,1) 1
036/002/im7.png (1080,1920,1) 1
036/002/im8.png (1080,1920,1) 1
036/002/im9.png (1080,1920,1) 1
036/002/im10.png (1080,1920,1) 1
036/002/im11.png (1080,1920,1) 1
036/002/im12.png (1080,1920,1) 1
036/002/im13.png (1080,1920,1) 1
036/002/im14.png (1080,1920,1) 1
036/002/im15.png (1080,1920,1) 1
036/003/im1.png (1080,1920,1) 1
036/003/im2.png (1080,1920,1) 1
036/003/im3.png (1080,1920,1) 1
036/003/im4.png (1080,1920,1) 1
036/003/im5.png (1080,1920,1) 1
036/003/im6.png (1080,1920,1) 1
036/003/im7.png (1080,1920,1) 1
036/003/im8.png (1080,1920,1) 1
036/003/im9.png (1080,1920,1) 1
036/003/im10.png (1080,1920,1) 1
036/003/im11.png (1080,1920,1) 1
036/003/im12.png (1080,1920,1) 1
036/003/im13.png (1080,1920,1) 1
036/003/im14.png (1080,1920,1) 1
036/003/im15.png (1080,1920,1) 1
036/004/im1.png (1080,1920,1) 1
036/004/im2.png (1080,1920,1) 1
036/004/im3.png (1080,1920,1) 1
036/004/im4.png (1080,1920,1) 1
036/004/im5.png (1080,1920,1) 1
036/004/im6.png (1080,1920,1) 1
036/004/im7.png (1080,1920,1) 1
036/004/im8.png (1080,1920,1) 1
036/004/im9.png (1080,1920,1) 1
036/004/im10.png (1080,1920,1) 1
036/004/im11.png (1080,1920,1) 1
036/004/im12.png (1080,1920,1) 1
036/004/im13.png (1080,1920,1) 1
036/004/im14.png (1080,1920,1) 1
036/004/im15.png (1080,1920,1) 1
036/005/im1.png (1080,1920,1) 1
036/005/im2.png (1080,1920,1) 1
036/005/im3.png (1080,1920,1) 1
036/005/im4.png (1080,1920,1) 1
036/005/im5.png (1080,1920,1) 1
036/005/im6.png (1080,1920,1) 1
036/005/im7.png (1080,1920,1) 1
036/005/im8.png (1080,1920,1) 1
036/005/im9.png (1080,1920,1) 1
036/005/im10.png (1080,1920,1) 1
036/005/im11.png (1080,1920,1) 1
036/005/im12.png (1080,1920,1) 1
036/005/im13.png (1080,1920,1) 1
036/005/im14.png (1080,1920,1) 1
036/005/im15.png (1080,1920,1) 1
036/006/im1.png (1080,1920,1) 1
036/006/im2.png (1080,1920,1) 1
036/006/im3.png (1080,1920,1) 1
036/006/im4.png (1080,1920,1) 1
036/006/im5.png (1080,1920,1) 1
036/006/im6.png (1080,1920,1) 1
036/006/im7.png (1080,1920,1) 1
036/006/im8.png (1080,1920,1) 1
036/006/im9.png (1080,1920,1) 1
036/006/im10.png (1080,1920,1) 1
036/006/im11.png (1080,1920,1) 1
036/006/im12.png (1080,1920,1) 1
036/006/im13.png (1080,1920,1) 1
036/006/im14.png (1080,1920,1) 1
036/006/im15.png (1080,1920,1) 1
036/007/im1.png (1080,1920,1) 1
036/007/im2.png (1080,1920,1) 1
036/007/im3.png (1080,1920,1) 1
036/007/im4.png (1080,1920,1) 1
036/007/im5.png (1080,1920,1) 1
036/007/im6.png (1080,1920,1) 1
036/007/im7.png (1080,1920,1) 1
036/007/im8.png (1080,1920,1) 1
036/007/im9.png (1080,1920,1) 1
036/007/im10.png (1080,1920,1) 1
036/007/im11.png (1080,1920,1) 1
036/007/im12.png (1080,1920,1) 1
036/007/im13.png (1080,1920,1) 1
036/007/im14.png (1080,1920,1) 1
036/007/im15.png (1080,1920,1) 1
036/008/im1.png (1080,1920,1) 1
036/008/im2.png (1080,1920,1) 1
036/008/im3.png (1080,1920,1) 1
036/008/im4.png (1080,1920,1) 1
036/008/im5.png (1080,1920,1) 1
036/008/im6.png (1080,1920,1) 1
036/008/im7.png (1080,1920,1) 1
036/008/im8.png (1080,1920,1) 1
036/008/im9.png (1080,1920,1) 1
036/008/im10.png (1080,1920,1) 1
036/008/im11.png (1080,1920,1) 1
036/008/im12.png (1080,1920,1) 1
036/008/im13.png (1080,1920,1) 1
036/008/im14.png (1080,1920,1) 1
036/008/im15.png (1080,1920,1) 1
037/001/im1.png (576,704,1) 1
037/001/im2.png (576,704,1) 1
037/001/im3.png (576,704,1) 1
037/001/im4.png (576,704,1) 1
037/001/im5.png (576,704,1) 1
037/001/im6.png (576,704,1) 1
037/001/im7.png (576,704,1) 1
037/001/im8.png (576,704,1) 1
037/001/im9.png (576,704,1) 1
037/001/im10.png (576,704,1) 1
037/001/im11.png (576,704,1) 1
037/001/im12.png (576,704,1) 1
037/001/im13.png (576,704,1) 1
037/001/im14.png (576,704,1) 1
037/001/im15.png (576,704,1) 1
037/002/im1.png (576,704,1) 1
037/002/im2.png (576,704,1) 1
037/002/im3.png (576,704,1) 1
037/002/im4.png (576,704,1) 1
037/002/im5.png (576,704,1) 1
037/002/im6.png (576,704,1) 1
037/002/im7.png (576,704,1) 1
037/002/im8.png (576,704,1) 1
037/002/im9.png (576,704,1) 1
037/002/im10.png (576,704,1) 1
037/002/im11.png (576,704,1) 1
037/002/im12.png (576,704,1) 1
037/002/im13.png (576,704,1) 1
037/002/im14.png (576,704,1) 1
037/002/im15.png (576,704,1) 1
037/003/im1.png (576,704,1) 1
037/003/im2.png (576,704,1) 1
037/003/im3.png (576,704,1) 1
037/003/im4.png (576,704,1) 1
037/003/im5.png (576,704,1) 1
037/003/im6.png (576,704,1) 1
037/003/im7.png (576,704,1) 1
037/003/im8.png (576,704,1) 1
037/003/im9.png (576,704,1) 1
037/003/im10.png (576,704,1) 1
037/003/im11.png (576,704,1) 1
037/003/im12.png (576,704,1) 1
037/003/im13.png (576,704,1) 1
037/003/im14.png (576,704,1) 1
037/003/im15.png (576,704,1) 1
037/004/im1.png (576,704,1) 1
037/004/im2.png (576,704,1) 1
037/004/im3.png (576,704,1) 1
037/004/im4.png (576,704,1) 1
037/004/im5.png (576,704,1) 1
037/004/im6.png (576,704,1) 1
037/004/im7.png (576,704,1) 1
037/004/im8.png (576,704,1) 1
037/004/im9.png (576,704,1) 1
037/004/im10.png (576,704,1) 1
037/004/im11.png (576,704,1) 1
037/004/im12.png (576,704,1) 1
037/004/im13.png (576,704,1) 1
037/004/im14.png (576,704,1) 1
037/004/im15.png (576,704,1) 1
037/005/im1.png (576,704,1) 1
037/005/im2.png (576,704,1) 1
037/005/im3.png (576,704,1) 1
037/005/im4.png (576,704,1) 1
037/005/im5.png (576,704,1) 1
037/005/im6.png (576,704,1) 1
037/005/im7.png (576,704,1) 1
037/005/im8.png (576,704,1) 1
037/005/im9.png (576,704,1) 1
037/005/im10.png (576,704,1) 1
037/005/im11.png (576,704,1) 1
037/005/im12.png (576,704,1) 1
037/005/im13.png (576,704,1) 1
037/005/im14.png (576,704,1) 1
037/005/im15.png (576,704,1) 1
037/006/im1.png (576,704,1) 1
037/006/im2.png (576,704,1) 1
037/006/im3.png (576,704,1) 1
037/006/im4.png (576,704,1) 1
037/006/im5.png (576,704,1) 1
037/006/im6.png (576,704,1) 1
037/006/im7.png (576,704,1) 1
037/006/im8.png (576,704,1) 1
037/006/im9.png (576,704,1) 1
037/006/im10.png (576,704,1) 1
037/006/im11.png (576,704,1) 1
037/006/im12.png (576,704,1) 1
037/006/im13.png (576,704,1) 1
037/006/im14.png (576,704,1) 1
037/006/im15.png (576,704,1) 1
037/007/im1.png (576,704,1) 1
037/007/im2.png (576,704,1) 1
037/007/im3.png (576,704,1) 1
037/007/im4.png (576,704,1) 1
037/007/im5.png (576,704,1) 1
037/007/im6.png (576,704,1) 1
037/007/im7.png (576,704,1) 1
037/007/im8.png (576,704,1) 1
037/007/im9.png (576,704,1) 1
037/007/im10.png (576,704,1) 1
037/007/im11.png (576,704,1) 1
037/007/im12.png (576,704,1) 1
037/007/im13.png (576,704,1) 1
037/007/im14.png (576,704,1) 1
037/007/im15.png (576,704,1) 1
037/008/im1.png (576,704,1) 1
037/008/im2.png (576,704,1) 1
037/008/im3.png (576,704,1) 1
037/008/im4.png (576,704,1) 1
037/008/im5.png (576,704,1) 1
037/008/im6.png (576,704,1) 1
037/008/im7.png (576,704,1) 1
037/008/im8.png (576,704,1) 1
037/008/im9.png (576,704,1) 1
037/008/im10.png (576,704,1) 1
037/008/im11.png (576,704,1) 1
037/008/im12.png (576,704,1) 1
037/008/im13.png (576,704,1) 1
037/008/im14.png (576,704,1) 1
037/008/im15.png (576,704,1) 1
037/009/im1.png (576,704,1) 1
037/009/im2.png (576,704,1) 1
037/009/im3.png (576,704,1) 1
037/009/im4.png (576,704,1) 1
037/009/im5.png (576,704,1) 1
037/009/im6.png (576,704,1) 1
037/009/im7.png (576,704,1) 1
037/009/im8.png (576,704,1) 1
037/009/im9.png (576,704,1) 1
037/009/im10.png (576,704,1) 1
037/009/im11.png (576,704,1) 1
037/009/im12.png (576,704,1) 1
037/009/im13.png (576,704,1) 1
037/009/im14.png (576,704,1) 1
037/009/im15.png (576,704,1) 1
037/010/im1.png (576,704,1) 1
037/010/im2.png (576,704,1) 1
037/010/im3.png (576,704,1) 1
037/010/im4.png (576,704,1) 1
037/010/im5.png (576,704,1) 1
037/010/im6.png (576,704,1) 1
037/010/im7.png (576,704,1) 1
037/010/im8.png (576,704,1) 1
037/010/im9.png (576,704,1) 1
037/010/im10.png (576,704,1) 1
037/010/im11.png (576,704,1) 1
037/010/im12.png (576,704,1) 1
037/010/im13.png (576,704,1) 1
037/010/im14.png (576,704,1) 1
037/010/im15.png (576,704,1) 1
037/011/im1.png (576,704,1) 1
037/011/im2.png (576,704,1) 1
037/011/im3.png (576,704,1) 1
037/011/im4.png (576,704,1) 1
037/011/im5.png (576,704,1) 1
037/011/im6.png (576,704,1) 1
037/011/im7.png (576,704,1) 1
037/011/im8.png (576,704,1) 1
037/011/im9.png (576,704,1) 1
037/011/im10.png (576,704,1) 1
037/011/im11.png (576,704,1) 1
037/011/im12.png (576,704,1) 1
037/011/im13.png (576,704,1) 1
037/011/im14.png (576,704,1) 1
037/011/im15.png (576,704,1) 1
037/012/im1.png (576,704,1) 1
037/012/im2.png (576,704,1) 1
037/012/im3.png (576,704,1) 1
037/012/im4.png (576,704,1) 1
037/012/im5.png (576,704,1) 1
037/012/im6.png (576,704,1) 1
037/012/im7.png (576,704,1) 1
037/012/im8.png (576,704,1) 1
037/012/im9.png (576,704,1) 1
037/012/im10.png (576,704,1) 1
037/012/im11.png (576,704,1) 1
037/012/im12.png (576,704,1) 1
037/012/im13.png (576,704,1) 1
037/012/im14.png (576,704,1) 1
037/012/im15.png (576,704,1) 1
037/013/im1.png (576,704,1) 1
037/013/im2.png (576,704,1) 1
037/013/im3.png (576,704,1) 1
037/013/im4.png (576,704,1) 1
037/013/im5.png (576,704,1) 1
037/013/im6.png (576,704,1) 1
037/013/im7.png (576,704,1) 1
037/013/im8.png (576,704,1) 1
037/013/im9.png (576,704,1) 1
037/013/im10.png (576,704,1) 1
037/013/im11.png (576,704,1) 1
037/013/im12.png (576,704,1) 1
037/013/im13.png (576,704,1) 1
037/013/im14.png (576,704,1) 1
037/013/im15.png (576,704,1) 1
037/014/im1.png (576,704,1) 1
037/014/im2.png (576,704,1) 1
037/014/im3.png (576,704,1) 1
037/014/im4.png (576,704,1) 1
037/014/im5.png (576,704,1) 1
037/014/im6.png (576,704,1) 1
037/014/im7.png (576,704,1) 1
037/014/im8.png (576,704,1) 1
037/014/im9.png (576,704,1) 1
037/014/im10.png (576,704,1) 1
037/014/im11.png (576,704,1) 1
037/014/im12.png (576,704,1) 1
037/014/im13.png (576,704,1) 1
037/014/im14.png (576,704,1) 1
037/014/im15.png (576,704,1) 1
037/015/im1.png (576,704,1) 1
037/015/im2.png (576,704,1) 1
037/015/im3.png (576,704,1) 1
037/015/im4.png (576,704,1) 1
037/015/im5.png (576,704,1) 1
037/015/im6.png (576,704,1) 1
037/015/im7.png (576,704,1) 1
037/015/im8.png (576,704,1) 1
037/015/im9.png (576,704,1) 1
037/015/im10.png (576,704,1) 1
037/015/im11.png (576,704,1) 1
037/015/im12.png (576,704,1) 1
037/015/im13.png (576,704,1) 1
037/015/im14.png (576,704,1) 1
037/015/im15.png (576,704,1) 1
037/016/im1.png (576,704,1) 1
037/016/im2.png (576,704,1) 1
037/016/im3.png (576,704,1) 1
037/016/im4.png (576,704,1) 1
037/016/im5.png (576,704,1) 1
037/016/im6.png (576,704,1) 1
037/016/im7.png (576,704,1) 1
037/016/im8.png (576,704,1) 1
037/016/im9.png (576,704,1) 1
037/016/im10.png (576,704,1) 1
037/016/im11.png (576,704,1) 1
037/016/im12.png (576,704,1) 1
037/016/im13.png (576,704,1) 1
037/016/im14.png (576,704,1) 1
037/016/im15.png (576,704,1) 1
037/017/im1.png (576,704,1) 1
037/017/im2.png (576,704,1) 1
037/017/im3.png (576,704,1) 1
037/017/im4.png (576,704,1) 1
037/017/im5.png (576,704,1) 1
037/017/im6.png (576,704,1) 1
037/017/im7.png (576,704,1) 1
037/017/im8.png (576,704,1) 1
037/017/im9.png (576,704,1) 1
037/017/im10.png (576,704,1) 1
037/017/im11.png (576,704,1) 1
037/017/im12.png (576,704,1) 1
037/017/im13.png (576,704,1) 1
037/017/im14.png (576,704,1) 1
037/017/im15.png (576,704,1) 1
037/018/im1.png (576,704,1) 1
037/018/im2.png (576,704,1) 1
037/018/im3.png (576,704,1) 1
037/018/im4.png (576,704,1) 1
037/018/im5.png (576,704,1) 1
037/018/im6.png (576,704,1) 1
037/018/im7.png (576,704,1) 1
037/018/im8.png (576,704,1) 1
037/018/im9.png (576,704,1) 1
037/018/im10.png (576,704,1) 1
037/018/im11.png (576,704,1) 1
037/018/im12.png (576,704,1) 1
037/018/im13.png (576,704,1) 1
037/018/im14.png (576,704,1) 1
037/018/im15.png (576,704,1) 1
037/019/im1.png (576,704,1) 1
037/019/im2.png (576,704,1) 1
037/019/im3.png (576,704,1) 1
037/019/im4.png (576,704,1) 1
037/019/im5.png (576,704,1) 1
037/019/im6.png (576,704,1) 1
037/019/im7.png (576,704,1) 1
037/019/im8.png (576,704,1) 1
037/019/im9.png (576,704,1) 1
037/019/im10.png (576,704,1) 1
037/019/im11.png (576,704,1) 1
037/019/im12.png (576,704,1) 1
037/019/im13.png (576,704,1) 1
037/019/im14.png (576,704,1) 1
037/019/im15.png (576,704,1) 1
037/020/im1.png (576,704,1) 1
037/020/im2.png (576,704,1) 1
037/020/im3.png (576,704,1) 1
037/020/im4.png (576,704,1) 1
037/020/im5.png (576,704,1) 1
037/020/im6.png (576,704,1) 1
037/020/im7.png (576,704,1) 1
037/020/im8.png (576,704,1) 1
037/020/im9.png (576,704,1) 1
037/020/im10.png (576,704,1) 1
037/020/im11.png (576,704,1) 1
037/020/im12.png (576,704,1) 1
037/020/im13.png (576,704,1) 1
037/020/im14.png (576,704,1) 1
037/020/im15.png (576,704,1) 1
038/001/im1.png (1080,1920,1) 1
038/001/im2.png (1080,1920,1) 1
038/001/im3.png (1080,1920,1) 1
038/001/im4.png (1080,1920,1) 1
038/001/im5.png (1080,1920,1) 1
038/001/im6.png (1080,1920,1) 1
038/001/im7.png (1080,1920,1) 1
038/001/im8.png (1080,1920,1) 1
038/001/im9.png (1080,1920,1) 1
038/001/im10.png (1080,1920,1) 1
038/001/im11.png (1080,1920,1) 1
038/001/im12.png (1080,1920,1) 1
038/001/im13.png (1080,1920,1) 1
038/001/im14.png (1080,1920,1) 1
038/001/im15.png (1080,1920,1) 1
038/002/im1.png (1080,1920,1) 1
038/002/im2.png (1080,1920,1) 1
038/002/im3.png (1080,1920,1) 1
038/002/im4.png (1080,1920,1) 1
038/002/im5.png (1080,1920,1) 1
038/002/im6.png (1080,1920,1) 1
038/002/im7.png (1080,1920,1) 1
038/002/im8.png (1080,1920,1) 1
038/002/im9.png (1080,1920,1) 1
038/002/im10.png (1080,1920,1) 1
038/002/im11.png (1080,1920,1) 1
038/002/im12.png (1080,1920,1) 1
038/002/im13.png (1080,1920,1) 1
038/002/im14.png (1080,1920,1) 1
038/002/im15.png (1080,1920,1) 1
038/003/im1.png (1080,1920,1) 1
038/003/im2.png (1080,1920,1) 1
038/003/im3.png (1080,1920,1) 1
038/003/im4.png (1080,1920,1) 1
038/003/im5.png (1080,1920,1) 1
038/003/im6.png (1080,1920,1) 1
038/003/im7.png (1080,1920,1) 1
038/003/im8.png (1080,1920,1) 1
038/003/im9.png (1080,1920,1) 1
038/003/im10.png (1080,1920,1) 1
038/003/im11.png (1080,1920,1) 1
038/003/im12.png (1080,1920,1) 1
038/003/im13.png (1080,1920,1) 1
038/003/im14.png (1080,1920,1) 1
038/003/im15.png (1080,1920,1) 1
038/004/im1.png (1080,1920,1) 1
038/004/im2.png (1080,1920,1) 1
038/004/im3.png (1080,1920,1) 1
038/004/im4.png (1080,1920,1) 1
038/004/im5.png (1080,1920,1) 1
038/004/im6.png (1080,1920,1) 1
038/004/im7.png (1080,1920,1) 1
038/004/im8.png (1080,1920,1) 1
038/004/im9.png (1080,1920,1) 1
038/004/im10.png (1080,1920,1) 1
038/004/im11.png (1080,1920,1) 1
038/004/im12.png (1080,1920,1) 1
038/004/im13.png (1080,1920,1) 1
038/004/im14.png (1080,1920,1) 1
038/004/im15.png (1080,1920,1) 1
038/005/im1.png (1080,1920,1) 1
038/005/im2.png (1080,1920,1) 1
038/005/im3.png (1080,1920,1) 1
038/005/im4.png (1080,1920,1) 1
038/005/im5.png (1080,1920,1) 1
038/005/im6.png (1080,1920,1) 1
038/005/im7.png (1080,1920,1) 1
038/005/im8.png (1080,1920,1) 1
038/005/im9.png (1080,1920,1) 1
038/005/im10.png (1080,1920,1) 1
038/005/im11.png (1080,1920,1) 1
038/005/im12.png (1080,1920,1) 1
038/005/im13.png (1080,1920,1) 1
038/005/im14.png (1080,1920,1) 1
038/005/im15.png (1080,1920,1) 1
038/006/im1.png (1080,1920,1) 1
038/006/im2.png (1080,1920,1) 1
038/006/im3.png (1080,1920,1) 1
038/006/im4.png (1080,1920,1) 1
038/006/im5.png (1080,1920,1) 1
038/006/im6.png (1080,1920,1) 1
038/006/im7.png (1080,1920,1) 1
038/006/im8.png (1080,1920,1) 1
038/006/im9.png (1080,1920,1) 1
038/006/im10.png (1080,1920,1) 1
038/006/im11.png (1080,1920,1) 1
038/006/im12.png (1080,1920,1) 1
038/006/im13.png (1080,1920,1) 1
038/006/im14.png (1080,1920,1) 1
038/006/im15.png (1080,1920,1) 1
038/007/im1.png (1080,1920,1) 1
038/007/im2.png (1080,1920,1) 1
038/007/im3.png (1080,1920,1) 1
038/007/im4.png (1080,1920,1) 1
038/007/im5.png (1080,1920,1) 1
038/007/im6.png (1080,1920,1) 1
038/007/im7.png (1080,1920,1) 1
038/007/im8.png (1080,1920,1) 1
038/007/im9.png (1080,1920,1) 1
038/007/im10.png (1080,1920,1) 1
038/007/im11.png (1080,1920,1) 1
038/007/im12.png (1080,1920,1) 1
038/007/im13.png (1080,1920,1) 1
038/007/im14.png (1080,1920,1) 1
038/007/im15.png (1080,1920,1) 1
038/008/im1.png (1080,1920,1) 1
038/008/im2.png (1080,1920,1) 1
038/008/im3.png (1080,1920,1) 1
038/008/im4.png (1080,1920,1) 1
038/008/im5.png (1080,1920,1) 1
038/008/im6.png (1080,1920,1) 1
038/008/im7.png (1080,1920,1) 1
038/008/im8.png (1080,1920,1) 1
038/008/im9.png (1080,1920,1) 1
038/008/im10.png (1080,1920,1) 1
038/008/im11.png (1080,1920,1) 1
038/008/im12.png (1080,1920,1) 1
038/008/im13.png (1080,1920,1) 1
038/008/im14.png (1080,1920,1) 1
038/008/im15.png (1080,1920,1) 1
038/009/im1.png (1080,1920,1) 1
038/009/im2.png (1080,1920,1) 1
038/009/im3.png (1080,1920,1) 1
038/009/im4.png (1080,1920,1) 1
038/009/im5.png (1080,1920,1) 1
038/009/im6.png (1080,1920,1) 1
038/009/im7.png (1080,1920,1) 1
038/009/im8.png (1080,1920,1) 1
038/009/im9.png (1080,1920,1) 1
038/009/im10.png (1080,1920,1) 1
038/009/im11.png (1080,1920,1) 1
038/009/im12.png (1080,1920,1) 1
038/009/im13.png (1080,1920,1) 1
038/009/im14.png (1080,1920,1) 1
038/009/im15.png (1080,1920,1) 1
038/010/im1.png (1080,1920,1) 1
038/010/im2.png (1080,1920,1) 1
038/010/im3.png (1080,1920,1) 1
038/010/im4.png (1080,1920,1) 1
038/010/im5.png (1080,1920,1) 1
038/010/im6.png (1080,1920,1) 1
038/010/im7.png (1080,1920,1) 1
038/010/im8.png (1080,1920,1) 1
038/010/im9.png (1080,1920,1) 1
038/010/im10.png (1080,1920,1) 1
038/010/im11.png (1080,1920,1) 1
038/010/im12.png (1080,1920,1) 1
038/010/im13.png (1080,1920,1) 1
038/010/im14.png (1080,1920,1) 1
038/010/im15.png (1080,1920,1) 1
038/011/im1.png (1080,1920,1) 1
038/011/im2.png (1080,1920,1) 1
038/011/im3.png (1080,1920,1) 1
038/011/im4.png (1080,1920,1) 1
038/011/im5.png (1080,1920,1) 1
038/011/im6.png (1080,1920,1) 1
038/011/im7.png (1080,1920,1) 1
038/011/im8.png (1080,1920,1) 1
038/011/im9.png (1080,1920,1) 1
038/011/im10.png (1080,1920,1) 1
038/011/im11.png (1080,1920,1) 1
038/011/im12.png (1080,1920,1) 1
038/011/im13.png (1080,1920,1) 1
038/011/im14.png (1080,1920,1) 1
038/011/im15.png (1080,1920,1) 1
038/012/im1.png (1080,1920,1) 1
038/012/im2.png (1080,1920,1) 1
038/012/im3.png (1080,1920,1) 1
038/012/im4.png (1080,1920,1) 1
038/012/im5.png (1080,1920,1) 1
038/012/im6.png (1080,1920,1) 1
038/012/im7.png (1080,1920,1) 1
038/012/im8.png (1080,1920,1) 1
038/012/im9.png (1080,1920,1) 1
038/012/im10.png (1080,1920,1) 1
038/012/im11.png (1080,1920,1) 1
038/012/im12.png (1080,1920,1) 1
038/012/im13.png (1080,1920,1) 1
038/012/im14.png (1080,1920,1) 1
038/012/im15.png (1080,1920,1) 1
038/013/im1.png (1080,1920,1) 1
038/013/im2.png (1080,1920,1) 1
038/013/im3.png (1080,1920,1) 1
038/013/im4.png (1080,1920,1) 1
038/013/im5.png (1080,1920,1) 1
038/013/im6.png (1080,1920,1) 1
038/013/im7.png (1080,1920,1) 1
038/013/im8.png (1080,1920,1) 1
038/013/im9.png (1080,1920,1) 1
038/013/im10.png (1080,1920,1) 1
038/013/im11.png (1080,1920,1) 1
038/013/im12.png (1080,1920,1) 1
038/013/im13.png (1080,1920,1) 1
038/013/im14.png (1080,1920,1) 1
038/013/im15.png (1080,1920,1) 1
038/014/im1.png (1080,1920,1) 1
038/014/im2.png (1080,1920,1) 1
038/014/im3.png (1080,1920,1) 1
038/014/im4.png (1080,1920,1) 1
038/014/im5.png (1080,1920,1) 1
038/014/im6.png (1080,1920,1) 1
038/014/im7.png (1080,1920,1) 1
038/014/im8.png (1080,1920,1) 1
038/014/im9.png (1080,1920,1) 1
038/014/im10.png (1080,1920,1) 1
038/014/im11.png (1080,1920,1) 1
038/014/im12.png (1080,1920,1) 1
038/014/im13.png (1080,1920,1) 1
038/014/im14.png (1080,1920,1) 1
038/014/im15.png (1080,1920,1) 1
038/015/im1.png (1080,1920,1) 1
038/015/im2.png (1080,1920,1) 1
038/015/im3.png (1080,1920,1) 1
038/015/im4.png (1080,1920,1) 1
038/015/im5.png (1080,1920,1) 1
038/015/im6.png (1080,1920,1) 1
038/015/im7.png (1080,1920,1) 1
038/015/im8.png (1080,1920,1) 1
038/015/im9.png (1080,1920,1) 1
038/015/im10.png (1080,1920,1) 1
038/015/im11.png (1080,1920,1) 1
038/015/im12.png (1080,1920,1) 1
038/015/im13.png (1080,1920,1) 1
038/015/im14.png (1080,1920,1) 1
038/015/im15.png (1080,1920,1) 1
038/016/im1.png (1080,1920,1) 1
038/016/im2.png (1080,1920,1) 1
038/016/im3.png (1080,1920,1) 1
038/016/im4.png (1080,1920,1) 1
038/016/im5.png (1080,1920,1) 1
038/016/im6.png (1080,1920,1) 1
038/016/im7.png (1080,1920,1) 1
038/016/im8.png (1080,1920,1) 1
038/016/im9.png (1080,1920,1) 1
038/016/im10.png (1080,1920,1) 1
038/016/im11.png (1080,1920,1) 1
038/016/im12.png (1080,1920,1) 1
038/016/im13.png (1080,1920,1) 1
038/016/im14.png (1080,1920,1) 1
038/016/im15.png (1080,1920,1) 1
038/017/im1.png (1080,1920,1) 1
038/017/im2.png (1080,1920,1) 1
038/017/im3.png (1080,1920,1) 1
038/017/im4.png (1080,1920,1) 1
038/017/im5.png (1080,1920,1) 1
038/017/im6.png (1080,1920,1) 1
038/017/im7.png (1080,1920,1) 1
038/017/im8.png (1080,1920,1) 1
038/017/im9.png (1080,1920,1) 1
038/017/im10.png (1080,1920,1) 1
038/017/im11.png (1080,1920,1) 1
038/017/im12.png (1080,1920,1) 1
038/017/im13.png (1080,1920,1) 1
038/017/im14.png (1080,1920,1) 1
038/017/im15.png (1080,1920,1) 1
038/018/im1.png (1080,1920,1) 1
038/018/im2.png (1080,1920,1) 1
038/018/im3.png (1080,1920,1) 1
038/018/im4.png (1080,1920,1) 1
038/018/im5.png (1080,1920,1) 1
038/018/im6.png (1080,1920,1) 1
038/018/im7.png (1080,1920,1) 1
038/018/im8.png (1080,1920,1) 1
038/018/im9.png (1080,1920,1) 1
038/018/im10.png (1080,1920,1) 1
038/018/im11.png (1080,1920,1) 1
038/018/im12.png (1080,1920,1) 1
038/018/im13.png (1080,1920,1) 1
038/018/im14.png (1080,1920,1) 1
038/018/im15.png (1080,1920,1) 1
038/019/im1.png (1080,1920,1) 1
038/019/im2.png (1080,1920,1) 1
038/019/im3.png (1080,1920,1) 1
038/019/im4.png (1080,1920,1) 1
038/019/im5.png (1080,1920,1) 1
038/019/im6.png (1080,1920,1) 1
038/019/im7.png (1080,1920,1) 1
038/019/im8.png (1080,1920,1) 1
038/019/im9.png (1080,1920,1) 1
038/019/im10.png (1080,1920,1) 1
038/019/im11.png (1080,1920,1) 1
038/019/im12.png (1080,1920,1) 1
038/019/im13.png (1080,1920,1) 1
038/019/im14.png (1080,1920,1) 1
038/019/im15.png (1080,1920,1) 1
038/020/im1.png (1080,1920,1) 1
038/020/im2.png (1080,1920,1) 1
038/020/im3.png (1080,1920,1) 1
038/020/im4.png (1080,1920,1) 1
038/020/im5.png (1080,1920,1) 1
038/020/im6.png (1080,1920,1) 1
038/020/im7.png (1080,1920,1) 1
038/020/im8.png (1080,1920,1) 1
038/020/im9.png (1080,1920,1) 1
038/020/im10.png (1080,1920,1) 1
038/020/im11.png (1080,1920,1) 1
038/020/im12.png (1080,1920,1) 1
038/020/im13.png (1080,1920,1) 1
038/020/im14.png (1080,1920,1) 1
038/020/im15.png (1080,1920,1) 1
039/001/im1.png (288,352,1) 1
039/001/im2.png (288,352,1) 1
039/001/im3.png (288,352,1) 1
039/001/im4.png (288,352,1) 1
039/001/im5.png (288,352,1) 1
039/001/im6.png (288,352,1) 1
039/001/im7.png (288,352,1) 1
039/001/im8.png (288,352,1) 1
039/001/im9.png (288,352,1) 1
039/001/im10.png (288,352,1) 1
039/001/im11.png (288,352,1) 1
039/001/im12.png (288,352,1) 1
039/001/im13.png (288,352,1) 1
039/001/im14.png (288,352,1) 1
039/001/im15.png (288,352,1) 1
039/002/im1.png (288,352,1) 1
039/002/im2.png (288,352,1) 1
039/002/im3.png (288,352,1) 1
039/002/im4.png (288,352,1) 1
039/002/im5.png (288,352,1) 1
039/002/im6.png (288,352,1) 1
039/002/im7.png (288,352,1) 1
039/002/im8.png (288,352,1) 1
039/002/im9.png (288,352,1) 1
039/002/im10.png (288,352,1) 1
039/002/im11.png (288,352,1) 1
039/002/im12.png (288,352,1) 1
039/002/im13.png (288,352,1) 1
039/002/im14.png (288,352,1) 1
039/002/im15.png (288,352,1) 1
039/003/im1.png (288,352,1) 1
039/003/im2.png (288,352,1) 1
039/003/im3.png (288,352,1) 1
039/003/im4.png (288,352,1) 1
039/003/im5.png (288,352,1) 1
039/003/im6.png (288,352,1) 1
039/003/im7.png (288,352,1) 1
039/003/im8.png (288,352,1) 1
039/003/im9.png (288,352,1) 1
039/003/im10.png (288,352,1) 1
039/003/im11.png (288,352,1) 1
039/003/im12.png (288,352,1) 1
039/003/im13.png (288,352,1) 1
039/003/im14.png (288,352,1) 1
039/003/im15.png (288,352,1) 1
039/004/im1.png (288,352,1) 1
039/004/im2.png (288,352,1) 1
039/004/im3.png (288,352,1) 1
039/004/im4.png (288,352,1) 1
039/004/im5.png (288,352,1) 1
039/004/im6.png (288,352,1) 1
039/004/im7.png (288,352,1) 1
039/004/im8.png (288,352,1) 1
039/004/im9.png (288,352,1) 1
039/004/im10.png (288,352,1) 1
039/004/im11.png (288,352,1) 1
039/004/im12.png (288,352,1) 1
039/004/im13.png (288,352,1) 1
039/004/im14.png (288,352,1) 1
039/004/im15.png (288,352,1) 1
039/005/im1.png (288,352,1) 1
039/005/im2.png (288,352,1) 1
039/005/im3.png (288,352,1) 1
039/005/im4.png (288,352,1) 1
039/005/im5.png (288,352,1) 1
039/005/im6.png (288,352,1) 1
039/005/im7.png (288,352,1) 1
039/005/im8.png (288,352,1) 1
039/005/im9.png (288,352,1) 1
039/005/im10.png (288,352,1) 1
039/005/im11.png (288,352,1) 1
039/005/im12.png (288,352,1) 1
039/005/im13.png (288,352,1) 1
039/005/im14.png (288,352,1) 1
039/005/im15.png (288,352,1) 1
039/006/im1.png (288,352,1) 1
039/006/im2.png (288,352,1) 1
039/006/im3.png (288,352,1) 1
039/006/im4.png (288,352,1) 1
039/006/im5.png (288,352,1) 1
039/006/im6.png (288,352,1) 1
039/006/im7.png (288,352,1) 1
039/006/im8.png (288,352,1) 1
039/006/im9.png (288,352,1) 1
039/006/im10.png (288,352,1) 1
039/006/im11.png (288,352,1) 1
039/006/im12.png (288,352,1) 1
039/006/im13.png (288,352,1) 1
039/006/im14.png (288,352,1) 1
039/006/im15.png (288,352,1) 1
039/007/im1.png (288,352,1) 1
039/007/im2.png (288,352,1) 1
039/007/im3.png (288,352,1) 1
039/007/im4.png (288,352,1) 1
039/007/im5.png (288,352,1) 1
039/007/im6.png (288,352,1) 1
039/007/im7.png (288,352,1) 1
039/007/im8.png (288,352,1) 1
039/007/im9.png (288,352,1) 1
039/007/im10.png (288,352,1) 1
039/007/im11.png (288,352,1) 1
039/007/im12.png (288,352,1) 1
039/007/im13.png (288,352,1) 1
039/007/im14.png (288,352,1) 1
039/007/im15.png (288,352,1) 1
039/008/im1.png (288,352,1) 1
039/008/im2.png (288,352,1) 1
039/008/im3.png (288,352,1) 1
039/008/im4.png (288,352,1) 1
039/008/im5.png (288,352,1) 1
039/008/im6.png (288,352,1) 1
039/008/im7.png (288,352,1) 1
039/008/im8.png (288,352,1) 1
039/008/im9.png (288,352,1) 1
039/008/im10.png (288,352,1) 1
039/008/im11.png (288,352,1) 1
039/008/im12.png (288,352,1) 1
039/008/im13.png (288,352,1) 1
039/008/im14.png (288,352,1) 1
039/008/im15.png (288,352,1) 1
039/009/im1.png (288,352,1) 1
039/009/im2.png (288,352,1) 1
039/009/im3.png (288,352,1) 1
039/009/im4.png (288,352,1) 1
039/009/im5.png (288,352,1) 1
039/009/im6.png (288,352,1) 1
039/009/im7.png (288,352,1) 1
039/009/im8.png (288,352,1) 1
039/009/im9.png (288,352,1) 1
039/009/im10.png (288,352,1) 1
039/009/im11.png (288,352,1) 1
039/009/im12.png (288,352,1) 1
039/009/im13.png (288,352,1) 1
039/009/im14.png (288,352,1) 1
039/009/im15.png (288,352,1) 1
039/010/im1.png (288,352,1) 1
039/010/im2.png (288,352,1) 1
039/010/im3.png (288,352,1) 1
039/010/im4.png (288,352,1) 1
039/010/im5.png (288,352,1) 1
039/010/im6.png (288,352,1) 1
039/010/im7.png (288,352,1) 1
039/010/im8.png (288,352,1) 1
039/010/im9.png (288,352,1) 1
039/010/im10.png (288,352,1) 1
039/010/im11.png (288,352,1) 1
039/010/im12.png (288,352,1) 1
039/010/im13.png (288,352,1) 1
039/010/im14.png (288,352,1) 1
039/010/im15.png (288,352,1) 1
039/011/im1.png (288,352,1) 1
039/011/im2.png (288,352,1) 1
039/011/im3.png (288,352,1) 1
039/011/im4.png (288,352,1) 1
039/011/im5.png (288,352,1) 1
039/011/im6.png (288,352,1) 1
039/011/im7.png (288,352,1) 1
039/011/im8.png (288,352,1) 1
039/011/im9.png (288,352,1) 1
039/011/im10.png (288,352,1) 1
039/011/im11.png (288,352,1) 1
039/011/im12.png (288,352,1) 1
039/011/im13.png (288,352,1) 1
039/011/im14.png (288,352,1) 1
039/011/im15.png (288,352,1) 1
039/012/im1.png (288,352,1) 1
039/012/im2.png (288,352,1) 1
039/012/im3.png (288,352,1) 1
039/012/im4.png (288,352,1) 1
039/012/im5.png (288,352,1) 1
039/012/im6.png (288,352,1) 1
039/012/im7.png (288,352,1) 1
039/012/im8.png (288,352,1) 1
039/012/im9.png (288,352,1) 1
039/012/im10.png (288,352,1) 1
039/012/im11.png (288,352,1) 1
039/012/im12.png (288,352,1) 1
039/012/im13.png (288,352,1) 1
039/012/im14.png (288,352,1) 1
039/012/im15.png (288,352,1) 1
039/013/im1.png (288,352,1) 1
039/013/im2.png (288,352,1) 1
039/013/im3.png (288,352,1) 1
039/013/im4.png (288,352,1) 1
039/013/im5.png (288,352,1) 1
039/013/im6.png (288,352,1) 1
039/013/im7.png (288,352,1) 1
039/013/im8.png (288,352,1) 1
039/013/im9.png (288,352,1) 1
039/013/im10.png (288,352,1) 1
039/013/im11.png (288,352,1) 1
039/013/im12.png (288,352,1) 1
039/013/im13.png (288,352,1) 1
039/013/im14.png (288,352,1) 1
039/013/im15.png (288,352,1) 1
039/014/im1.png (288,352,1) 1
039/014/im2.png (288,352,1) 1
039/014/im3.png (288,352,1) 1
039/014/im4.png (288,352,1) 1
039/014/im5.png (288,352,1) 1
039/014/im6.png (288,352,1) 1
039/014/im7.png (288,352,1) 1
039/014/im8.png (288,352,1) 1
039/014/im9.png (288,352,1) 1
039/014/im10.png (288,352,1) 1
039/014/im11.png (288,352,1) 1
039/014/im12.png (288,352,1) 1
039/014/im13.png (288,352,1) 1
039/014/im14.png (288,352,1) 1
039/014/im15.png (288,352,1) 1
039/015/im1.png (288,352,1) 1
039/015/im2.png (288,352,1) 1
039/015/im3.png (288,352,1) 1
039/015/im4.png (288,352,1) 1
039/015/im5.png (288,352,1) 1
039/015/im6.png (288,352,1) 1
039/015/im7.png (288,352,1) 1
039/015/im8.png (288,352,1) 1
039/015/im9.png (288,352,1) 1
039/015/im10.png (288,352,1) 1
039/015/im11.png (288,352,1) 1
039/015/im12.png (288,352,1) 1
039/015/im13.png (288,352,1) 1
039/015/im14.png (288,352,1) 1
039/015/im15.png (288,352,1) 1
039/016/im1.png (288,352,1) 1
039/016/im2.png (288,352,1) 1
039/016/im3.png (288,352,1) 1
039/016/im4.png (288,352,1) 1
039/016/im5.png (288,352,1) 1
039/016/im6.png (288,352,1) 1
039/016/im7.png (288,352,1) 1
039/016/im8.png (288,352,1) 1
039/016/im9.png (288,352,1) 1
039/016/im10.png (288,352,1) 1
039/016/im11.png (288,352,1) 1
039/016/im12.png (288,352,1) 1
039/016/im13.png (288,352,1) 1
039/016/im14.png (288,352,1) 1
039/016/im15.png (288,352,1) 1
039/017/im1.png (288,352,1) 1
039/017/im2.png (288,352,1) 1
039/017/im3.png (288,352,1) 1
039/017/im4.png (288,352,1) 1
039/017/im5.png (288,352,1) 1
039/017/im6.png (288,352,1) 1
039/017/im7.png (288,352,1) 1
039/017/im8.png (288,352,1) 1
039/017/im9.png (288,352,1) 1
039/017/im10.png (288,352,1) 1
039/017/im11.png (288,352,1) 1
039/017/im12.png (288,352,1) 1
039/017/im13.png (288,352,1) 1
039/017/im14.png (288,352,1) 1
039/017/im15.png (288,352,1) 1
039/018/im1.png (288,352,1) 1
039/018/im2.png (288,352,1) 1
039/018/im3.png (288,352,1) 1
039/018/im4.png (288,352,1) 1
039/018/im5.png (288,352,1) 1
039/018/im6.png (288,352,1) 1
039/018/im7.png (288,352,1) 1
039/018/im8.png (288,352,1) 1
039/018/im9.png (288,352,1) 1
039/018/im10.png (288,352,1) 1
039/018/im11.png (288,352,1) 1
039/018/im12.png (288,352,1) 1
039/018/im13.png (288,352,1) 1
039/018/im14.png (288,352,1) 1
039/018/im15.png (288,352,1) 1
039/019/im1.png (288,352,1) 1
039/019/im2.png (288,352,1) 1
039/019/im3.png (288,352,1) 1
039/019/im4.png (288,352,1) 1
039/019/im5.png (288,352,1) 1
039/019/im6.png (288,352,1) 1
039/019/im7.png (288,352,1) 1
039/019/im8.png (288,352,1) 1
039/019/im9.png (288,352,1) 1
039/019/im10.png (288,352,1) 1
039/019/im11.png (288,352,1) 1
039/019/im12.png (288,352,1) 1
039/019/im13.png (288,352,1) 1
039/019/im14.png (288,352,1) 1
039/019/im15.png (288,352,1) 1
039/020/im1.png (288,352,1) 1
039/020/im2.png (288,352,1) 1
039/020/im3.png (288,352,1) 1
039/020/im4.png (288,352,1) 1
039/020/im5.png (288,352,1) 1
039/020/im6.png (288,352,1) 1
039/020/im7.png (288,352,1) 1
039/020/im8.png (288,352,1) 1
039/020/im9.png (288,352,1) 1
039/020/im10.png (288,352,1) 1
039/020/im11.png (288,352,1) 1
039/020/im12.png (288,352,1) 1
039/020/im13.png (288,352,1) 1
039/020/im14.png (288,352,1) 1
039/020/im15.png (288,352,1) 1
040/001/im1.png (1080,1920,1) 1
040/001/im2.png (1080,1920,1) 1
040/001/im3.png (1080,1920,1) 1
040/001/im4.png (1080,1920,1) 1
040/001/im5.png (1080,1920,1) 1
040/001/im6.png (1080,1920,1) 1
040/001/im7.png (1080,1920,1) 1
040/001/im8.png (1080,1920,1) 1
040/001/im9.png (1080,1920,1) 1
040/001/im10.png (1080,1920,1) 1
040/001/im11.png (1080,1920,1) 1
040/001/im12.png (1080,1920,1) 1
040/001/im13.png (1080,1920,1) 1
040/001/im14.png (1080,1920,1) 1
040/001/im15.png (1080,1920,1) 1
040/002/im1.png (1080,1920,1) 1
040/002/im2.png (1080,1920,1) 1
040/002/im3.png (1080,1920,1) 1
040/002/im4.png (1080,1920,1) 1
040/002/im5.png (1080,1920,1) 1
040/002/im6.png (1080,1920,1) 1
040/002/im7.png (1080,1920,1) 1
040/002/im8.png (1080,1920,1) 1
040/002/im9.png (1080,1920,1) 1
040/002/im10.png (1080,1920,1) 1
040/002/im11.png (1080,1920,1) 1
040/002/im12.png (1080,1920,1) 1
040/002/im13.png (1080,1920,1) 1
040/002/im14.png (1080,1920,1) 1
040/002/im15.png (1080,1920,1) 1
040/003/im1.png (1080,1920,1) 1
040/003/im2.png (1080,1920,1) 1
040/003/im3.png (1080,1920,1) 1
040/003/im4.png (1080,1920,1) 1
040/003/im5.png (1080,1920,1) 1
040/003/im6.png (1080,1920,1) 1
040/003/im7.png (1080,1920,1) 1
040/003/im8.png (1080,1920,1) 1
040/003/im9.png (1080,1920,1) 1
040/003/im10.png (1080,1920,1) 1
040/003/im11.png (1080,1920,1) 1
040/003/im12.png (1080,1920,1) 1
040/003/im13.png (1080,1920,1) 1
040/003/im14.png (1080,1920,1) 1
040/003/im15.png (1080,1920,1) 1
040/004/im1.png (1080,1920,1) 1
040/004/im2.png (1080,1920,1) 1
040/004/im3.png (1080,1920,1) 1
040/004/im4.png (1080,1920,1) 1
040/004/im5.png (1080,1920,1) 1
040/004/im6.png (1080,1920,1) 1
040/004/im7.png (1080,1920,1) 1
040/004/im8.png (1080,1920,1) 1
040/004/im9.png (1080,1920,1) 1
040/004/im10.png (1080,1920,1) 1
040/004/im11.png (1080,1920,1) 1
040/004/im12.png (1080,1920,1) 1
040/004/im13.png (1080,1920,1) 1
040/004/im14.png (1080,1920,1) 1
040/004/im15.png (1080,1920,1) 1
040/005/im1.png (1080,1920,1) 1
040/005/im2.png (1080,1920,1) 1
040/005/im3.png (1080,1920,1) 1
040/005/im4.png (1080,1920,1) 1
040/005/im5.png (1080,1920,1) 1
040/005/im6.png (1080,1920,1) 1
040/005/im7.png (1080,1920,1) 1
040/005/im8.png (1080,1920,1) 1
040/005/im9.png (1080,1920,1) 1
040/005/im10.png (1080,1920,1) 1
040/005/im11.png (1080,1920,1) 1
040/005/im12.png (1080,1920,1) 1
040/005/im13.png (1080,1920,1) 1
040/005/im14.png (1080,1920,1) 1
040/005/im15.png (1080,1920,1) 1
040/006/im1.png (1080,1920,1) 1
040/006/im2.png (1080,1920,1) 1
040/006/im3.png (1080,1920,1) 1
040/006/im4.png (1080,1920,1) 1
040/006/im5.png (1080,1920,1) 1
040/006/im6.png (1080,1920,1) 1
040/006/im7.png (1080,1920,1) 1
040/006/im8.png (1080,1920,1) 1
040/006/im9.png (1080,1920,1) 1
040/006/im10.png (1080,1920,1) 1
040/006/im11.png (1080,1920,1) 1
040/006/im12.png (1080,1920,1) 1
040/006/im13.png (1080,1920,1) 1
040/006/im14.png (1080,1920,1) 1
040/006/im15.png (1080,1920,1) 1
040/007/im1.png (1080,1920,1) 1
040/007/im2.png (1080,1920,1) 1
040/007/im3.png (1080,1920,1) 1
040/007/im4.png (1080,1920,1) 1
040/007/im5.png (1080,1920,1) 1
040/007/im6.png (1080,1920,1) 1
040/007/im7.png (1080,1920,1) 1
040/007/im8.png (1080,1920,1) 1
040/007/im9.png (1080,1920,1) 1
040/007/im10.png (1080,1920,1) 1
040/007/im11.png (1080,1920,1) 1
040/007/im12.png (1080,1920,1) 1
040/007/im13.png (1080,1920,1) 1
040/007/im14.png (1080,1920,1) 1
040/007/im15.png (1080,1920,1) 1
040/008/im1.png (1080,1920,1) 1
040/008/im2.png (1080,1920,1) 1
040/008/im3.png (1080,1920,1) 1
040/008/im4.png (1080,1920,1) 1
040/008/im5.png (1080,1920,1) 1
040/008/im6.png (1080,1920,1) 1
040/008/im7.png (1080,1920,1) 1
040/008/im8.png (1080,1920,1) 1
040/008/im9.png (1080,1920,1) 1
040/008/im10.png (1080,1920,1) 1
040/008/im11.png (1080,1920,1) 1
040/008/im12.png (1080,1920,1) 1
040/008/im13.png (1080,1920,1) 1
040/008/im14.png (1080,1920,1) 1
040/008/im15.png (1080,1920,1) 1
040/009/im1.png (1080,1920,1) 1
040/009/im2.png (1080,1920,1) 1
040/009/im3.png (1080,1920,1) 1
040/009/im4.png (1080,1920,1) 1
040/009/im5.png (1080,1920,1) 1
040/009/im6.png (1080,1920,1) 1
040/009/im7.png (1080,1920,1) 1
040/009/im8.png (1080,1920,1) 1
040/009/im9.png (1080,1920,1) 1
040/009/im10.png (1080,1920,1) 1
040/009/im11.png (1080,1920,1) 1
040/009/im12.png (1080,1920,1) 1
040/009/im13.png (1080,1920,1) 1
040/009/im14.png (1080,1920,1) 1
040/009/im15.png (1080,1920,1) 1
040/010/im1.png (1080,1920,1) 1
040/010/im2.png (1080,1920,1) 1
040/010/im3.png (1080,1920,1) 1
040/010/im4.png (1080,1920,1) 1
040/010/im5.png (1080,1920,1) 1
040/010/im6.png (1080,1920,1) 1
040/010/im7.png (1080,1920,1) 1
040/010/im8.png (1080,1920,1) 1
040/010/im9.png (1080,1920,1) 1
040/010/im10.png (1080,1920,1) 1
040/010/im11.png (1080,1920,1) 1
040/010/im12.png (1080,1920,1) 1
040/010/im13.png (1080,1920,1) 1
040/010/im14.png (1080,1920,1) 1
040/010/im15.png (1080,1920,1) 1
041/001/im1.png (288,352,1) 1
041/001/im2.png (288,352,1) 1
041/001/im3.png (288,352,1) 1
041/001/im4.png (288,352,1) 1
041/001/im5.png (288,352,1) 1
041/001/im6.png (288,352,1) 1
041/001/im7.png (288,352,1) 1
041/001/im8.png (288,352,1) 1
041/001/im9.png (288,352,1) 1
041/001/im10.png (288,352,1) 1
041/001/im11.png (288,352,1) 1
041/001/im12.png (288,352,1) 1
041/001/im13.png (288,352,1) 1
041/001/im14.png (288,352,1) 1
041/001/im15.png (288,352,1) 1
041/002/im1.png (288,352,1) 1
041/002/im2.png (288,352,1) 1
041/002/im3.png (288,352,1) 1
041/002/im4.png (288,352,1) 1
041/002/im5.png (288,352,1) 1
041/002/im6.png (288,352,1) 1
041/002/im7.png (288,352,1) 1
041/002/im8.png (288,352,1) 1
041/002/im9.png (288,352,1) 1
041/002/im10.png (288,352,1) 1
041/002/im11.png (288,352,1) 1
041/002/im12.png (288,352,1) 1
041/002/im13.png (288,352,1) 1
041/002/im14.png (288,352,1) 1
041/002/im15.png (288,352,1) 1
041/003/im1.png (288,352,1) 1
041/003/im2.png (288,352,1) 1
041/003/im3.png (288,352,1) 1
041/003/im4.png (288,352,1) 1
041/003/im5.png (288,352,1) 1
041/003/im6.png (288,352,1) 1
041/003/im7.png (288,352,1) 1
041/003/im8.png (288,352,1) 1
041/003/im9.png (288,352,1) 1
041/003/im10.png (288,352,1) 1
041/003/im11.png (288,352,1) 1
041/003/im12.png (288,352,1) 1
041/003/im13.png (288,352,1) 1
041/003/im14.png (288,352,1) 1
041/003/im15.png (288,352,1) 1
041/004/im1.png (288,352,1) 1
041/004/im2.png (288,352,1) 1
041/004/im3.png (288,352,1) 1
041/004/im4.png (288,352,1) 1
041/004/im5.png (288,352,1) 1
041/004/im6.png (288,352,1) 1
041/004/im7.png (288,352,1) 1
041/004/im8.png (288,352,1) 1
041/004/im9.png (288,352,1) 1
041/004/im10.png (288,352,1) 1
041/004/im11.png (288,352,1) 1
041/004/im12.png (288,352,1) 1
041/004/im13.png (288,352,1) 1
041/004/im14.png (288,352,1) 1
041/004/im15.png (288,352,1) 1
041/005/im1.png (288,352,1) 1
041/005/im2.png (288,352,1) 1
041/005/im3.png (288,352,1) 1
041/005/im4.png (288,352,1) 1
041/005/im5.png (288,352,1) 1
041/005/im6.png (288,352,1) 1
041/005/im7.png (288,352,1) 1
041/005/im8.png (288,352,1) 1
041/005/im9.png (288,352,1) 1
041/005/im10.png (288,352,1) 1
041/005/im11.png (288,352,1) 1
041/005/im12.png (288,352,1) 1
041/005/im13.png (288,352,1) 1
041/005/im14.png (288,352,1) 1
041/005/im15.png (288,352,1) 1
041/006/im1.png (288,352,1) 1
041/006/im2.png (288,352,1) 1
041/006/im3.png (288,352,1) 1
041/006/im4.png (288,352,1) 1
041/006/im5.png (288,352,1) 1
041/006/im6.png (288,352,1) 1
041/006/im7.png (288,352,1) 1
041/006/im8.png (288,352,1) 1
041/006/im9.png (288,352,1) 1
041/006/im10.png (288,352,1) 1
041/006/im11.png (288,352,1) 1
041/006/im12.png (288,352,1) 1
041/006/im13.png (288,352,1) 1
041/006/im14.png (288,352,1) 1
041/006/im15.png (288,352,1) 1
041/007/im1.png (288,352,1) 1
041/007/im2.png (288,352,1) 1
041/007/im3.png (288,352,1) 1
041/007/im4.png (288,352,1) 1
041/007/im5.png (288,352,1) 1
041/007/im6.png (288,352,1) 1
041/007/im7.png (288,352,1) 1
041/007/im8.png (288,352,1) 1
041/007/im9.png (288,352,1) 1
041/007/im10.png (288,352,1) 1
041/007/im11.png (288,352,1) 1
041/007/im12.png (288,352,1) 1
041/007/im13.png (288,352,1) 1
041/007/im14.png (288,352,1) 1
041/007/im15.png (288,352,1) 1
041/008/im1.png (288,352,1) 1
041/008/im2.png (288,352,1) 1
041/008/im3.png (288,352,1) 1
041/008/im4.png (288,352,1) 1
041/008/im5.png (288,352,1) 1
041/008/im6.png (288,352,1) 1
041/008/im7.png (288,352,1) 1
041/008/im8.png (288,352,1) 1
041/008/im9.png (288,352,1) 1
041/008/im10.png (288,352,1) 1
041/008/im11.png (288,352,1) 1
041/008/im12.png (288,352,1) 1
041/008/im13.png (288,352,1) 1
041/008/im14.png (288,352,1) 1
041/008/im15.png (288,352,1) 1
041/009/im1.png (288,352,1) 1
041/009/im2.png (288,352,1) 1
041/009/im3.png (288,352,1) 1
041/009/im4.png (288,352,1) 1
041/009/im5.png (288,352,1) 1
041/009/im6.png (288,352,1) 1
041/009/im7.png (288,352,1) 1
041/009/im8.png (288,352,1) 1
041/009/im9.png (288,352,1) 1
041/009/im10.png (288,352,1) 1
041/009/im11.png (288,352,1) 1
041/009/im12.png (288,352,1) 1
041/009/im13.png (288,352,1) 1
041/009/im14.png (288,352,1) 1
041/009/im15.png (288,352,1) 1
041/010/im1.png (288,352,1) 1
041/010/im2.png (288,352,1) 1
041/010/im3.png (288,352,1) 1
041/010/im4.png (288,352,1) 1
041/010/im5.png (288,352,1) 1
041/010/im6.png (288,352,1) 1
041/010/im7.png (288,352,1) 1
041/010/im8.png (288,352,1) 1
041/010/im9.png (288,352,1) 1
041/010/im10.png (288,352,1) 1
041/010/im11.png (288,352,1) 1
041/010/im12.png (288,352,1) 1
041/010/im13.png (288,352,1) 1
041/010/im14.png (288,352,1) 1
041/010/im15.png (288,352,1) 1
041/011/im1.png (288,352,1) 1
041/011/im2.png (288,352,1) 1
041/011/im3.png (288,352,1) 1
041/011/im4.png (288,352,1) 1
041/011/im5.png (288,352,1) 1
041/011/im6.png (288,352,1) 1
041/011/im7.png (288,352,1) 1
041/011/im8.png (288,352,1) 1
041/011/im9.png (288,352,1) 1
041/011/im10.png (288,352,1) 1
041/011/im11.png (288,352,1) 1
041/011/im12.png (288,352,1) 1
041/011/im13.png (288,352,1) 1
041/011/im14.png (288,352,1) 1
041/011/im15.png (288,352,1) 1
041/012/im1.png (288,352,1) 1
041/012/im2.png (288,352,1) 1
041/012/im3.png (288,352,1) 1
041/012/im4.png (288,352,1) 1
041/012/im5.png (288,352,1) 1
041/012/im6.png (288,352,1) 1
041/012/im7.png (288,352,1) 1
041/012/im8.png (288,352,1) 1
041/012/im9.png (288,352,1) 1
041/012/im10.png (288,352,1) 1
041/012/im11.png (288,352,1) 1
041/012/im12.png (288,352,1) 1
041/012/im13.png (288,352,1) 1
041/012/im14.png (288,352,1) 1
041/012/im15.png (288,352,1) 1
041/013/im1.png (288,352,1) 1
041/013/im2.png (288,352,1) 1
041/013/im3.png (288,352,1) 1
041/013/im4.png (288,352,1) 1
041/013/im5.png (288,352,1) 1
041/013/im6.png (288,352,1) 1
041/013/im7.png (288,352,1) 1
041/013/im8.png (288,352,1) 1
041/013/im9.png (288,352,1) 1
041/013/im10.png (288,352,1) 1
041/013/im11.png (288,352,1) 1
041/013/im12.png (288,352,1) 1
041/013/im13.png (288,352,1) 1
041/013/im14.png (288,352,1) 1
041/013/im15.png (288,352,1) 1
041/014/im1.png (288,352,1) 1
041/014/im2.png (288,352,1) 1
041/014/im3.png (288,352,1) 1
041/014/im4.png (288,352,1) 1
041/014/im5.png (288,352,1) 1
041/014/im6.png (288,352,1) 1
041/014/im7.png (288,352,1) 1
041/014/im8.png (288,352,1) 1
041/014/im9.png (288,352,1) 1
041/014/im10.png (288,352,1) 1
041/014/im11.png (288,352,1) 1
041/014/im12.png (288,352,1) 1
041/014/im13.png (288,352,1) 1
041/014/im14.png (288,352,1) 1
041/014/im15.png (288,352,1) 1
041/015/im1.png (288,352,1) 1
041/015/im2.png (288,352,1) 1
041/015/im3.png (288,352,1) 1
041/015/im4.png (288,352,1) 1
041/015/im5.png (288,352,1) 1
041/015/im6.png (288,352,1) 1
041/015/im7.png (288,352,1) 1
041/015/im8.png (288,352,1) 1
041/015/im9.png (288,352,1) 1
041/015/im10.png (288,352,1) 1
041/015/im11.png (288,352,1) 1
041/015/im12.png (288,352,1) 1
041/015/im13.png (288,352,1) 1
041/015/im14.png (288,352,1) 1
041/015/im15.png (288,352,1) 1
041/016/im1.png (288,352,1) 1
041/016/im2.png (288,352,1) 1
041/016/im3.png (288,352,1) 1
041/016/im4.png (288,352,1) 1
041/016/im5.png (288,352,1) 1
041/016/im6.png (288,352,1) 1
041/016/im7.png (288,352,1) 1
041/016/im8.png (288,352,1) 1
041/016/im9.png (288,352,1) 1
041/016/im10.png (288,352,1) 1
041/016/im11.png (288,352,1) 1
041/016/im12.png (288,352,1) 1
041/016/im13.png (288,352,1) 1
041/016/im14.png (288,352,1) 1
041/016/im15.png (288,352,1) 1
041/017/im1.png (288,352,1) 1
041/017/im2.png (288,352,1) 1
041/017/im3.png (288,352,1) 1
041/017/im4.png (288,352,1) 1
041/017/im5.png (288,352,1) 1
041/017/im6.png (288,352,1) 1
041/017/im7.png (288,352,1) 1
041/017/im8.png (288,352,1) 1
041/017/im9.png (288,352,1) 1
041/017/im10.png (288,352,1) 1
041/017/im11.png (288,352,1) 1
041/017/im12.png (288,352,1) 1
041/017/im13.png (288,352,1) 1
041/017/im14.png (288,352,1) 1
041/017/im15.png (288,352,1) 1
042/001/im1.png (480,720,1) 1
042/001/im2.png (480,720,1) 1
042/001/im3.png (480,720,1) 1
042/001/im4.png (480,720,1) 1
042/001/im5.png (480,720,1) 1
042/001/im6.png (480,720,1) 1
042/001/im7.png (480,720,1) 1
042/001/im8.png (480,720,1) 1
042/001/im9.png (480,720,1) 1
042/001/im10.png (480,720,1) 1
042/001/im11.png (480,720,1) 1
042/001/im12.png (480,720,1) 1
042/001/im13.png (480,720,1) 1
042/001/im14.png (480,720,1) 1
042/001/im15.png (480,720,1) 1
042/002/im1.png (480,720,1) 1
042/002/im2.png (480,720,1) 1
042/002/im3.png (480,720,1) 1
042/002/im4.png (480,720,1) 1
042/002/im5.png (480,720,1) 1
042/002/im6.png (480,720,1) 1
042/002/im7.png (480,720,1) 1
042/002/im8.png (480,720,1) 1
042/002/im9.png (480,720,1) 1
042/002/im10.png (480,720,1) 1
042/002/im11.png (480,720,1) 1
042/002/im12.png (480,720,1) 1
042/002/im13.png (480,720,1) 1
042/002/im14.png (480,720,1) 1
042/002/im15.png (480,720,1) 1
042/003/im1.png (480,720,1) 1
042/003/im2.png (480,720,1) 1
042/003/im3.png (480,720,1) 1
042/003/im4.png (480,720,1) 1
042/003/im5.png (480,720,1) 1
042/003/im6.png (480,720,1) 1
042/003/im7.png (480,720,1) 1
042/003/im8.png (480,720,1) 1
042/003/im9.png (480,720,1) 1
042/003/im10.png (480,720,1) 1
042/003/im11.png (480,720,1) 1
042/003/im12.png (480,720,1) 1
042/003/im13.png (480,720,1) 1
042/003/im14.png (480,720,1) 1
042/003/im15.png (480,720,1) 1
042/004/im1.png (480,720,1) 1
042/004/im2.png (480,720,1) 1
042/004/im3.png (480,720,1) 1
042/004/im4.png (480,720,1) 1
042/004/im5.png (480,720,1) 1
042/004/im6.png (480,720,1) 1
042/004/im7.png (480,720,1) 1
042/004/im8.png (480,720,1) 1
042/004/im9.png (480,720,1) 1
042/004/im10.png (480,720,1) 1
042/004/im11.png (480,720,1) 1
042/004/im12.png (480,720,1) 1
042/004/im13.png (480,720,1) 1
042/004/im14.png (480,720,1) 1
042/004/im15.png (480,720,1) 1
042/005/im1.png (480,720,1) 1
042/005/im2.png (480,720,1) 1
042/005/im3.png (480,720,1) 1
042/005/im4.png (480,720,1) 1
042/005/im5.png (480,720,1) 1
042/005/im6.png (480,720,1) 1
042/005/im7.png (480,720,1) 1
042/005/im8.png (480,720,1) 1
042/005/im9.png (480,720,1) 1
042/005/im10.png (480,720,1) 1
042/005/im11.png (480,720,1) 1
042/005/im12.png (480,720,1) 1
042/005/im13.png (480,720,1) 1
042/005/im14.png (480,720,1) 1
042/005/im15.png (480,720,1) 1
042/006/im1.png (480,720,1) 1
042/006/im2.png (480,720,1) 1
042/006/im3.png (480,720,1) 1
042/006/im4.png (480,720,1) 1
042/006/im5.png (480,720,1) 1
042/006/im6.png (480,720,1) 1
042/006/im7.png (480,720,1) 1
042/006/im8.png (480,720,1) 1
042/006/im9.png (480,720,1) 1
042/006/im10.png (480,720,1) 1
042/006/im11.png (480,720,1) 1
042/006/im12.png (480,720,1) 1
042/006/im13.png (480,720,1) 1
042/006/im14.png (480,720,1) 1
042/006/im15.png (480,720,1) 1
042/007/im1.png (480,720,1) 1
042/007/im2.png (480,720,1) 1
042/007/im3.png (480,720,1) 1
042/007/im4.png (480,720,1) 1
042/007/im5.png (480,720,1) 1
042/007/im6.png (480,720,1) 1
042/007/im7.png (480,720,1) 1
042/007/im8.png (480,720,1) 1
042/007/im9.png (480,720,1) 1
042/007/im10.png (480,720,1) 1
042/007/im11.png (480,720,1) 1
042/007/im12.png (480,720,1) 1
042/007/im13.png (480,720,1) 1
042/007/im14.png (480,720,1) 1
042/007/im15.png (480,720,1) 1
042/008/im1.png (480,720,1) 1
042/008/im2.png (480,720,1) 1
042/008/im3.png (480,720,1) 1
042/008/im4.png (480,720,1) 1
042/008/im5.png (480,720,1) 1
042/008/im6.png (480,720,1) 1
042/008/im7.png (480,720,1) 1
042/008/im8.png (480,720,1) 1
042/008/im9.png (480,720,1) 1
042/008/im10.png (480,720,1) 1
042/008/im11.png (480,720,1) 1
042/008/im12.png (480,720,1) 1
042/008/im13.png (480,720,1) 1
042/008/im14.png (480,720,1) 1
042/008/im15.png (480,720,1) 1
042/009/im1.png (480,720,1) 1
042/009/im2.png (480,720,1) 1
042/009/im3.png (480,720,1) 1
042/009/im4.png (480,720,1) 1
042/009/im5.png (480,720,1) 1
042/009/im6.png (480,720,1) 1
042/009/im7.png (480,720,1) 1
042/009/im8.png (480,720,1) 1
042/009/im9.png (480,720,1) 1
042/009/im10.png (480,720,1) 1
042/009/im11.png (480,720,1) 1
042/009/im12.png (480,720,1) 1
042/009/im13.png (480,720,1) 1
042/009/im14.png (480,720,1) 1
042/009/im15.png (480,720,1) 1
042/010/im1.png (480,720,1) 1
042/010/im2.png (480,720,1) 1
042/010/im3.png (480,720,1) 1
042/010/im4.png (480,720,1) 1
042/010/im5.png (480,720,1) 1
042/010/im6.png (480,720,1) 1
042/010/im7.png (480,720,1) 1
042/010/im8.png (480,720,1) 1
042/010/im9.png (480,720,1) 1
042/010/im10.png (480,720,1) 1
042/010/im11.png (480,720,1) 1
042/010/im12.png (480,720,1) 1
042/010/im13.png (480,720,1) 1
042/010/im14.png (480,720,1) 1
042/010/im15.png (480,720,1) 1
042/011/im1.png (480,720,1) 1
042/011/im2.png (480,720,1) 1
042/011/im3.png (480,720,1) 1
042/011/im4.png (480,720,1) 1
042/011/im5.png (480,720,1) 1
042/011/im6.png (480,720,1) 1
042/011/im7.png (480,720,1) 1
042/011/im8.png (480,720,1) 1
042/011/im9.png (480,720,1) 1
042/011/im10.png (480,720,1) 1
042/011/im11.png (480,720,1) 1
042/011/im12.png (480,720,1) 1
042/011/im13.png (480,720,1) 1
042/011/im14.png (480,720,1) 1
042/011/im15.png (480,720,1) 1
042/012/im1.png (480,720,1) 1
042/012/im2.png (480,720,1) 1
042/012/im3.png (480,720,1) 1
042/012/im4.png (480,720,1) 1
042/012/im5.png (480,720,1) 1
042/012/im6.png (480,720,1) 1
042/012/im7.png (480,720,1) 1
042/012/im8.png (480,720,1) 1
042/012/im9.png (480,720,1) 1
042/012/im10.png (480,720,1) 1
042/012/im11.png (480,720,1) 1
042/012/im12.png (480,720,1) 1
042/012/im13.png (480,720,1) 1
042/012/im14.png (480,720,1) 1
042/012/im15.png (480,720,1) 1
042/013/im1.png (480,720,1) 1
042/013/im2.png (480,720,1) 1
042/013/im3.png (480,720,1) 1
042/013/im4.png (480,720,1) 1
042/013/im5.png (480,720,1) 1
042/013/im6.png (480,720,1) 1
042/013/im7.png (480,720,1) 1
042/013/im8.png (480,720,1) 1
042/013/im9.png (480,720,1) 1
042/013/im10.png (480,720,1) 1
042/013/im11.png (480,720,1) 1
042/013/im12.png (480,720,1) 1
042/013/im13.png (480,720,1) 1
042/013/im14.png (480,720,1) 1
042/013/im15.png (480,720,1) 1
042/014/im1.png (480,720,1) 1
042/014/im2.png (480,720,1) 1
042/014/im3.png (480,720,1) 1
042/014/im4.png (480,720,1) 1
042/014/im5.png (480,720,1) 1
042/014/im6.png (480,720,1) 1
042/014/im7.png (480,720,1) 1
042/014/im8.png (480,720,1) 1
042/014/im9.png (480,720,1) 1
042/014/im10.png (480,720,1) 1
042/014/im11.png (480,720,1) 1
042/014/im12.png (480,720,1) 1
042/014/im13.png (480,720,1) 1
042/014/im14.png (480,720,1) 1
042/014/im15.png (480,720,1) 1
042/015/im1.png (480,720,1) 1
042/015/im2.png (480,720,1) 1
042/015/im3.png (480,720,1) 1
042/015/im4.png (480,720,1) 1
042/015/im5.png (480,720,1) 1
042/015/im6.png (480,720,1) 1
042/015/im7.png (480,720,1) 1
042/015/im8.png (480,720,1) 1
042/015/im9.png (480,720,1) 1
042/015/im10.png (480,720,1) 1
042/015/im11.png (480,720,1) 1
042/015/im12.png (480,720,1) 1
042/015/im13.png (480,720,1) 1
042/015/im14.png (480,720,1) 1
042/015/im15.png (480,720,1) 1
042/016/im1.png (480,720,1) 1
042/016/im2.png (480,720,1) 1
042/016/im3.png (480,720,1) 1
042/016/im4.png (480,720,1) 1
042/016/im5.png (480,720,1) 1
042/016/im6.png (480,720,1) 1
042/016/im7.png (480,720,1) 1
042/016/im8.png (480,720,1) 1
042/016/im9.png (480,720,1) 1
042/016/im10.png (480,720,1) 1
042/016/im11.png (480,720,1) 1
042/016/im12.png (480,720,1) 1
042/016/im13.png (480,720,1) 1
042/016/im14.png (480,720,1) 1
042/016/im15.png (480,720,1) 1
042/017/im1.png (480,720,1) 1
042/017/im2.png (480,720,1) 1
042/017/im3.png (480,720,1) 1
042/017/im4.png (480,720,1) 1
042/017/im5.png (480,720,1) 1
042/017/im6.png (480,720,1) 1
042/017/im7.png (480,720,1) 1
042/017/im8.png (480,720,1) 1
042/017/im9.png (480,720,1) 1
042/017/im10.png (480,720,1) 1
042/017/im11.png (480,720,1) 1
042/017/im12.png (480,720,1) 1
042/017/im13.png (480,720,1) 1
042/017/im14.png (480,720,1) 1
042/017/im15.png (480,720,1) 1
042/018/im1.png (480,720,1) 1
042/018/im2.png (480,720,1) 1
042/018/im3.png (480,720,1) 1
042/018/im4.png (480,720,1) 1
042/018/im5.png (480,720,1) 1
042/018/im6.png (480,720,1) 1
042/018/im7.png (480,720,1) 1
042/018/im8.png (480,720,1) 1
042/018/im9.png (480,720,1) 1
042/018/im10.png (480,720,1) 1
042/018/im11.png (480,720,1) 1
042/018/im12.png (480,720,1) 1
042/018/im13.png (480,720,1) 1
042/018/im14.png (480,720,1) 1
042/018/im15.png (480,720,1) 1
042/019/im1.png (480,720,1) 1
042/019/im2.png (480,720,1) 1
042/019/im3.png (480,720,1) 1
042/019/im4.png (480,720,1) 1
042/019/im5.png (480,720,1) 1
042/019/im6.png (480,720,1) 1
042/019/im7.png (480,720,1) 1
042/019/im8.png (480,720,1) 1
042/019/im9.png (480,720,1) 1
042/019/im10.png (480,720,1) 1
042/019/im11.png (480,720,1) 1
042/019/im12.png (480,720,1) 1
042/019/im13.png (480,720,1) 1
042/019/im14.png (480,720,1) 1
042/019/im15.png (480,720,1) 1
042/020/im1.png (480,720,1) 1
042/020/im2.png (480,720,1) 1
042/020/im3.png (480,720,1) 1
042/020/im4.png (480,720,1) 1
042/020/im5.png (480,720,1) 1
042/020/im6.png (480,720,1) 1
042/020/im7.png (480,720,1) 1
042/020/im8.png (480,720,1) 1
042/020/im9.png (480,720,1) 1
042/020/im10.png (480,720,1) 1
042/020/im11.png (480,720,1) 1
042/020/im12.png (480,720,1) 1
042/020/im13.png (480,720,1) 1
042/020/im14.png (480,720,1) 1
042/020/im15.png (480,720,1) 1
043/001/im1.png (288,352,1) 1
043/001/im2.png (288,352,1) 1
043/001/im3.png (288,352,1) 1
043/001/im4.png (288,352,1) 1
043/001/im5.png (288,352,1) 1
043/001/im6.png (288,352,1) 1
043/001/im7.png (288,352,1) 1
043/001/im8.png (288,352,1) 1
043/001/im9.png (288,352,1) 1
043/001/im10.png (288,352,1) 1
043/001/im11.png (288,352,1) 1
043/001/im12.png (288,352,1) 1
043/001/im13.png (288,352,1) 1
043/001/im14.png (288,352,1) 1
043/001/im15.png (288,352,1) 1
043/002/im1.png (288,352,1) 1
043/002/im2.png (288,352,1) 1
043/002/im3.png (288,352,1) 1
043/002/im4.png (288,352,1) 1
043/002/im5.png (288,352,1) 1
043/002/im6.png (288,352,1) 1
043/002/im7.png (288,352,1) 1
043/002/im8.png (288,352,1) 1
043/002/im9.png (288,352,1) 1
043/002/im10.png (288,352,1) 1
043/002/im11.png (288,352,1) 1
043/002/im12.png (288,352,1) 1
043/002/im13.png (288,352,1) 1
043/002/im14.png (288,352,1) 1
043/002/im15.png (288,352,1) 1
043/003/im1.png (288,352,1) 1
043/003/im2.png (288,352,1) 1
043/003/im3.png (288,352,1) 1
043/003/im4.png (288,352,1) 1
043/003/im5.png (288,352,1) 1
043/003/im6.png (288,352,1) 1
043/003/im7.png (288,352,1) 1
043/003/im8.png (288,352,1) 1
043/003/im9.png (288,352,1) 1
043/003/im10.png (288,352,1) 1
043/003/im11.png (288,352,1) 1
043/003/im12.png (288,352,1) 1
043/003/im13.png (288,352,1) 1
043/003/im14.png (288,352,1) 1
043/003/im15.png (288,352,1) 1
043/004/im1.png (288,352,1) 1
043/004/im2.png (288,352,1) 1
043/004/im3.png (288,352,1) 1
043/004/im4.png (288,352,1) 1
043/004/im5.png (288,352,1) 1
043/004/im6.png (288,352,1) 1
043/004/im7.png (288,352,1) 1
043/004/im8.png (288,352,1) 1
043/004/im9.png (288,352,1) 1
043/004/im10.png (288,352,1) 1
043/004/im11.png (288,352,1) 1
043/004/im12.png (288,352,1) 1
043/004/im13.png (288,352,1) 1
043/004/im14.png (288,352,1) 1
043/004/im15.png (288,352,1) 1
043/005/im1.png (288,352,1) 1
043/005/im2.png (288,352,1) 1
043/005/im3.png (288,352,1) 1
043/005/im4.png (288,352,1) 1
043/005/im5.png (288,352,1) 1
043/005/im6.png (288,352,1) 1
043/005/im7.png (288,352,1) 1
043/005/im8.png (288,352,1) 1
043/005/im9.png (288,352,1) 1
043/005/im10.png (288,352,1) 1
043/005/im11.png (288,352,1) 1
043/005/im12.png (288,352,1) 1
043/005/im13.png (288,352,1) 1
043/005/im14.png (288,352,1) 1
043/005/im15.png (288,352,1) 1
043/006/im1.png (288,352,1) 1
043/006/im2.png (288,352,1) 1
043/006/im3.png (288,352,1) 1
043/006/im4.png (288,352,1) 1
043/006/im5.png (288,352,1) 1
043/006/im6.png (288,352,1) 1
043/006/im7.png (288,352,1) 1
043/006/im8.png (288,352,1) 1
043/006/im9.png (288,352,1) 1
043/006/im10.png (288,352,1) 1
043/006/im11.png (288,352,1) 1
043/006/im12.png (288,352,1) 1
043/006/im13.png (288,352,1) 1
043/006/im14.png (288,352,1) 1
043/006/im15.png (288,352,1) 1
043/007/im1.png (288,352,1) 1
043/007/im2.png (288,352,1) 1
043/007/im3.png (288,352,1) 1
043/007/im4.png (288,352,1) 1
043/007/im5.png (288,352,1) 1
043/007/im6.png (288,352,1) 1
043/007/im7.png (288,352,1) 1
043/007/im8.png (288,352,1) 1
043/007/im9.png (288,352,1) 1
043/007/im10.png (288,352,1) 1
043/007/im11.png (288,352,1) 1
043/007/im12.png (288,352,1) 1
043/007/im13.png (288,352,1) 1
043/007/im14.png (288,352,1) 1
043/007/im15.png (288,352,1) 1
043/008/im1.png (288,352,1) 1
043/008/im2.png (288,352,1) 1
043/008/im3.png (288,352,1) 1
043/008/im4.png (288,352,1) 1
043/008/im5.png (288,352,1) 1
043/008/im6.png (288,352,1) 1
043/008/im7.png (288,352,1) 1
043/008/im8.png (288,352,1) 1
043/008/im9.png (288,352,1) 1
043/008/im10.png (288,352,1) 1
043/008/im11.png (288,352,1) 1
043/008/im12.png (288,352,1) 1
043/008/im13.png (288,352,1) 1
043/008/im14.png (288,352,1) 1
043/008/im15.png (288,352,1) 1
043/009/im1.png (288,352,1) 1
043/009/im2.png (288,352,1) 1
043/009/im3.png (288,352,1) 1
043/009/im4.png (288,352,1) 1
043/009/im5.png (288,352,1) 1
043/009/im6.png (288,352,1) 1
043/009/im7.png (288,352,1) 1
043/009/im8.png (288,352,1) 1
043/009/im9.png (288,352,1) 1
043/009/im10.png (288,352,1) 1
043/009/im11.png (288,352,1) 1
043/009/im12.png (288,352,1) 1
043/009/im13.png (288,352,1) 1
043/009/im14.png (288,352,1) 1
043/009/im15.png (288,352,1) 1
043/010/im1.png (288,352,1) 1
043/010/im2.png (288,352,1) 1
043/010/im3.png (288,352,1) 1
043/010/im4.png (288,352,1) 1
043/010/im5.png (288,352,1) 1
043/010/im6.png (288,352,1) 1
043/010/im7.png (288,352,1) 1
043/010/im8.png (288,352,1) 1
043/010/im9.png (288,352,1) 1
043/010/im10.png (288,352,1) 1
043/010/im11.png (288,352,1) 1
043/010/im12.png (288,352,1) 1
043/010/im13.png (288,352,1) 1
043/010/im14.png (288,352,1) 1
043/010/im15.png (288,352,1) 1
043/011/im1.png (288,352,1) 1
043/011/im2.png (288,352,1) 1
043/011/im3.png (288,352,1) 1
043/011/im4.png (288,352,1) 1
043/011/im5.png (288,352,1) 1
043/011/im6.png (288,352,1) 1
043/011/im7.png (288,352,1) 1
043/011/im8.png (288,352,1) 1
043/011/im9.png (288,352,1) 1
043/011/im10.png (288,352,1) 1
043/011/im11.png (288,352,1) 1
043/011/im12.png (288,352,1) 1
043/011/im13.png (288,352,1) 1
043/011/im14.png (288,352,1) 1
043/011/im15.png (288,352,1) 1
043/012/im1.png (288,352,1) 1
043/012/im2.png (288,352,1) 1
043/012/im3.png (288,352,1) 1
043/012/im4.png (288,352,1) 1
043/012/im5.png (288,352,1) 1
043/012/im6.png (288,352,1) 1
043/012/im7.png (288,352,1) 1
043/012/im8.png (288,352,1) 1
043/012/im9.png (288,352,1) 1
043/012/im10.png (288,352,1) 1
043/012/im11.png (288,352,1) 1
043/012/im12.png (288,352,1) 1
043/012/im13.png (288,352,1) 1
043/012/im14.png (288,352,1) 1
043/012/im15.png (288,352,1) 1
043/013/im1.png (288,352,1) 1
043/013/im2.png (288,352,1) 1
043/013/im3.png (288,352,1) 1
043/013/im4.png (288,352,1) 1
043/013/im5.png (288,352,1) 1
043/013/im6.png (288,352,1) 1
043/013/im7.png (288,352,1) 1
043/013/im8.png (288,352,1) 1
043/013/im9.png (288,352,1) 1
043/013/im10.png (288,352,1) 1
043/013/im11.png (288,352,1) 1
043/013/im12.png (288,352,1) 1
043/013/im13.png (288,352,1) 1
043/013/im14.png (288,352,1) 1
043/013/im15.png (288,352,1) 1
043/014/im1.png (288,352,1) 1
043/014/im2.png (288,352,1) 1
043/014/im3.png (288,352,1) 1
043/014/im4.png (288,352,1) 1
043/014/im5.png (288,352,1) 1
043/014/im6.png (288,352,1) 1
043/014/im7.png (288,352,1) 1
043/014/im8.png (288,352,1) 1
043/014/im9.png (288,352,1) 1
043/014/im10.png (288,352,1) 1
043/014/im11.png (288,352,1) 1
043/014/im12.png (288,352,1) 1
043/014/im13.png (288,352,1) 1
043/014/im14.png (288,352,1) 1
043/014/im15.png (288,352,1) 1
043/015/im1.png (288,352,1) 1
043/015/im2.png (288,352,1) 1
043/015/im3.png (288,352,1) 1
043/015/im4.png (288,352,1) 1
043/015/im5.png (288,352,1) 1
043/015/im6.png (288,352,1) 1
043/015/im7.png (288,352,1) 1
043/015/im8.png (288,352,1) 1
043/015/im9.png (288,352,1) 1
043/015/im10.png (288,352,1) 1
043/015/im11.png (288,352,1) 1
043/015/im12.png (288,352,1) 1
043/015/im13.png (288,352,1) 1
043/015/im14.png (288,352,1) 1
043/015/im15.png (288,352,1) 1
043/016/im1.png (288,352,1) 1
043/016/im2.png (288,352,1) 1
043/016/im3.png (288,352,1) 1
043/016/im4.png (288,352,1) 1
043/016/im5.png (288,352,1) 1
043/016/im6.png (288,352,1) 1
043/016/im7.png (288,352,1) 1
043/016/im8.png (288,352,1) 1
043/016/im9.png (288,352,1) 1
043/016/im10.png (288,352,1) 1
043/016/im11.png (288,352,1) 1
043/016/im12.png (288,352,1) 1
043/016/im13.png (288,352,1) 1
043/016/im14.png (288,352,1) 1
043/016/im15.png (288,352,1) 1
043/017/im1.png (288,352,1) 1
043/017/im2.png (288,352,1) 1
043/017/im3.png (288,352,1) 1
043/017/im4.png (288,352,1) 1
043/017/im5.png (288,352,1) 1
043/017/im6.png (288,352,1) 1
043/017/im7.png (288,352,1) 1
043/017/im8.png (288,352,1) 1
043/017/im9.png (288,352,1) 1
043/017/im10.png (288,352,1) 1
043/017/im11.png (288,352,1) 1
043/017/im12.png (288,352,1) 1
043/017/im13.png (288,352,1) 1
043/017/im14.png (288,352,1) 1
043/017/im15.png (288,352,1) 1
043/018/im1.png (288,352,1) 1
043/018/im2.png (288,352,1) 1
043/018/im3.png (288,352,1) 1
043/018/im4.png (288,352,1) 1
043/018/im5.png (288,352,1) 1
043/018/im6.png (288,352,1) 1
043/018/im7.png (288,352,1) 1
043/018/im8.png (288,352,1) 1
043/018/im9.png (288,352,1) 1
043/018/im10.png (288,352,1) 1
043/018/im11.png (288,352,1) 1
043/018/im12.png (288,352,1) 1
043/018/im13.png (288,352,1) 1
043/018/im14.png (288,352,1) 1
043/018/im15.png (288,352,1) 1
043/019/im1.png (288,352,1) 1
043/019/im2.png (288,352,1) 1
043/019/im3.png (288,352,1) 1
043/019/im4.png (288,352,1) 1
043/019/im5.png (288,352,1) 1
043/019/im6.png (288,352,1) 1
043/019/im7.png (288,352,1) 1
043/019/im8.png (288,352,1) 1
043/019/im9.png (288,352,1) 1
043/019/im10.png (288,352,1) 1
043/019/im11.png (288,352,1) 1
043/019/im12.png (288,352,1) 1
043/019/im13.png (288,352,1) 1
043/019/im14.png (288,352,1) 1
043/019/im15.png (288,352,1) 1
043/020/im1.png (288,352,1) 1
043/020/im2.png (288,352,1) 1
043/020/im3.png (288,352,1) 1
043/020/im4.png (288,352,1) 1
043/020/im5.png (288,352,1) 1
043/020/im6.png (288,352,1) 1
043/020/im7.png (288,352,1) 1
043/020/im8.png (288,352,1) 1
043/020/im9.png (288,352,1) 1
043/020/im10.png (288,352,1) 1
043/020/im11.png (288,352,1) 1
043/020/im12.png (288,352,1) 1
043/020/im13.png (288,352,1) 1
043/020/im14.png (288,352,1) 1
043/020/im15.png (288,352,1) 1
044/001/im1.png (240,352,1) 1
044/001/im2.png (240,352,1) 1
044/001/im3.png (240,352,1) 1
044/001/im4.png (240,352,1) 1
044/001/im5.png (240,352,1) 1
044/001/im6.png (240,352,1) 1
044/001/im7.png (240,352,1) 1
044/001/im8.png (240,352,1) 1
044/001/im9.png (240,352,1) 1
044/001/im10.png (240,352,1) 1
044/001/im11.png (240,352,1) 1
044/001/im12.png (240,352,1) 1
044/001/im13.png (240,352,1) 1
044/001/im14.png (240,352,1) 1
044/001/im15.png (240,352,1) 1
044/002/im1.png (240,352,1) 1
044/002/im2.png (240,352,1) 1
044/002/im3.png (240,352,1) 1
044/002/im4.png (240,352,1) 1
044/002/im5.png (240,352,1) 1
044/002/im6.png (240,352,1) 1
044/002/im7.png (240,352,1) 1
044/002/im8.png (240,352,1) 1
044/002/im9.png (240,352,1) 1
044/002/im10.png (240,352,1) 1
044/002/im11.png (240,352,1) 1
044/002/im12.png (240,352,1) 1
044/002/im13.png (240,352,1) 1
044/002/im14.png (240,352,1) 1
044/002/im15.png (240,352,1) 1
044/003/im1.png (240,352,1) 1
044/003/im2.png (240,352,1) 1
044/003/im3.png (240,352,1) 1
044/003/im4.png (240,352,1) 1
044/003/im5.png (240,352,1) 1
044/003/im6.png (240,352,1) 1
044/003/im7.png (240,352,1) 1
044/003/im8.png (240,352,1) 1
044/003/im9.png (240,352,1) 1
044/003/im10.png (240,352,1) 1
044/003/im11.png (240,352,1) 1
044/003/im12.png (240,352,1) 1
044/003/im13.png (240,352,1) 1
044/003/im14.png (240,352,1) 1
044/003/im15.png (240,352,1) 1
044/004/im1.png (240,352,1) 1
044/004/im2.png (240,352,1) 1
044/004/im3.png (240,352,1) 1
044/004/im4.png (240,352,1) 1
044/004/im5.png (240,352,1) 1
044/004/im6.png (240,352,1) 1
044/004/im7.png (240,352,1) 1
044/004/im8.png (240,352,1) 1
044/004/im9.png (240,352,1) 1
044/004/im10.png (240,352,1) 1
044/004/im11.png (240,352,1) 1
044/004/im12.png (240,352,1) 1
044/004/im13.png (240,352,1) 1
044/004/im14.png (240,352,1) 1
044/004/im15.png (240,352,1) 1
044/005/im1.png (240,352,1) 1
044/005/im2.png (240,352,1) 1
044/005/im3.png (240,352,1) 1
044/005/im4.png (240,352,1) 1
044/005/im5.png (240,352,1) 1
044/005/im6.png (240,352,1) 1
044/005/im7.png (240,352,1) 1
044/005/im8.png (240,352,1) 1
044/005/im9.png (240,352,1) 1
044/005/im10.png (240,352,1) 1
044/005/im11.png (240,352,1) 1
044/005/im12.png (240,352,1) 1
044/005/im13.png (240,352,1) 1
044/005/im14.png (240,352,1) 1
044/005/im15.png (240,352,1) 1
044/006/im1.png (240,352,1) 1
044/006/im2.png (240,352,1) 1
044/006/im3.png (240,352,1) 1
044/006/im4.png (240,352,1) 1
044/006/im5.png (240,352,1) 1
044/006/im6.png (240,352,1) 1
044/006/im7.png (240,352,1) 1
044/006/im8.png (240,352,1) 1
044/006/im9.png (240,352,1) 1
044/006/im10.png (240,352,1) 1
044/006/im11.png (240,352,1) 1
044/006/im12.png (240,352,1) 1
044/006/im13.png (240,352,1) 1
044/006/im14.png (240,352,1) 1
044/006/im15.png (240,352,1) 1
044/007/im1.png (240,352,1) 1
044/007/im2.png (240,352,1) 1
044/007/im3.png (240,352,1) 1
044/007/im4.png (240,352,1) 1
044/007/im5.png (240,352,1) 1
044/007/im6.png (240,352,1) 1
044/007/im7.png (240,352,1) 1
044/007/im8.png (240,352,1) 1
044/007/im9.png (240,352,1) 1
044/007/im10.png (240,352,1) 1
044/007/im11.png (240,352,1) 1
044/007/im12.png (240,352,1) 1
044/007/im13.png (240,352,1) 1
044/007/im14.png (240,352,1) 1
044/007/im15.png (240,352,1) 1
045/001/im1.png (288,352,1) 1
045/001/im2.png (288,352,1) 1
045/001/im3.png (288,352,1) 1
045/001/im4.png (288,352,1) 1
045/001/im5.png (288,352,1) 1
045/001/im6.png (288,352,1) 1
045/001/im7.png (288,352,1) 1
045/001/im8.png (288,352,1) 1
045/001/im9.png (288,352,1) 1
045/001/im10.png (288,352,1) 1
045/001/im11.png (288,352,1) 1
045/001/im12.png (288,352,1) 1
045/001/im13.png (288,352,1) 1
045/001/im14.png (288,352,1) 1
045/001/im15.png (288,352,1) 1
045/002/im1.png (288,352,1) 1
045/002/im2.png (288,352,1) 1
045/002/im3.png (288,352,1) 1
045/002/im4.png (288,352,1) 1
045/002/im5.png (288,352,1) 1
045/002/im6.png (288,352,1) 1
045/002/im7.png (288,352,1) 1
045/002/im8.png (288,352,1) 1
045/002/im9.png (288,352,1) 1
045/002/im10.png (288,352,1) 1
045/002/im11.png (288,352,1) 1
045/002/im12.png (288,352,1) 1
045/002/im13.png (288,352,1) 1
045/002/im14.png (288,352,1) 1
045/002/im15.png (288,352,1) 1
045/003/im1.png (288,352,1) 1
045/003/im2.png (288,352,1) 1
045/003/im3.png (288,352,1) 1
045/003/im4.png (288,352,1) 1
045/003/im5.png (288,352,1) 1
045/003/im6.png (288,352,1) 1
045/003/im7.png (288,352,1) 1
045/003/im8.png (288,352,1) 1
045/003/im9.png (288,352,1) 1
045/003/im10.png (288,352,1) 1
045/003/im11.png (288,352,1) 1
045/003/im12.png (288,352,1) 1
045/003/im13.png (288,352,1) 1
045/003/im14.png (288,352,1) 1
045/003/im15.png (288,352,1) 1
045/004/im1.png (288,352,1) 1
045/004/im2.png (288,352,1) 1
045/004/im3.png (288,352,1) 1
045/004/im4.png (288,352,1) 1
045/004/im5.png (288,352,1) 1
045/004/im6.png (288,352,1) 1
045/004/im7.png (288,352,1) 1
045/004/im8.png (288,352,1) 1
045/004/im9.png (288,352,1) 1
045/004/im10.png (288,352,1) 1
045/004/im11.png (288,352,1) 1
045/004/im12.png (288,352,1) 1
045/004/im13.png (288,352,1) 1
045/004/im14.png (288,352,1) 1
045/004/im15.png (288,352,1) 1
045/005/im1.png (288,352,1) 1
045/005/im2.png (288,352,1) 1
045/005/im3.png (288,352,1) 1
045/005/im4.png (288,352,1) 1
045/005/im5.png (288,352,1) 1
045/005/im6.png (288,352,1) 1
045/005/im7.png (288,352,1) 1
045/005/im8.png (288,352,1) 1
045/005/im9.png (288,352,1) 1
045/005/im10.png (288,352,1) 1
045/005/im11.png (288,352,1) 1
045/005/im12.png (288,352,1) 1
045/005/im13.png (288,352,1) 1
045/005/im14.png (288,352,1) 1
045/005/im15.png (288,352,1) 1
045/006/im1.png (288,352,1) 1
045/006/im2.png (288,352,1) 1
045/006/im3.png (288,352,1) 1
045/006/im4.png (288,352,1) 1
045/006/im5.png (288,352,1) 1
045/006/im6.png (288,352,1) 1
045/006/im7.png (288,352,1) 1
045/006/im8.png (288,352,1) 1
045/006/im9.png (288,352,1) 1
045/006/im10.png (288,352,1) 1
045/006/im11.png (288,352,1) 1
045/006/im12.png (288,352,1) 1
045/006/im13.png (288,352,1) 1
045/006/im14.png (288,352,1) 1
045/006/im15.png (288,352,1) 1
045/007/im1.png (288,352,1) 1
045/007/im2.png (288,352,1) 1
045/007/im3.png (288,352,1) 1
045/007/im4.png (288,352,1) 1
045/007/im5.png (288,352,1) 1
045/007/im6.png (288,352,1) 1
045/007/im7.png (288,352,1) 1
045/007/im8.png (288,352,1) 1
045/007/im9.png (288,352,1) 1
045/007/im10.png (288,352,1) 1
045/007/im11.png (288,352,1) 1
045/007/im12.png (288,352,1) 1
045/007/im13.png (288,352,1) 1
045/007/im14.png (288,352,1) 1
045/007/im15.png (288,352,1) 1
045/008/im1.png (288,352,1) 1
045/008/im2.png (288,352,1) 1
045/008/im3.png (288,352,1) 1
045/008/im4.png (288,352,1) 1
045/008/im5.png (288,352,1) 1
045/008/im6.png (288,352,1) 1
045/008/im7.png (288,352,1) 1
045/008/im8.png (288,352,1) 1
045/008/im9.png (288,352,1) 1
045/008/im10.png (288,352,1) 1
045/008/im11.png (288,352,1) 1
045/008/im12.png (288,352,1) 1
045/008/im13.png (288,352,1) 1
045/008/im14.png (288,352,1) 1
045/008/im15.png (288,352,1) 1
045/009/im1.png (288,352,1) 1
045/009/im2.png (288,352,1) 1
045/009/im3.png (288,352,1) 1
045/009/im4.png (288,352,1) 1
045/009/im5.png (288,352,1) 1
045/009/im6.png (288,352,1) 1
045/009/im7.png (288,352,1) 1
045/009/im8.png (288,352,1) 1
045/009/im9.png (288,352,1) 1
045/009/im10.png (288,352,1) 1
045/009/im11.png (288,352,1) 1
045/009/im12.png (288,352,1) 1
045/009/im13.png (288,352,1) 1
045/009/im14.png (288,352,1) 1
045/009/im15.png (288,352,1) 1
045/010/im1.png (288,352,1) 1
045/010/im2.png (288,352,1) 1
045/010/im3.png (288,352,1) 1
045/010/im4.png (288,352,1) 1
045/010/im5.png (288,352,1) 1
045/010/im6.png (288,352,1) 1
045/010/im7.png (288,352,1) 1
045/010/im8.png (288,352,1) 1
045/010/im9.png (288,352,1) 1
045/010/im10.png (288,352,1) 1
045/010/im11.png (288,352,1) 1
045/010/im12.png (288,352,1) 1
045/010/im13.png (288,352,1) 1
045/010/im14.png (288,352,1) 1
045/010/im15.png (288,352,1) 1
045/011/im1.png (288,352,1) 1
045/011/im2.png (288,352,1) 1
045/011/im3.png (288,352,1) 1
045/011/im4.png (288,352,1) 1
045/011/im5.png (288,352,1) 1
045/011/im6.png (288,352,1) 1
045/011/im7.png (288,352,1) 1
045/011/im8.png (288,352,1) 1
045/011/im9.png (288,352,1) 1
045/011/im10.png (288,352,1) 1
045/011/im11.png (288,352,1) 1
045/011/im12.png (288,352,1) 1
045/011/im13.png (288,352,1) 1
045/011/im14.png (288,352,1) 1
045/011/im15.png (288,352,1) 1
045/012/im1.png (288,352,1) 1
045/012/im2.png (288,352,1) 1
045/012/im3.png (288,352,1) 1
045/012/im4.png (288,352,1) 1
045/012/im5.png (288,352,1) 1
045/012/im6.png (288,352,1) 1
045/012/im7.png (288,352,1) 1
045/012/im8.png (288,352,1) 1
045/012/im9.png (288,352,1) 1
045/012/im10.png (288,352,1) 1
045/012/im11.png (288,352,1) 1
045/012/im12.png (288,352,1) 1
045/012/im13.png (288,352,1) 1
045/012/im14.png (288,352,1) 1
045/012/im15.png (288,352,1) 1
045/013/im1.png (288,352,1) 1
045/013/im2.png (288,352,1) 1
045/013/im3.png (288,352,1) 1
045/013/im4.png (288,352,1) 1
045/013/im5.png (288,352,1) 1
045/013/im6.png (288,352,1) 1
045/013/im7.png (288,352,1) 1
045/013/im8.png (288,352,1) 1
045/013/im9.png (288,352,1) 1
045/013/im10.png (288,352,1) 1
045/013/im11.png (288,352,1) 1
045/013/im12.png (288,352,1) 1
045/013/im13.png (288,352,1) 1
045/013/im14.png (288,352,1) 1
045/013/im15.png (288,352,1) 1
045/014/im1.png (288,352,1) 1
045/014/im2.png (288,352,1) 1
045/014/im3.png (288,352,1) 1
045/014/im4.png (288,352,1) 1
045/014/im5.png (288,352,1) 1
045/014/im6.png (288,352,1) 1
045/014/im7.png (288,352,1) 1
045/014/im8.png (288,352,1) 1
045/014/im9.png (288,352,1) 1
045/014/im10.png (288,352,1) 1
045/014/im11.png (288,352,1) 1
045/014/im12.png (288,352,1) 1
045/014/im13.png (288,352,1) 1
045/014/im14.png (288,352,1) 1
045/014/im15.png (288,352,1) 1
045/015/im1.png (288,352,1) 1
045/015/im2.png (288,352,1) 1
045/015/im3.png (288,352,1) 1
045/015/im4.png (288,352,1) 1
045/015/im5.png (288,352,1) 1
045/015/im6.png (288,352,1) 1
045/015/im7.png (288,352,1) 1
045/015/im8.png (288,352,1) 1
045/015/im9.png (288,352,1) 1
045/015/im10.png (288,352,1) 1
045/015/im11.png (288,352,1) 1
045/015/im12.png (288,352,1) 1
045/015/im13.png (288,352,1) 1
045/015/im14.png (288,352,1) 1
045/015/im15.png (288,352,1) 1
045/016/im1.png (288,352,1) 1
045/016/im2.png (288,352,1) 1
045/016/im3.png (288,352,1) 1
045/016/im4.png (288,352,1) 1
045/016/im5.png (288,352,1) 1
045/016/im6.png (288,352,1) 1
045/016/im7.png (288,352,1) 1
045/016/im8.png (288,352,1) 1
045/016/im9.png (288,352,1) 1
045/016/im10.png (288,352,1) 1
045/016/im11.png (288,352,1) 1
045/016/im12.png (288,352,1) 1
045/016/im13.png (288,352,1) 1
045/016/im14.png (288,352,1) 1
045/016/im15.png (288,352,1) 1
045/017/im1.png (288,352,1) 1
045/017/im2.png (288,352,1) 1
045/017/im3.png (288,352,1) 1
045/017/im4.png (288,352,1) 1
045/017/im5.png (288,352,1) 1
045/017/im6.png (288,352,1) 1
045/017/im7.png (288,352,1) 1
045/017/im8.png (288,352,1) 1
045/017/im9.png (288,352,1) 1
045/017/im10.png (288,352,1) 1
045/017/im11.png (288,352,1) 1
045/017/im12.png (288,352,1) 1
045/017/im13.png (288,352,1) 1
045/017/im14.png (288,352,1) 1
045/017/im15.png (288,352,1) 1
045/018/im1.png (288,352,1) 1
045/018/im2.png (288,352,1) 1
045/018/im3.png (288,352,1) 1
045/018/im4.png (288,352,1) 1
045/018/im5.png (288,352,1) 1
045/018/im6.png (288,352,1) 1
045/018/im7.png (288,352,1) 1
045/018/im8.png (288,352,1) 1
045/018/im9.png (288,352,1) 1
045/018/im10.png (288,352,1) 1
045/018/im11.png (288,352,1) 1
045/018/im12.png (288,352,1) 1
045/018/im13.png (288,352,1) 1
045/018/im14.png (288,352,1) 1
045/018/im15.png (288,352,1) 1
045/019/im1.png (288,352,1) 1
045/019/im2.png (288,352,1) 1
045/019/im3.png (288,352,1) 1
045/019/im4.png (288,352,1) 1
045/019/im5.png (288,352,1) 1
045/019/im6.png (288,352,1) 1
045/019/im7.png (288,352,1) 1
045/019/im8.png (288,352,1) 1
045/019/im9.png (288,352,1) 1
045/019/im10.png (288,352,1) 1
045/019/im11.png (288,352,1) 1
045/019/im12.png (288,352,1) 1
045/019/im13.png (288,352,1) 1
045/019/im14.png (288,352,1) 1
045/019/im15.png (288,352,1) 1
045/020/im1.png (288,352,1) 1
045/020/im2.png (288,352,1) 1
045/020/im3.png (288,352,1) 1
045/020/im4.png (288,352,1) 1
045/020/im5.png (288,352,1) 1
045/020/im6.png (288,352,1) 1
045/020/im7.png (288,352,1) 1
045/020/im8.png (288,352,1) 1
045/020/im9.png (288,352,1) 1
045/020/im10.png (288,352,1) 1
045/020/im11.png (288,352,1) 1
045/020/im12.png (288,352,1) 1
045/020/im13.png (288,352,1) 1
045/020/im14.png (288,352,1) 1
045/020/im15.png (288,352,1) 1
046/001/im1.png (576,704,1) 1
046/001/im2.png (576,704,1) 1
046/001/im3.png (576,704,1) 1
046/001/im4.png (576,704,1) 1
046/001/im5.png (576,704,1) 1
046/001/im6.png (576,704,1) 1
046/001/im7.png (576,704,1) 1
046/001/im8.png (576,704,1) 1
046/001/im9.png (576,704,1) 1
046/001/im10.png (576,704,1) 1
046/001/im11.png (576,704,1) 1
046/001/im12.png (576,704,1) 1
046/001/im13.png (576,704,1) 1
046/001/im14.png (576,704,1) 1
046/001/im15.png (576,704,1) 1
046/002/im1.png (576,704,1) 1
046/002/im2.png (576,704,1) 1
046/002/im3.png (576,704,1) 1
046/002/im4.png (576,704,1) 1
046/002/im5.png (576,704,1) 1
046/002/im6.png (576,704,1) 1
046/002/im7.png (576,704,1) 1
046/002/im8.png (576,704,1) 1
046/002/im9.png (576,704,1) 1
046/002/im10.png (576,704,1) 1
046/002/im11.png (576,704,1) 1
046/002/im12.png (576,704,1) 1
046/002/im13.png (576,704,1) 1
046/002/im14.png (576,704,1) 1
046/002/im15.png (576,704,1) 1
046/003/im1.png (576,704,1) 1
046/003/im2.png (576,704,1) 1
046/003/im3.png (576,704,1) 1
046/003/im4.png (576,704,1) 1
046/003/im5.png (576,704,1) 1
046/003/im6.png (576,704,1) 1
046/003/im7.png (576,704,1) 1
046/003/im8.png (576,704,1) 1
046/003/im9.png (576,704,1) 1
046/003/im10.png (576,704,1) 1
046/003/im11.png (576,704,1) 1
046/003/im12.png (576,704,1) 1
046/003/im13.png (576,704,1) 1
046/003/im14.png (576,704,1) 1
046/003/im15.png (576,704,1) 1
046/004/im1.png (576,704,1) 1
046/004/im2.png (576,704,1) 1
046/004/im3.png (576,704,1) 1
046/004/im4.png (576,704,1) 1
046/004/im5.png (576,704,1) 1
046/004/im6.png (576,704,1) 1
046/004/im7.png (576,704,1) 1
046/004/im8.png (576,704,1) 1
046/004/im9.png (576,704,1) 1
046/004/im10.png (576,704,1) 1
046/004/im11.png (576,704,1) 1
046/004/im12.png (576,704,1) 1
046/004/im13.png (576,704,1) 1
046/004/im14.png (576,704,1) 1
046/004/im15.png (576,704,1) 1
046/005/im1.png (576,704,1) 1
046/005/im2.png (576,704,1) 1
046/005/im3.png (576,704,1) 1
046/005/im4.png (576,704,1) 1
046/005/im5.png (576,704,1) 1
046/005/im6.png (576,704,1) 1
046/005/im7.png (576,704,1) 1
046/005/im8.png (576,704,1) 1
046/005/im9.png (576,704,1) 1
046/005/im10.png (576,704,1) 1
046/005/im11.png (576,704,1) 1
046/005/im12.png (576,704,1) 1
046/005/im13.png (576,704,1) 1
046/005/im14.png (576,704,1) 1
046/005/im15.png (576,704,1) 1
046/006/im1.png (576,704,1) 1
046/006/im2.png (576,704,1) 1
046/006/im3.png (576,704,1) 1
046/006/im4.png (576,704,1) 1
046/006/im5.png (576,704,1) 1
046/006/im6.png (576,704,1) 1
046/006/im7.png (576,704,1) 1
046/006/im8.png (576,704,1) 1
046/006/im9.png (576,704,1) 1
046/006/im10.png (576,704,1) 1
046/006/im11.png (576,704,1) 1
046/006/im12.png (576,704,1) 1
046/006/im13.png (576,704,1) 1
046/006/im14.png (576,704,1) 1
046/006/im15.png (576,704,1) 1
046/007/im1.png (576,704,1) 1
046/007/im2.png (576,704,1) 1
046/007/im3.png (576,704,1) 1
046/007/im4.png (576,704,1) 1
046/007/im5.png (576,704,1) 1
046/007/im6.png (576,704,1) 1
046/007/im7.png (576,704,1) 1
046/007/im8.png (576,704,1) 1
046/007/im9.png (576,704,1) 1
046/007/im10.png (576,704,1) 1
046/007/im11.png (576,704,1) 1
046/007/im12.png (576,704,1) 1
046/007/im13.png (576,704,1) 1
046/007/im14.png (576,704,1) 1
046/007/im15.png (576,704,1) 1
046/008/im1.png (576,704,1) 1
046/008/im2.png (576,704,1) 1
046/008/im3.png (576,704,1) 1
046/008/im4.png (576,704,1) 1
046/008/im5.png (576,704,1) 1
046/008/im6.png (576,704,1) 1
046/008/im7.png (576,704,1) 1
046/008/im8.png (576,704,1) 1
046/008/im9.png (576,704,1) 1
046/008/im10.png (576,704,1) 1
046/008/im11.png (576,704,1) 1
046/008/im12.png (576,704,1) 1
046/008/im13.png (576,704,1) 1
046/008/im14.png (576,704,1) 1
046/008/im15.png (576,704,1) 1
046/009/im1.png (576,704,1) 1
046/009/im2.png (576,704,1) 1
046/009/im3.png (576,704,1) 1
046/009/im4.png (576,704,1) 1
046/009/im5.png (576,704,1) 1
046/009/im6.png (576,704,1) 1
046/009/im7.png (576,704,1) 1
046/009/im8.png (576,704,1) 1
046/009/im9.png (576,704,1) 1
046/009/im10.png (576,704,1) 1
046/009/im11.png (576,704,1) 1
046/009/im12.png (576,704,1) 1
046/009/im13.png (576,704,1) 1
046/009/im14.png (576,704,1) 1
046/009/im15.png (576,704,1) 1
046/010/im1.png (576,704,1) 1
046/010/im2.png (576,704,1) 1
046/010/im3.png (576,704,1) 1
046/010/im4.png (576,704,1) 1
046/010/im5.png (576,704,1) 1
046/010/im6.png (576,704,1) 1
046/010/im7.png (576,704,1) 1
046/010/im8.png (576,704,1) 1
046/010/im9.png (576,704,1) 1
046/010/im10.png (576,704,1) 1
046/010/im11.png (576,704,1) 1
046/010/im12.png (576,704,1) 1
046/010/im13.png (576,704,1) 1
046/010/im14.png (576,704,1) 1
046/010/im15.png (576,704,1) 1
046/011/im1.png (576,704,1) 1
046/011/im2.png (576,704,1) 1
046/011/im3.png (576,704,1) 1
046/011/im4.png (576,704,1) 1
046/011/im5.png (576,704,1) 1
046/011/im6.png (576,704,1) 1
046/011/im7.png (576,704,1) 1
046/011/im8.png (576,704,1) 1
046/011/im9.png (576,704,1) 1
046/011/im10.png (576,704,1) 1
046/011/im11.png (576,704,1) 1
046/011/im12.png (576,704,1) 1
046/011/im13.png (576,704,1) 1
046/011/im14.png (576,704,1) 1
046/011/im15.png (576,704,1) 1
046/012/im1.png (576,704,1) 1
046/012/im2.png (576,704,1) 1
046/012/im3.png (576,704,1) 1
046/012/im4.png (576,704,1) 1
046/012/im5.png (576,704,1) 1
046/012/im6.png (576,704,1) 1
046/012/im7.png (576,704,1) 1
046/012/im8.png (576,704,1) 1
046/012/im9.png (576,704,1) 1
046/012/im10.png (576,704,1) 1
046/012/im11.png (576,704,1) 1
046/012/im12.png (576,704,1) 1
046/012/im13.png (576,704,1) 1
046/012/im14.png (576,704,1) 1
046/012/im15.png (576,704,1) 1
046/013/im1.png (576,704,1) 1
046/013/im2.png (576,704,1) 1
046/013/im3.png (576,704,1) 1
046/013/im4.png (576,704,1) 1
046/013/im5.png (576,704,1) 1
046/013/im6.png (576,704,1) 1
046/013/im7.png (576,704,1) 1
046/013/im8.png (576,704,1) 1
046/013/im9.png (576,704,1) 1
046/013/im10.png (576,704,1) 1
046/013/im11.png (576,704,1) 1
046/013/im12.png (576,704,1) 1
046/013/im13.png (576,704,1) 1
046/013/im14.png (576,704,1) 1
046/013/im15.png (576,704,1) 1
046/014/im1.png (576,704,1) 1
046/014/im2.png (576,704,1) 1
046/014/im3.png (576,704,1) 1
046/014/im4.png (576,704,1) 1
046/014/im5.png (576,704,1) 1
046/014/im6.png (576,704,1) 1
046/014/im7.png (576,704,1) 1
046/014/im8.png (576,704,1) 1
046/014/im9.png (576,704,1) 1
046/014/im10.png (576,704,1) 1
046/014/im11.png (576,704,1) 1
046/014/im12.png (576,704,1) 1
046/014/im13.png (576,704,1) 1
046/014/im14.png (576,704,1) 1
046/014/im15.png (576,704,1) 1
046/015/im1.png (576,704,1) 1
046/015/im2.png (576,704,1) 1
046/015/im3.png (576,704,1) 1
046/015/im4.png (576,704,1) 1
046/015/im5.png (576,704,1) 1
046/015/im6.png (576,704,1) 1
046/015/im7.png (576,704,1) 1
046/015/im8.png (576,704,1) 1
046/015/im9.png (576,704,1) 1
046/015/im10.png (576,704,1) 1
046/015/im11.png (576,704,1) 1
046/015/im12.png (576,704,1) 1
046/015/im13.png (576,704,1) 1
046/015/im14.png (576,704,1) 1
046/015/im15.png (576,704,1) 1
046/016/im1.png (576,704,1) 1
046/016/im2.png (576,704,1) 1
046/016/im3.png (576,704,1) 1
046/016/im4.png (576,704,1) 1
046/016/im5.png (576,704,1) 1
046/016/im6.png (576,704,1) 1
046/016/im7.png (576,704,1) 1
046/016/im8.png (576,704,1) 1
046/016/im9.png (576,704,1) 1
046/016/im10.png (576,704,1) 1
046/016/im11.png (576,704,1) 1
046/016/im12.png (576,704,1) 1
046/016/im13.png (576,704,1) 1
046/016/im14.png (576,704,1) 1
046/016/im15.png (576,704,1) 1
046/017/im1.png (576,704,1) 1
046/017/im2.png (576,704,1) 1
046/017/im3.png (576,704,1) 1
046/017/im4.png (576,704,1) 1
046/017/im5.png (576,704,1) 1
046/017/im6.png (576,704,1) 1
046/017/im7.png (576,704,1) 1
046/017/im8.png (576,704,1) 1
046/017/im9.png (576,704,1) 1
046/017/im10.png (576,704,1) 1
046/017/im11.png (576,704,1) 1
046/017/im12.png (576,704,1) 1
046/017/im13.png (576,704,1) 1
046/017/im14.png (576,704,1) 1
046/017/im15.png (576,704,1) 1
046/018/im1.png (576,704,1) 1
046/018/im2.png (576,704,1) 1
046/018/im3.png (576,704,1) 1
046/018/im4.png (576,704,1) 1
046/018/im5.png (576,704,1) 1
046/018/im6.png (576,704,1) 1
046/018/im7.png (576,704,1) 1
046/018/im8.png (576,704,1) 1
046/018/im9.png (576,704,1) 1
046/018/im10.png (576,704,1) 1
046/018/im11.png (576,704,1) 1
046/018/im12.png (576,704,1) 1
046/018/im13.png (576,704,1) 1
046/018/im14.png (576,704,1) 1
046/018/im15.png (576,704,1) 1
046/019/im1.png (576,704,1) 1
046/019/im2.png (576,704,1) 1
046/019/im3.png (576,704,1) 1
046/019/im4.png (576,704,1) 1
046/019/im5.png (576,704,1) 1
046/019/im6.png (576,704,1) 1
046/019/im7.png (576,704,1) 1
046/019/im8.png (576,704,1) 1
046/019/im9.png (576,704,1) 1
046/019/im10.png (576,704,1) 1
046/019/im11.png (576,704,1) 1
046/019/im12.png (576,704,1) 1
046/019/im13.png (576,704,1) 1
046/019/im14.png (576,704,1) 1
046/019/im15.png (576,704,1) 1
046/020/im1.png (576,704,1) 1
046/020/im2.png (576,704,1) 1
046/020/im3.png (576,704,1) 1
046/020/im4.png (576,704,1) 1
046/020/im5.png (576,704,1) 1
046/020/im6.png (576,704,1) 1
046/020/im7.png (576,704,1) 1
046/020/im8.png (576,704,1) 1
046/020/im9.png (576,704,1) 1
046/020/im10.png (576,704,1) 1
046/020/im11.png (576,704,1) 1
046/020/im12.png (576,704,1) 1
046/020/im13.png (576,704,1) 1
046/020/im14.png (576,704,1) 1
046/020/im15.png (576,704,1) 1
047/001/im1.png (288,352,1) 1
047/001/im2.png (288,352,1) 1
047/001/im3.png (288,352,1) 1
047/001/im4.png (288,352,1) 1
047/001/im5.png (288,352,1) 1
047/001/im6.png (288,352,1) 1
047/001/im7.png (288,352,1) 1
047/001/im8.png (288,352,1) 1
047/001/im9.png (288,352,1) 1
047/001/im10.png (288,352,1) 1
047/001/im11.png (288,352,1) 1
047/001/im12.png (288,352,1) 1
047/001/im13.png (288,352,1) 1
047/001/im14.png (288,352,1) 1
047/001/im15.png (288,352,1) 1
047/002/im1.png (288,352,1) 1
047/002/im2.png (288,352,1) 1
047/002/im3.png (288,352,1) 1
047/002/im4.png (288,352,1) 1
047/002/im5.png (288,352,1) 1
047/002/im6.png (288,352,1) 1
047/002/im7.png (288,352,1) 1
047/002/im8.png (288,352,1) 1
047/002/im9.png (288,352,1) 1
047/002/im10.png (288,352,1) 1
047/002/im11.png (288,352,1) 1
047/002/im12.png (288,352,1) 1
047/002/im13.png (288,352,1) 1
047/002/im14.png (288,352,1) 1
047/002/im15.png (288,352,1) 1
047/003/im1.png (288,352,1) 1
047/003/im2.png (288,352,1) 1
047/003/im3.png (288,352,1) 1
047/003/im4.png (288,352,1) 1
047/003/im5.png (288,352,1) 1
047/003/im6.png (288,352,1) 1
047/003/im7.png (288,352,1) 1
047/003/im8.png (288,352,1) 1
047/003/im9.png (288,352,1) 1
047/003/im10.png (288,352,1) 1
047/003/im11.png (288,352,1) 1
047/003/im12.png (288,352,1) 1
047/003/im13.png (288,352,1) 1
047/003/im14.png (288,352,1) 1
047/003/im15.png (288,352,1) 1
047/004/im1.png (288,352,1) 1
047/004/im2.png (288,352,1) 1
047/004/im3.png (288,352,1) 1
047/004/im4.png (288,352,1) 1
047/004/im5.png (288,352,1) 1
047/004/im6.png (288,352,1) 1
047/004/im7.png (288,352,1) 1
047/004/im8.png (288,352,1) 1
047/004/im9.png (288,352,1) 1
047/004/im10.png (288,352,1) 1
047/004/im11.png (288,352,1) 1
047/004/im12.png (288,352,1) 1
047/004/im13.png (288,352,1) 1
047/004/im14.png (288,352,1) 1
047/004/im15.png (288,352,1) 1
047/005/im1.png (288,352,1) 1
047/005/im2.png (288,352,1) 1
047/005/im3.png (288,352,1) 1
047/005/im4.png (288,352,1) 1
047/005/im5.png (288,352,1) 1
047/005/im6.png (288,352,1) 1
047/005/im7.png (288,352,1) 1
047/005/im8.png (288,352,1) 1
047/005/im9.png (288,352,1) 1
047/005/im10.png (288,352,1) 1
047/005/im11.png (288,352,1) 1
047/005/im12.png (288,352,1) 1
047/005/im13.png (288,352,1) 1
047/005/im14.png (288,352,1) 1
047/005/im15.png (288,352,1) 1
047/006/im1.png (288,352,1) 1
047/006/im2.png (288,352,1) 1
047/006/im3.png (288,352,1) 1
047/006/im4.png (288,352,1) 1
047/006/im5.png (288,352,1) 1
047/006/im6.png (288,352,1) 1
047/006/im7.png (288,352,1) 1
047/006/im8.png (288,352,1) 1
047/006/im9.png (288,352,1) 1
047/006/im10.png (288,352,1) 1
047/006/im11.png (288,352,1) 1
047/006/im12.png (288,352,1) 1
047/006/im13.png (288,352,1) 1
047/006/im14.png (288,352,1) 1
047/006/im15.png (288,352,1) 1
047/007/im1.png (288,352,1) 1
047/007/im2.png (288,352,1) 1
047/007/im3.png (288,352,1) 1
047/007/im4.png (288,352,1) 1
047/007/im5.png (288,352,1) 1
047/007/im6.png (288,352,1) 1
047/007/im7.png (288,352,1) 1
047/007/im8.png (288,352,1) 1
047/007/im9.png (288,352,1) 1
047/007/im10.png (288,352,1) 1
047/007/im11.png (288,352,1) 1
047/007/im12.png (288,352,1) 1
047/007/im13.png (288,352,1) 1
047/007/im14.png (288,352,1) 1
047/007/im15.png (288,352,1) 1
047/008/im1.png (288,352,1) 1
047/008/im2.png (288,352,1) 1
047/008/im3.png (288,352,1) 1
047/008/im4.png (288,352,1) 1
047/008/im5.png (288,352,1) 1
047/008/im6.png (288,352,1) 1
047/008/im7.png (288,352,1) 1
047/008/im8.png (288,352,1) 1
047/008/im9.png (288,352,1) 1
047/008/im10.png (288,352,1) 1
047/008/im11.png (288,352,1) 1
047/008/im12.png (288,352,1) 1
047/008/im13.png (288,352,1) 1
047/008/im14.png (288,352,1) 1
047/008/im15.png (288,352,1) 1
047/009/im1.png (288,352,1) 1
047/009/im2.png (288,352,1) 1
047/009/im3.png (288,352,1) 1
047/009/im4.png (288,352,1) 1
047/009/im5.png (288,352,1) 1
047/009/im6.png (288,352,1) 1
047/009/im7.png (288,352,1) 1
047/009/im8.png (288,352,1) 1
047/009/im9.png (288,352,1) 1
047/009/im10.png (288,352,1) 1
047/009/im11.png (288,352,1) 1
047/009/im12.png (288,352,1) 1
047/009/im13.png (288,352,1) 1
047/009/im14.png (288,352,1) 1
047/009/im15.png (288,352,1) 1
047/010/im1.png (288,352,1) 1
047/010/im2.png (288,352,1) 1
047/010/im3.png (288,352,1) 1
047/010/im4.png (288,352,1) 1
047/010/im5.png (288,352,1) 1
047/010/im6.png (288,352,1) 1
047/010/im7.png (288,352,1) 1
047/010/im8.png (288,352,1) 1
047/010/im9.png (288,352,1) 1
047/010/im10.png (288,352,1) 1
047/010/im11.png (288,352,1) 1
047/010/im12.png (288,352,1) 1
047/010/im13.png (288,352,1) 1
047/010/im14.png (288,352,1) 1
047/010/im15.png (288,352,1) 1
047/011/im1.png (288,352,1) 1
047/011/im2.png (288,352,1) 1
047/011/im3.png (288,352,1) 1
047/011/im4.png (288,352,1) 1
047/011/im5.png (288,352,1) 1
047/011/im6.png (288,352,1) 1
047/011/im7.png (288,352,1) 1
047/011/im8.png (288,352,1) 1
047/011/im9.png (288,352,1) 1
047/011/im10.png (288,352,1) 1
047/011/im11.png (288,352,1) 1
047/011/im12.png (288,352,1) 1
047/011/im13.png (288,352,1) 1
047/011/im14.png (288,352,1) 1
047/011/im15.png (288,352,1) 1
047/012/im1.png (288,352,1) 1
047/012/im2.png (288,352,1) 1
047/012/im3.png (288,352,1) 1
047/012/im4.png (288,352,1) 1
047/012/im5.png (288,352,1) 1
047/012/im6.png (288,352,1) 1
047/012/im7.png (288,352,1) 1
047/012/im8.png (288,352,1) 1
047/012/im9.png (288,352,1) 1
047/012/im10.png (288,352,1) 1
047/012/im11.png (288,352,1) 1
047/012/im12.png (288,352,1) 1
047/012/im13.png (288,352,1) 1
047/012/im14.png (288,352,1) 1
047/012/im15.png (288,352,1) 1
047/013/im1.png (288,352,1) 1
047/013/im2.png (288,352,1) 1
047/013/im3.png (288,352,1) 1
047/013/im4.png (288,352,1) 1
047/013/im5.png (288,352,1) 1
047/013/im6.png (288,352,1) 1
047/013/im7.png (288,352,1) 1
047/013/im8.png (288,352,1) 1
047/013/im9.png (288,352,1) 1
047/013/im10.png (288,352,1) 1
047/013/im11.png (288,352,1) 1
047/013/im12.png (288,352,1) 1
047/013/im13.png (288,352,1) 1
047/013/im14.png (288,352,1) 1
047/013/im15.png (288,352,1) 1
047/014/im1.png (288,352,1) 1
047/014/im2.png (288,352,1) 1
047/014/im3.png (288,352,1) 1
047/014/im4.png (288,352,1) 1
047/014/im5.png (288,352,1) 1
047/014/im6.png (288,352,1) 1
047/014/im7.png (288,352,1) 1
047/014/im8.png (288,352,1) 1
047/014/im9.png (288,352,1) 1
047/014/im10.png (288,352,1) 1
047/014/im11.png (288,352,1) 1
047/014/im12.png (288,352,1) 1
047/014/im13.png (288,352,1) 1
047/014/im14.png (288,352,1) 1
047/014/im15.png (288,352,1) 1
047/015/im1.png (288,352,1) 1
047/015/im2.png (288,352,1) 1
047/015/im3.png (288,352,1) 1
047/015/im4.png (288,352,1) 1
047/015/im5.png (288,352,1) 1
047/015/im6.png (288,352,1) 1
047/015/im7.png (288,352,1) 1
047/015/im8.png (288,352,1) 1
047/015/im9.png (288,352,1) 1
047/015/im10.png (288,352,1) 1
047/015/im11.png (288,352,1) 1
047/015/im12.png (288,352,1) 1
047/015/im13.png (288,352,1) 1
047/015/im14.png (288,352,1) 1
047/015/im15.png (288,352,1) 1
047/016/im1.png (288,352,1) 1
047/016/im2.png (288,352,1) 1
047/016/im3.png (288,352,1) 1
047/016/im4.png (288,352,1) 1
047/016/im5.png (288,352,1) 1
047/016/im6.png (288,352,1) 1
047/016/im7.png (288,352,1) 1
047/016/im8.png (288,352,1) 1
047/016/im9.png (288,352,1) 1
047/016/im10.png (288,352,1) 1
047/016/im11.png (288,352,1) 1
047/016/im12.png (288,352,1) 1
047/016/im13.png (288,352,1) 1
047/016/im14.png (288,352,1) 1
047/016/im15.png (288,352,1) 1
048/001/im1.png (576,704,1) 1
048/001/im2.png (576,704,1) 1
048/001/im3.png (576,704,1) 1
048/001/im4.png (576,704,1) 1
048/001/im5.png (576,704,1) 1
048/001/im6.png (576,704,1) 1
048/001/im7.png (576,704,1) 1
048/001/im8.png (576,704,1) 1
048/001/im9.png (576,704,1) 1
048/001/im10.png (576,704,1) 1
048/001/im11.png (576,704,1) 1
048/001/im12.png (576,704,1) 1
048/001/im13.png (576,704,1) 1
048/001/im14.png (576,704,1) 1
048/001/im15.png (576,704,1) 1
048/002/im1.png (576,704,1) 1
048/002/im2.png (576,704,1) 1
048/002/im3.png (576,704,1) 1
048/002/im4.png (576,704,1) 1
048/002/im5.png (576,704,1) 1
048/002/im6.png (576,704,1) 1
048/002/im7.png (576,704,1) 1
048/002/im8.png (576,704,1) 1
048/002/im9.png (576,704,1) 1
048/002/im10.png (576,704,1) 1
048/002/im11.png (576,704,1) 1
048/002/im12.png (576,704,1) 1
048/002/im13.png (576,704,1) 1
048/002/im14.png (576,704,1) 1
048/002/im15.png (576,704,1) 1
048/003/im1.png (576,704,1) 1
048/003/im2.png (576,704,1) 1
048/003/im3.png (576,704,1) 1
048/003/im4.png (576,704,1) 1
048/003/im5.png (576,704,1) 1
048/003/im6.png (576,704,1) 1
048/003/im7.png (576,704,1) 1
048/003/im8.png (576,704,1) 1
048/003/im9.png (576,704,1) 1
048/003/im10.png (576,704,1) 1
048/003/im11.png (576,704,1) 1
048/003/im12.png (576,704,1) 1
048/003/im13.png (576,704,1) 1
048/003/im14.png (576,704,1) 1
048/003/im15.png (576,704,1) 1
048/004/im1.png (576,704,1) 1
048/004/im2.png (576,704,1) 1
048/004/im3.png (576,704,1) 1
048/004/im4.png (576,704,1) 1
048/004/im5.png (576,704,1) 1
048/004/im6.png (576,704,1) 1
048/004/im7.png (576,704,1) 1
048/004/im8.png (576,704,1) 1
048/004/im9.png (576,704,1) 1
048/004/im10.png (576,704,1) 1
048/004/im11.png (576,704,1) 1
048/004/im12.png (576,704,1) 1
048/004/im13.png (576,704,1) 1
048/004/im14.png (576,704,1) 1
048/004/im15.png (576,704,1) 1
048/005/im1.png (576,704,1) 1
048/005/im2.png (576,704,1) 1
048/005/im3.png (576,704,1) 1
048/005/im4.png (576,704,1) 1
048/005/im5.png (576,704,1) 1
048/005/im6.png (576,704,1) 1
048/005/im7.png (576,704,1) 1
048/005/im8.png (576,704,1) 1
048/005/im9.png (576,704,1) 1
048/005/im10.png (576,704,1) 1
048/005/im11.png (576,704,1) 1
048/005/im12.png (576,704,1) 1
048/005/im13.png (576,704,1) 1
048/005/im14.png (576,704,1) 1
048/005/im15.png (576,704,1) 1
048/006/im1.png (576,704,1) 1
048/006/im2.png (576,704,1) 1
048/006/im3.png (576,704,1) 1
048/006/im4.png (576,704,1) 1
048/006/im5.png (576,704,1) 1
048/006/im6.png (576,704,1) 1
048/006/im7.png (576,704,1) 1
048/006/im8.png (576,704,1) 1
048/006/im9.png (576,704,1) 1
048/006/im10.png (576,704,1) 1
048/006/im11.png (576,704,1) 1
048/006/im12.png (576,704,1) 1
048/006/im13.png (576,704,1) 1
048/006/im14.png (576,704,1) 1
048/006/im15.png (576,704,1) 1
048/007/im1.png (576,704,1) 1
048/007/im2.png (576,704,1) 1
048/007/im3.png (576,704,1) 1
048/007/im4.png (576,704,1) 1
048/007/im5.png (576,704,1) 1
048/007/im6.png (576,704,1) 1
048/007/im7.png (576,704,1) 1
048/007/im8.png (576,704,1) 1
048/007/im9.png (576,704,1) 1
048/007/im10.png (576,704,1) 1
048/007/im11.png (576,704,1) 1
048/007/im12.png (576,704,1) 1
048/007/im13.png (576,704,1) 1
048/007/im14.png (576,704,1) 1
048/007/im15.png (576,704,1) 1
048/008/im1.png (576,704,1) 1
048/008/im2.png (576,704,1) 1
048/008/im3.png (576,704,1) 1
048/008/im4.png (576,704,1) 1
048/008/im5.png (576,704,1) 1
048/008/im6.png (576,704,1) 1
048/008/im7.png (576,704,1) 1
048/008/im8.png (576,704,1) 1
048/008/im9.png (576,704,1) 1
048/008/im10.png (576,704,1) 1
048/008/im11.png (576,704,1) 1
048/008/im12.png (576,704,1) 1
048/008/im13.png (576,704,1) 1
048/008/im14.png (576,704,1) 1
048/008/im15.png (576,704,1) 1
048/009/im1.png (576,704,1) 1
048/009/im2.png (576,704,1) 1
048/009/im3.png (576,704,1) 1
048/009/im4.png (576,704,1) 1
048/009/im5.png (576,704,1) 1
048/009/im6.png (576,704,1) 1
048/009/im7.png (576,704,1) 1
048/009/im8.png (576,704,1) 1
048/009/im9.png (576,704,1) 1
048/009/im10.png (576,704,1) 1
048/009/im11.png (576,704,1) 1
048/009/im12.png (576,704,1) 1
048/009/im13.png (576,704,1) 1
048/009/im14.png (576,704,1) 1
048/009/im15.png (576,704,1) 1
048/010/im1.png (576,704,1) 1
048/010/im2.png (576,704,1) 1
048/010/im3.png (576,704,1) 1
048/010/im4.png (576,704,1) 1
048/010/im5.png (576,704,1) 1
048/010/im6.png (576,704,1) 1
048/010/im7.png (576,704,1) 1
048/010/im8.png (576,704,1) 1
048/010/im9.png (576,704,1) 1
048/010/im10.png (576,704,1) 1
048/010/im11.png (576,704,1) 1
048/010/im12.png (576,704,1) 1
048/010/im13.png (576,704,1) 1
048/010/im14.png (576,704,1) 1
048/010/im15.png (576,704,1) 1
048/011/im1.png (576,704,1) 1
048/011/im2.png (576,704,1) 1
048/011/im3.png (576,704,1) 1
048/011/im4.png (576,704,1) 1
048/011/im5.png (576,704,1) 1
048/011/im6.png (576,704,1) 1
048/011/im7.png (576,704,1) 1
048/011/im8.png (576,704,1) 1
048/011/im9.png (576,704,1) 1
048/011/im10.png (576,704,1) 1
048/011/im11.png (576,704,1) 1
048/011/im12.png (576,704,1) 1
048/011/im13.png (576,704,1) 1
048/011/im14.png (576,704,1) 1
048/011/im15.png (576,704,1) 1
048/012/im1.png (576,704,1) 1
048/012/im2.png (576,704,1) 1
048/012/im3.png (576,704,1) 1
048/012/im4.png (576,704,1) 1
048/012/im5.png (576,704,1) 1
048/012/im6.png (576,704,1) 1
048/012/im7.png (576,704,1) 1
048/012/im8.png (576,704,1) 1
048/012/im9.png (576,704,1) 1
048/012/im10.png (576,704,1) 1
048/012/im11.png (576,704,1) 1
048/012/im12.png (576,704,1) 1
048/012/im13.png (576,704,1) 1
048/012/im14.png (576,704,1) 1
048/012/im15.png (576,704,1) 1
048/013/im1.png (576,704,1) 1
048/013/im2.png (576,704,1) 1
048/013/im3.png (576,704,1) 1
048/013/im4.png (576,704,1) 1
048/013/im5.png (576,704,1) 1
048/013/im6.png (576,704,1) 1
048/013/im7.png (576,704,1) 1
048/013/im8.png (576,704,1) 1
048/013/im9.png (576,704,1) 1
048/013/im10.png (576,704,1) 1
048/013/im11.png (576,704,1) 1
048/013/im12.png (576,704,1) 1
048/013/im13.png (576,704,1) 1
048/013/im14.png (576,704,1) 1
048/013/im15.png (576,704,1) 1
048/014/im1.png (576,704,1) 1
048/014/im2.png (576,704,1) 1
048/014/im3.png (576,704,1) 1
048/014/im4.png (576,704,1) 1
048/014/im5.png (576,704,1) 1
048/014/im6.png (576,704,1) 1
048/014/im7.png (576,704,1) 1
048/014/im8.png (576,704,1) 1
048/014/im9.png (576,704,1) 1
048/014/im10.png (576,704,1) 1
048/014/im11.png (576,704,1) 1
048/014/im12.png (576,704,1) 1
048/014/im13.png (576,704,1) 1
048/014/im14.png (576,704,1) 1
048/014/im15.png (576,704,1) 1
048/015/im1.png (576,704,1) 1
048/015/im2.png (576,704,1) 1
048/015/im3.png (576,704,1) 1
048/015/im4.png (576,704,1) 1
048/015/im5.png (576,704,1) 1
048/015/im6.png (576,704,1) 1
048/015/im7.png (576,704,1) 1
048/015/im8.png (576,704,1) 1
048/015/im9.png (576,704,1) 1
048/015/im10.png (576,704,1) 1
048/015/im11.png (576,704,1) 1
048/015/im12.png (576,704,1) 1
048/015/im13.png (576,704,1) 1
048/015/im14.png (576,704,1) 1
048/015/im15.png (576,704,1) 1
048/016/im1.png (576,704,1) 1
048/016/im2.png (576,704,1) 1
048/016/im3.png (576,704,1) 1
048/016/im4.png (576,704,1) 1
048/016/im5.png (576,704,1) 1
048/016/im6.png (576,704,1) 1
048/016/im7.png (576,704,1) 1
048/016/im8.png (576,704,1) 1
048/016/im9.png (576,704,1) 1
048/016/im10.png (576,704,1) 1
048/016/im11.png (576,704,1) 1
048/016/im12.png (576,704,1) 1
048/016/im13.png (576,704,1) 1
048/016/im14.png (576,704,1) 1
048/016/im15.png (576,704,1) 1
048/017/im1.png (576,704,1) 1
048/017/im2.png (576,704,1) 1
048/017/im3.png (576,704,1) 1
048/017/im4.png (576,704,1) 1
048/017/im5.png (576,704,1) 1
048/017/im6.png (576,704,1) 1
048/017/im7.png (576,704,1) 1
048/017/im8.png (576,704,1) 1
048/017/im9.png (576,704,1) 1
048/017/im10.png (576,704,1) 1
048/017/im11.png (576,704,1) 1
048/017/im12.png (576,704,1) 1
048/017/im13.png (576,704,1) 1
048/017/im14.png (576,704,1) 1
048/017/im15.png (576,704,1) 1
048/018/im1.png (576,704,1) 1
048/018/im2.png (576,704,1) 1
048/018/im3.png (576,704,1) 1
048/018/im4.png (576,704,1) 1
048/018/im5.png (576,704,1) 1
048/018/im6.png (576,704,1) 1
048/018/im7.png (576,704,1) 1
048/018/im8.png (576,704,1) 1
048/018/im9.png (576,704,1) 1
048/018/im10.png (576,704,1) 1
048/018/im11.png (576,704,1) 1
048/018/im12.png (576,704,1) 1
048/018/im13.png (576,704,1) 1
048/018/im14.png (576,704,1) 1
048/018/im15.png (576,704,1) 1
048/019/im1.png (576,704,1) 1
048/019/im2.png (576,704,1) 1
048/019/im3.png (576,704,1) 1
048/019/im4.png (576,704,1) 1
048/019/im5.png (576,704,1) 1
048/019/im6.png (576,704,1) 1
048/019/im7.png (576,704,1) 1
048/019/im8.png (576,704,1) 1
048/019/im9.png (576,704,1) 1
048/019/im10.png (576,704,1) 1
048/019/im11.png (576,704,1) 1
048/019/im12.png (576,704,1) 1
048/019/im13.png (576,704,1) 1
048/019/im14.png (576,704,1) 1
048/019/im15.png (576,704,1) 1
048/020/im1.png (576,704,1) 1
048/020/im2.png (576,704,1) 1
048/020/im3.png (576,704,1) 1
048/020/im4.png (576,704,1) 1
048/020/im5.png (576,704,1) 1
048/020/im6.png (576,704,1) 1
048/020/im7.png (576,704,1) 1
048/020/im8.png (576,704,1) 1
048/020/im9.png (576,704,1) 1
048/020/im10.png (576,704,1) 1
048/020/im11.png (576,704,1) 1
048/020/im12.png (576,704,1) 1
048/020/im13.png (576,704,1) 1
048/020/im14.png (576,704,1) 1
048/020/im15.png (576,704,1) 1
049/001/im1.png (1080,1920,1) 1
049/001/im2.png (1080,1920,1) 1
049/001/im3.png (1080,1920,1) 1
049/001/im4.png (1080,1920,1) 1
049/001/im5.png (1080,1920,1) 1
049/001/im6.png (1080,1920,1) 1
049/001/im7.png (1080,1920,1) 1
049/001/im8.png (1080,1920,1) 1
049/001/im9.png (1080,1920,1) 1
049/001/im10.png (1080,1920,1) 1
049/001/im11.png (1080,1920,1) 1
049/001/im12.png (1080,1920,1) 1
049/001/im13.png (1080,1920,1) 1
049/001/im14.png (1080,1920,1) 1
049/001/im15.png (1080,1920,1) 1
049/002/im1.png (1080,1920,1) 1
049/002/im2.png (1080,1920,1) 1
049/002/im3.png (1080,1920,1) 1
049/002/im4.png (1080,1920,1) 1
049/002/im5.png (1080,1920,1) 1
049/002/im6.png (1080,1920,1) 1
049/002/im7.png (1080,1920,1) 1
049/002/im8.png (1080,1920,1) 1
049/002/im9.png (1080,1920,1) 1
049/002/im10.png (1080,1920,1) 1
049/002/im11.png (1080,1920,1) 1
049/002/im12.png (1080,1920,1) 1
049/002/im13.png (1080,1920,1) 1
049/002/im14.png (1080,1920,1) 1
049/002/im15.png (1080,1920,1) 1
049/003/im1.png (1080,1920,1) 1
049/003/im2.png (1080,1920,1) 1
049/003/im3.png (1080,1920,1) 1
049/003/im4.png (1080,1920,1) 1
049/003/im5.png (1080,1920,1) 1
049/003/im6.png (1080,1920,1) 1
049/003/im7.png (1080,1920,1) 1
049/003/im8.png (1080,1920,1) 1
049/003/im9.png (1080,1920,1) 1
049/003/im10.png (1080,1920,1) 1
049/003/im11.png (1080,1920,1) 1
049/003/im12.png (1080,1920,1) 1
049/003/im13.png (1080,1920,1) 1
049/003/im14.png (1080,1920,1) 1
049/003/im15.png (1080,1920,1) 1
049/004/im1.png (1080,1920,1) 1
049/004/im2.png (1080,1920,1) 1
049/004/im3.png (1080,1920,1) 1
049/004/im4.png (1080,1920,1) 1
049/004/im5.png (1080,1920,1) 1
049/004/im6.png (1080,1920,1) 1
049/004/im7.png (1080,1920,1) 1
049/004/im8.png (1080,1920,1) 1
049/004/im9.png (1080,1920,1) 1
049/004/im10.png (1080,1920,1) 1
049/004/im11.png (1080,1920,1) 1
049/004/im12.png (1080,1920,1) 1
049/004/im13.png (1080,1920,1) 1
049/004/im14.png (1080,1920,1) 1
049/004/im15.png (1080,1920,1) 1
049/005/im1.png (1080,1920,1) 1
049/005/im2.png (1080,1920,1) 1
049/005/im3.png (1080,1920,1) 1
049/005/im4.png (1080,1920,1) 1
049/005/im5.png (1080,1920,1) 1
049/005/im6.png (1080,1920,1) 1
049/005/im7.png (1080,1920,1) 1
049/005/im8.png (1080,1920,1) 1
049/005/im9.png (1080,1920,1) 1
049/005/im10.png (1080,1920,1) 1
049/005/im11.png (1080,1920,1) 1
049/005/im12.png (1080,1920,1) 1
049/005/im13.png (1080,1920,1) 1
049/005/im14.png (1080,1920,1) 1
049/005/im15.png (1080,1920,1) 1
049/006/im1.png (1080,1920,1) 1
049/006/im2.png (1080,1920,1) 1
049/006/im3.png (1080,1920,1) 1
049/006/im4.png (1080,1920,1) 1
049/006/im5.png (1080,1920,1) 1
049/006/im6.png (1080,1920,1) 1
049/006/im7.png (1080,1920,1) 1
049/006/im8.png (1080,1920,1) 1
049/006/im9.png (1080,1920,1) 1
049/006/im10.png (1080,1920,1) 1
049/006/im11.png (1080,1920,1) 1
049/006/im12.png (1080,1920,1) 1
049/006/im13.png (1080,1920,1) 1
049/006/im14.png (1080,1920,1) 1
049/006/im15.png (1080,1920,1) 1
049/007/im1.png (1080,1920,1) 1
049/007/im2.png (1080,1920,1) 1
049/007/im3.png (1080,1920,1) 1
049/007/im4.png (1080,1920,1) 1
049/007/im5.png (1080,1920,1) 1
049/007/im6.png (1080,1920,1) 1
049/007/im7.png (1080,1920,1) 1
049/007/im8.png (1080,1920,1) 1
049/007/im9.png (1080,1920,1) 1
049/007/im10.png (1080,1920,1) 1
049/007/im11.png (1080,1920,1) 1
049/007/im12.png (1080,1920,1) 1
049/007/im13.png (1080,1920,1) 1
049/007/im14.png (1080,1920,1) 1
049/007/im15.png (1080,1920,1) 1
049/008/im1.png (1080,1920,1) 1
049/008/im2.png (1080,1920,1) 1
049/008/im3.png (1080,1920,1) 1
049/008/im4.png (1080,1920,1) 1
049/008/im5.png (1080,1920,1) 1
049/008/im6.png (1080,1920,1) 1
049/008/im7.png (1080,1920,1) 1
049/008/im8.png (1080,1920,1) 1
049/008/im9.png (1080,1920,1) 1
049/008/im10.png (1080,1920,1) 1
049/008/im11.png (1080,1920,1) 1
049/008/im12.png (1080,1920,1) 1
049/008/im13.png (1080,1920,1) 1
049/008/im14.png (1080,1920,1) 1
049/008/im15.png (1080,1920,1) 1
049/009/im1.png (1080,1920,1) 1
049/009/im2.png (1080,1920,1) 1
049/009/im3.png (1080,1920,1) 1
049/009/im4.png (1080,1920,1) 1
049/009/im5.png (1080,1920,1) 1
049/009/im6.png (1080,1920,1) 1
049/009/im7.png (1080,1920,1) 1
049/009/im8.png (1080,1920,1) 1
049/009/im9.png (1080,1920,1) 1
049/009/im10.png (1080,1920,1) 1
049/009/im11.png (1080,1920,1) 1
049/009/im12.png (1080,1920,1) 1
049/009/im13.png (1080,1920,1) 1
049/009/im14.png (1080,1920,1) 1
049/009/im15.png (1080,1920,1) 1
049/010/im1.png (1080,1920,1) 1
049/010/im2.png (1080,1920,1) 1
049/010/im3.png (1080,1920,1) 1
049/010/im4.png (1080,1920,1) 1
049/010/im5.png (1080,1920,1) 1
049/010/im6.png (1080,1920,1) 1
049/010/im7.png (1080,1920,1) 1
049/010/im8.png (1080,1920,1) 1
049/010/im9.png (1080,1920,1) 1
049/010/im10.png (1080,1920,1) 1
049/010/im11.png (1080,1920,1) 1
049/010/im12.png (1080,1920,1) 1
049/010/im13.png (1080,1920,1) 1
049/010/im14.png (1080,1920,1) 1
049/010/im15.png (1080,1920,1) 1
049/011/im1.png (1080,1920,1) 1
049/011/im2.png (1080,1920,1) 1
049/011/im3.png (1080,1920,1) 1
049/011/im4.png (1080,1920,1) 1
049/011/im5.png (1080,1920,1) 1
049/011/im6.png (1080,1920,1) 1
049/011/im7.png (1080,1920,1) 1
049/011/im8.png (1080,1920,1) 1
049/011/im9.png (1080,1920,1) 1
049/011/im10.png (1080,1920,1) 1
049/011/im11.png (1080,1920,1) 1
049/011/im12.png (1080,1920,1) 1
049/011/im13.png (1080,1920,1) 1
049/011/im14.png (1080,1920,1) 1
049/011/im15.png (1080,1920,1) 1
049/012/im1.png (1080,1920,1) 1
049/012/im2.png (1080,1920,1) 1
049/012/im3.png (1080,1920,1) 1
049/012/im4.png (1080,1920,1) 1
049/012/im5.png (1080,1920,1) 1
049/012/im6.png (1080,1920,1) 1
049/012/im7.png (1080,1920,1) 1
049/012/im8.png (1080,1920,1) 1
049/012/im9.png (1080,1920,1) 1
049/012/im10.png (1080,1920,1) 1
049/012/im11.png (1080,1920,1) 1
049/012/im12.png (1080,1920,1) 1
049/012/im13.png (1080,1920,1) 1
049/012/im14.png (1080,1920,1) 1
049/012/im15.png (1080,1920,1) 1
049/013/im1.png (1080,1920,1) 1
049/013/im2.png (1080,1920,1) 1
049/013/im3.png (1080,1920,1) 1
049/013/im4.png (1080,1920,1) 1
049/013/im5.png (1080,1920,1) 1
049/013/im6.png (1080,1920,1) 1
049/013/im7.png (1080,1920,1) 1
049/013/im8.png (1080,1920,1) 1
049/013/im9.png (1080,1920,1) 1
049/013/im10.png (1080,1920,1) 1
049/013/im11.png (1080,1920,1) 1
049/013/im12.png (1080,1920,1) 1
049/013/im13.png (1080,1920,1) 1
049/013/im14.png (1080,1920,1) 1
049/013/im15.png (1080,1920,1) 1
049/014/im1.png (1080,1920,1) 1
049/014/im2.png (1080,1920,1) 1
049/014/im3.png (1080,1920,1) 1
049/014/im4.png (1080,1920,1) 1
049/014/im5.png (1080,1920,1) 1
049/014/im6.png (1080,1920,1) 1
049/014/im7.png (1080,1920,1) 1
049/014/im8.png (1080,1920,1) 1
049/014/im9.png (1080,1920,1) 1
049/014/im10.png (1080,1920,1) 1
049/014/im11.png (1080,1920,1) 1
049/014/im12.png (1080,1920,1) 1
049/014/im13.png (1080,1920,1) 1
049/014/im14.png (1080,1920,1) 1
049/014/im15.png (1080,1920,1) 1
049/015/im1.png (1080,1920,1) 1
049/015/im2.png (1080,1920,1) 1
049/015/im3.png (1080,1920,1) 1
049/015/im4.png (1080,1920,1) 1
049/015/im5.png (1080,1920,1) 1
049/015/im6.png (1080,1920,1) 1
049/015/im7.png (1080,1920,1) 1
049/015/im8.png (1080,1920,1) 1
049/015/im9.png (1080,1920,1) 1
049/015/im10.png (1080,1920,1) 1
049/015/im11.png (1080,1920,1) 1
049/015/im12.png (1080,1920,1) 1
049/015/im13.png (1080,1920,1) 1
049/015/im14.png (1080,1920,1) 1
049/015/im15.png (1080,1920,1) 1
049/016/im1.png (1080,1920,1) 1
049/016/im2.png (1080,1920,1) 1
049/016/im3.png (1080,1920,1) 1
049/016/im4.png (1080,1920,1) 1
049/016/im5.png (1080,1920,1) 1
049/016/im6.png (1080,1920,1) 1
049/016/im7.png (1080,1920,1) 1
049/016/im8.png (1080,1920,1) 1
049/016/im9.png (1080,1920,1) 1
049/016/im10.png (1080,1920,1) 1
049/016/im11.png (1080,1920,1) 1
049/016/im12.png (1080,1920,1) 1
049/016/im13.png (1080,1920,1) 1
049/016/im14.png (1080,1920,1) 1
049/016/im15.png (1080,1920,1) 1
049/017/im1.png (1080,1920,1) 1
049/017/im2.png (1080,1920,1) 1
049/017/im3.png (1080,1920,1) 1
049/017/im4.png (1080,1920,1) 1
049/017/im5.png (1080,1920,1) 1
049/017/im6.png (1080,1920,1) 1
049/017/im7.png (1080,1920,1) 1
049/017/im8.png (1080,1920,1) 1
049/017/im9.png (1080,1920,1) 1
049/017/im10.png (1080,1920,1) 1
049/017/im11.png (1080,1920,1) 1
049/017/im12.png (1080,1920,1) 1
049/017/im13.png (1080,1920,1) 1
049/017/im14.png (1080,1920,1) 1
049/017/im15.png (1080,1920,1) 1
049/018/im1.png (1080,1920,1) 1
049/018/im2.png (1080,1920,1) 1
049/018/im3.png (1080,1920,1) 1
049/018/im4.png (1080,1920,1) 1
049/018/im5.png (1080,1920,1) 1
049/018/im6.png (1080,1920,1) 1
049/018/im7.png (1080,1920,1) 1
049/018/im8.png (1080,1920,1) 1
049/018/im9.png (1080,1920,1) 1
049/018/im10.png (1080,1920,1) 1
049/018/im11.png (1080,1920,1) 1
049/018/im12.png (1080,1920,1) 1
049/018/im13.png (1080,1920,1) 1
049/018/im14.png (1080,1920,1) 1
049/018/im15.png (1080,1920,1) 1
049/019/im1.png (1080,1920,1) 1
049/019/im2.png (1080,1920,1) 1
049/019/im3.png (1080,1920,1) 1
049/019/im4.png (1080,1920,1) 1
049/019/im5.png (1080,1920,1) 1
049/019/im6.png (1080,1920,1) 1
049/019/im7.png (1080,1920,1) 1
049/019/im8.png (1080,1920,1) 1
049/019/im9.png (1080,1920,1) 1
049/019/im10.png (1080,1920,1) 1
049/019/im11.png (1080,1920,1) 1
049/019/im12.png (1080,1920,1) 1
049/019/im13.png (1080,1920,1) 1
049/019/im14.png (1080,1920,1) 1
049/019/im15.png (1080,1920,1) 1
049/020/im1.png (1080,1920,1) 1
049/020/im2.png (1080,1920,1) 1
049/020/im3.png (1080,1920,1) 1
049/020/im4.png (1080,1920,1) 1
049/020/im5.png (1080,1920,1) 1
049/020/im6.png (1080,1920,1) 1
049/020/im7.png (1080,1920,1) 1
049/020/im8.png (1080,1920,1) 1
049/020/im9.png (1080,1920,1) 1
049/020/im10.png (1080,1920,1) 1
049/020/im11.png (1080,1920,1) 1
049/020/im12.png (1080,1920,1) 1
049/020/im13.png (1080,1920,1) 1
049/020/im14.png (1080,1920,1) 1
049/020/im15.png (1080,1920,1) 1
050/001/im1.png (480,720,1) 1
050/001/im2.png (480,720,1) 1
050/001/im3.png (480,720,1) 1
050/001/im4.png (480,720,1) 1
050/001/im5.png (480,720,1) 1
050/001/im6.png (480,720,1) 1
050/001/im7.png (480,720,1) 1
050/001/im8.png (480,720,1) 1
050/001/im9.png (480,720,1) 1
050/001/im10.png (480,720,1) 1
050/001/im11.png (480,720,1) 1
050/001/im12.png (480,720,1) 1
050/001/im13.png (480,720,1) 1
050/001/im14.png (480,720,1) 1
050/001/im15.png (480,720,1) 1
050/002/im1.png (480,720,1) 1
050/002/im2.png (480,720,1) 1
050/002/im3.png (480,720,1) 1
050/002/im4.png (480,720,1) 1
050/002/im5.png (480,720,1) 1
050/002/im6.png (480,720,1) 1
050/002/im7.png (480,720,1) 1
050/002/im8.png (480,720,1) 1
050/002/im9.png (480,720,1) 1
050/002/im10.png (480,720,1) 1
050/002/im11.png (480,720,1) 1
050/002/im12.png (480,720,1) 1
050/002/im13.png (480,720,1) 1
050/002/im14.png (480,720,1) 1
050/002/im15.png (480,720,1) 1
050/003/im1.png (480,720,1) 1
050/003/im2.png (480,720,1) 1
050/003/im3.png (480,720,1) 1
050/003/im4.png (480,720,1) 1
050/003/im5.png (480,720,1) 1
050/003/im6.png (480,720,1) 1
050/003/im7.png (480,720,1) 1
050/003/im8.png (480,720,1) 1
050/003/im9.png (480,720,1) 1
050/003/im10.png (480,720,1) 1
050/003/im11.png (480,720,1) 1
050/003/im12.png (480,720,1) 1
050/003/im13.png (480,720,1) 1
050/003/im14.png (480,720,1) 1
050/003/im15.png (480,720,1) 1
050/004/im1.png (480,720,1) 1
050/004/im2.png (480,720,1) 1
050/004/im3.png (480,720,1) 1
050/004/im4.png (480,720,1) 1
050/004/im5.png (480,720,1) 1
050/004/im6.png (480,720,1) 1
050/004/im7.png (480,720,1) 1
050/004/im8.png (480,720,1) 1
050/004/im9.png (480,720,1) 1
050/004/im10.png (480,720,1) 1
050/004/im11.png (480,720,1) 1
050/004/im12.png (480,720,1) 1
050/004/im13.png (480,720,1) 1
050/004/im14.png (480,720,1) 1
050/004/im15.png (480,720,1) 1
050/005/im1.png (480,720,1) 1
050/005/im2.png (480,720,1) 1
050/005/im3.png (480,720,1) 1
050/005/im4.png (480,720,1) 1
050/005/im5.png (480,720,1) 1
050/005/im6.png (480,720,1) 1
050/005/im7.png (480,720,1) 1
050/005/im8.png (480,720,1) 1
050/005/im9.png (480,720,1) 1
050/005/im10.png (480,720,1) 1
050/005/im11.png (480,720,1) 1
050/005/im12.png (480,720,1) 1
050/005/im13.png (480,720,1) 1
050/005/im14.png (480,720,1) 1
050/005/im15.png (480,720,1) 1
050/006/im1.png (480,720,1) 1
050/006/im2.png (480,720,1) 1
050/006/im3.png (480,720,1) 1
050/006/im4.png (480,720,1) 1
050/006/im5.png (480,720,1) 1
050/006/im6.png (480,720,1) 1
050/006/im7.png (480,720,1) 1
050/006/im8.png (480,720,1) 1
050/006/im9.png (480,720,1) 1
050/006/im10.png (480,720,1) 1
050/006/im11.png (480,720,1) 1
050/006/im12.png (480,720,1) 1
050/006/im13.png (480,720,1) 1
050/006/im14.png (480,720,1) 1
050/006/im15.png (480,720,1) 1
050/007/im1.png (480,720,1) 1
050/007/im2.png (480,720,1) 1
050/007/im3.png (480,720,1) 1
050/007/im4.png (480,720,1) 1
050/007/im5.png (480,720,1) 1
050/007/im6.png (480,720,1) 1
050/007/im7.png (480,720,1) 1
050/007/im8.png (480,720,1) 1
050/007/im9.png (480,720,1) 1
050/007/im10.png (480,720,1) 1
050/007/im11.png (480,720,1) 1
050/007/im12.png (480,720,1) 1
050/007/im13.png (480,720,1) 1
050/007/im14.png (480,720,1) 1
050/007/im15.png (480,720,1) 1
050/008/im1.png (480,720,1) 1
050/008/im2.png (480,720,1) 1
050/008/im3.png (480,720,1) 1
050/008/im4.png (480,720,1) 1
050/008/im5.png (480,720,1) 1
050/008/im6.png (480,720,1) 1
050/008/im7.png (480,720,1) 1
050/008/im8.png (480,720,1) 1
050/008/im9.png (480,720,1) 1
050/008/im10.png (480,720,1) 1
050/008/im11.png (480,720,1) 1
050/008/im12.png (480,720,1) 1
050/008/im13.png (480,720,1) 1
050/008/im14.png (480,720,1) 1
050/008/im15.png (480,720,1) 1
050/009/im1.png (480,720,1) 1
050/009/im2.png (480,720,1) 1
050/009/im3.png (480,720,1) 1
050/009/im4.png (480,720,1) 1
050/009/im5.png (480,720,1) 1
050/009/im6.png (480,720,1) 1
050/009/im7.png (480,720,1) 1
050/009/im8.png (480,720,1) 1
050/009/im9.png (480,720,1) 1
050/009/im10.png (480,720,1) 1
050/009/im11.png (480,720,1) 1
050/009/im12.png (480,720,1) 1
050/009/im13.png (480,720,1) 1
050/009/im14.png (480,720,1) 1
050/009/im15.png (480,720,1) 1
050/010/im1.png (480,720,1) 1
050/010/im2.png (480,720,1) 1
050/010/im3.png (480,720,1) 1
050/010/im4.png (480,720,1) 1
050/010/im5.png (480,720,1) 1
050/010/im6.png (480,720,1) 1
050/010/im7.png (480,720,1) 1
050/010/im8.png (480,720,1) 1
050/010/im9.png (480,720,1) 1
050/010/im10.png (480,720,1) 1
050/010/im11.png (480,720,1) 1
050/010/im12.png (480,720,1) 1
050/010/im13.png (480,720,1) 1
050/010/im14.png (480,720,1) 1
050/010/im15.png (480,720,1) 1
050/011/im1.png (480,720,1) 1
050/011/im2.png (480,720,1) 1
050/011/im3.png (480,720,1) 1
050/011/im4.png (480,720,1) 1
050/011/im5.png (480,720,1) 1
050/011/im6.png (480,720,1) 1
050/011/im7.png (480,720,1) 1
050/011/im8.png (480,720,1) 1
050/011/im9.png (480,720,1) 1
050/011/im10.png (480,720,1) 1
050/011/im11.png (480,720,1) 1
050/011/im12.png (480,720,1) 1
050/011/im13.png (480,720,1) 1
050/011/im14.png (480,720,1) 1
050/011/im15.png (480,720,1) 1
050/012/im1.png (480,720,1) 1
050/012/im2.png (480,720,1) 1
050/012/im3.png (480,720,1) 1
050/012/im4.png (480,720,1) 1
050/012/im5.png (480,720,1) 1
050/012/im6.png (480,720,1) 1
050/012/im7.png (480,720,1) 1
050/012/im8.png (480,720,1) 1
050/012/im9.png (480,720,1) 1
050/012/im10.png (480,720,1) 1
050/012/im11.png (480,720,1) 1
050/012/im12.png (480,720,1) 1
050/012/im13.png (480,720,1) 1
050/012/im14.png (480,720,1) 1
050/012/im15.png (480,720,1) 1
050/013/im1.png (480,720,1) 1
050/013/im2.png (480,720,1) 1
050/013/im3.png (480,720,1) 1
050/013/im4.png (480,720,1) 1
050/013/im5.png (480,720,1) 1
050/013/im6.png (480,720,1) 1
050/013/im7.png (480,720,1) 1
050/013/im8.png (480,720,1) 1
050/013/im9.png (480,720,1) 1
050/013/im10.png (480,720,1) 1
050/013/im11.png (480,720,1) 1
050/013/im12.png (480,720,1) 1
050/013/im13.png (480,720,1) 1
050/013/im14.png (480,720,1) 1
050/013/im15.png (480,720,1) 1
050/014/im1.png (480,720,1) 1
050/014/im2.png (480,720,1) 1
050/014/im3.png (480,720,1) 1
050/014/im4.png (480,720,1) 1
050/014/im5.png (480,720,1) 1
050/014/im6.png (480,720,1) 1
050/014/im7.png (480,720,1) 1
050/014/im8.png (480,720,1) 1
050/014/im9.png (480,720,1) 1
050/014/im10.png (480,720,1) 1
050/014/im11.png (480,720,1) 1
050/014/im12.png (480,720,1) 1
050/014/im13.png (480,720,1) 1
050/014/im14.png (480,720,1) 1
050/014/im15.png (480,720,1) 1
050/015/im1.png (480,720,1) 1
050/015/im2.png (480,720,1) 1
050/015/im3.png (480,720,1) 1
050/015/im4.png (480,720,1) 1
050/015/im5.png (480,720,1) 1
050/015/im6.png (480,720,1) 1
050/015/im7.png (480,720,1) 1
050/015/im8.png (480,720,1) 1
050/015/im9.png (480,720,1) 1
050/015/im10.png (480,720,1) 1
050/015/im11.png (480,720,1) 1
050/015/im12.png (480,720,1) 1
050/015/im13.png (480,720,1) 1
050/015/im14.png (480,720,1) 1
050/015/im15.png (480,720,1) 1
050/016/im1.png (480,720,1) 1
050/016/im2.png (480,720,1) 1
050/016/im3.png (480,720,1) 1
050/016/im4.png (480,720,1) 1
050/016/im5.png (480,720,1) 1
050/016/im6.png (480,720,1) 1
050/016/im7.png (480,720,1) 1
050/016/im8.png (480,720,1) 1
050/016/im9.png (480,720,1) 1
050/016/im10.png (480,720,1) 1
050/016/im11.png (480,720,1) 1
050/016/im12.png (480,720,1) 1
050/016/im13.png (480,720,1) 1
050/016/im14.png (480,720,1) 1
050/016/im15.png (480,720,1) 1
050/017/im1.png (480,720,1) 1
050/017/im2.png (480,720,1) 1
050/017/im3.png (480,720,1) 1
050/017/im4.png (480,720,1) 1
050/017/im5.png (480,720,1) 1
050/017/im6.png (480,720,1) 1
050/017/im7.png (480,720,1) 1
050/017/im8.png (480,720,1) 1
050/017/im9.png (480,720,1) 1
050/017/im10.png (480,720,1) 1
050/017/im11.png (480,720,1) 1
050/017/im12.png (480,720,1) 1
050/017/im13.png (480,720,1) 1
050/017/im14.png (480,720,1) 1
050/017/im15.png (480,720,1) 1
050/018/im1.png (480,720,1) 1
050/018/im2.png (480,720,1) 1
050/018/im3.png (480,720,1) 1
050/018/im4.png (480,720,1) 1
050/018/im5.png (480,720,1) 1
050/018/im6.png (480,720,1) 1
050/018/im7.png (480,720,1) 1
050/018/im8.png (480,720,1) 1
050/018/im9.png (480,720,1) 1
050/018/im10.png (480,720,1) 1
050/018/im11.png (480,720,1) 1
050/018/im12.png (480,720,1) 1
050/018/im13.png (480,720,1) 1
050/018/im14.png (480,720,1) 1
050/018/im15.png (480,720,1) 1
050/019/im1.png (480,720,1) 1
050/019/im2.png (480,720,1) 1
050/019/im3.png (480,720,1) 1
050/019/im4.png (480,720,1) 1
050/019/im5.png (480,720,1) 1
050/019/im6.png (480,720,1) 1
050/019/im7.png (480,720,1) 1
050/019/im8.png (480,720,1) 1
050/019/im9.png (480,720,1) 1
050/019/im10.png (480,720,1) 1
050/019/im11.png (480,720,1) 1
050/019/im12.png (480,720,1) 1
050/019/im13.png (480,720,1) 1
050/019/im14.png (480,720,1) 1
050/019/im15.png (480,720,1) 1
050/020/im1.png (480,720,1) 1
050/020/im2.png (480,720,1) 1
050/020/im3.png (480,720,1) 1
050/020/im4.png (480,720,1) 1
050/020/im5.png (480,720,1) 1
050/020/im6.png (480,720,1) 1
050/020/im7.png (480,720,1) 1
050/020/im8.png (480,720,1) 1
050/020/im9.png (480,720,1) 1
050/020/im10.png (480,720,1) 1
050/020/im11.png (480,720,1) 1
050/020/im12.png (480,720,1) 1
050/020/im13.png (480,720,1) 1
050/020/im14.png (480,720,1) 1
050/020/im15.png (480,720,1) 1
051/001/im1.png (288,352,1) 1
051/001/im2.png (288,352,1) 1
051/001/im3.png (288,352,1) 1
051/001/im4.png (288,352,1) 1
051/001/im5.png (288,352,1) 1
051/001/im6.png (288,352,1) 1
051/001/im7.png (288,352,1) 1
051/001/im8.png (288,352,1) 1
051/001/im9.png (288,352,1) 1
051/001/im10.png (288,352,1) 1
051/001/im11.png (288,352,1) 1
051/001/im12.png (288,352,1) 1
051/001/im13.png (288,352,1) 1
051/001/im14.png (288,352,1) 1
051/001/im15.png (288,352,1) 1
051/002/im1.png (288,352,1) 1
051/002/im2.png (288,352,1) 1
051/002/im3.png (288,352,1) 1
051/002/im4.png (288,352,1) 1
051/002/im5.png (288,352,1) 1
051/002/im6.png (288,352,1) 1
051/002/im7.png (288,352,1) 1
051/002/im8.png (288,352,1) 1
051/002/im9.png (288,352,1) 1
051/002/im10.png (288,352,1) 1
051/002/im11.png (288,352,1) 1
051/002/im12.png (288,352,1) 1
051/002/im13.png (288,352,1) 1
051/002/im14.png (288,352,1) 1
051/002/im15.png (288,352,1) 1
051/003/im1.png (288,352,1) 1
051/003/im2.png (288,352,1) 1
051/003/im3.png (288,352,1) 1
051/003/im4.png (288,352,1) 1
051/003/im5.png (288,352,1) 1
051/003/im6.png (288,352,1) 1
051/003/im7.png (288,352,1) 1
051/003/im8.png (288,352,1) 1
051/003/im9.png (288,352,1) 1
051/003/im10.png (288,352,1) 1
051/003/im11.png (288,352,1) 1
051/003/im12.png (288,352,1) 1
051/003/im13.png (288,352,1) 1
051/003/im14.png (288,352,1) 1
051/003/im15.png (288,352,1) 1
051/004/im1.png (288,352,1) 1
051/004/im2.png (288,352,1) 1
051/004/im3.png (288,352,1) 1
051/004/im4.png (288,352,1) 1
051/004/im5.png (288,352,1) 1
051/004/im6.png (288,352,1) 1
051/004/im7.png (288,352,1) 1
051/004/im8.png (288,352,1) 1
051/004/im9.png (288,352,1) 1
051/004/im10.png (288,352,1) 1
051/004/im11.png (288,352,1) 1
051/004/im12.png (288,352,1) 1
051/004/im13.png (288,352,1) 1
051/004/im14.png (288,352,1) 1
051/004/im15.png (288,352,1) 1
051/005/im1.png (288,352,1) 1
051/005/im2.png (288,352,1) 1
051/005/im3.png (288,352,1) 1
051/005/im4.png (288,352,1) 1
051/005/im5.png (288,352,1) 1
051/005/im6.png (288,352,1) 1
051/005/im7.png (288,352,1) 1
051/005/im8.png (288,352,1) 1
051/005/im9.png (288,352,1) 1
051/005/im10.png (288,352,1) 1
051/005/im11.png (288,352,1) 1
051/005/im12.png (288,352,1) 1
051/005/im13.png (288,352,1) 1
051/005/im14.png (288,352,1) 1
051/005/im15.png (288,352,1) 1
051/006/im1.png (288,352,1) 1
051/006/im2.png (288,352,1) 1
051/006/im3.png (288,352,1) 1
051/006/im4.png (288,352,1) 1
051/006/im5.png (288,352,1) 1
051/006/im6.png (288,352,1) 1
051/006/im7.png (288,352,1) 1
051/006/im8.png (288,352,1) 1
051/006/im9.png (288,352,1) 1
051/006/im10.png (288,352,1) 1
051/006/im11.png (288,352,1) 1
051/006/im12.png (288,352,1) 1
051/006/im13.png (288,352,1) 1
051/006/im14.png (288,352,1) 1
051/006/im15.png (288,352,1) 1
051/007/im1.png (288,352,1) 1
051/007/im2.png (288,352,1) 1
051/007/im3.png (288,352,1) 1
051/007/im4.png (288,352,1) 1
051/007/im5.png (288,352,1) 1
051/007/im6.png (288,352,1) 1
051/007/im7.png (288,352,1) 1
051/007/im8.png (288,352,1) 1
051/007/im9.png (288,352,1) 1
051/007/im10.png (288,352,1) 1
051/007/im11.png (288,352,1) 1
051/007/im12.png (288,352,1) 1
051/007/im13.png (288,352,1) 1
051/007/im14.png (288,352,1) 1
051/007/im15.png (288,352,1) 1
051/008/im1.png (288,352,1) 1
051/008/im2.png (288,352,1) 1
051/008/im3.png (288,352,1) 1
051/008/im4.png (288,352,1) 1
051/008/im5.png (288,352,1) 1
051/008/im6.png (288,352,1) 1
051/008/im7.png (288,352,1) 1
051/008/im8.png (288,352,1) 1
051/008/im9.png (288,352,1) 1
051/008/im10.png (288,352,1) 1
051/008/im11.png (288,352,1) 1
051/008/im12.png (288,352,1) 1
051/008/im13.png (288,352,1) 1
051/008/im14.png (288,352,1) 1
051/008/im15.png (288,352,1) 1
051/009/im1.png (288,352,1) 1
051/009/im2.png (288,352,1) 1
051/009/im3.png (288,352,1) 1
051/009/im4.png (288,352,1) 1
051/009/im5.png (288,352,1) 1
051/009/im6.png (288,352,1) 1
051/009/im7.png (288,352,1) 1
051/009/im8.png (288,352,1) 1
051/009/im9.png (288,352,1) 1
051/009/im10.png (288,352,1) 1
051/009/im11.png (288,352,1) 1
051/009/im12.png (288,352,1) 1
051/009/im13.png (288,352,1) 1
051/009/im14.png (288,352,1) 1
051/009/im15.png (288,352,1) 1
051/010/im1.png (288,352,1) 1
051/010/im2.png (288,352,1) 1
051/010/im3.png (288,352,1) 1
051/010/im4.png (288,352,1) 1
051/010/im5.png (288,352,1) 1
051/010/im6.png (288,352,1) 1
051/010/im7.png (288,352,1) 1
051/010/im8.png (288,352,1) 1
051/010/im9.png (288,352,1) 1
051/010/im10.png (288,352,1) 1
051/010/im11.png (288,352,1) 1
051/010/im12.png (288,352,1) 1
051/010/im13.png (288,352,1) 1
051/010/im14.png (288,352,1) 1
051/010/im15.png (288,352,1) 1
051/011/im1.png (288,352,1) 1
051/011/im2.png (288,352,1) 1
051/011/im3.png (288,352,1) 1
051/011/im4.png (288,352,1) 1
051/011/im5.png (288,352,1) 1
051/011/im6.png (288,352,1) 1
051/011/im7.png (288,352,1) 1
051/011/im8.png (288,352,1) 1
051/011/im9.png (288,352,1) 1
051/011/im10.png (288,352,1) 1
051/011/im11.png (288,352,1) 1
051/011/im12.png (288,352,1) 1
051/011/im13.png (288,352,1) 1
051/011/im14.png (288,352,1) 1
051/011/im15.png (288,352,1) 1
051/012/im1.png (288,352,1) 1
051/012/im2.png (288,352,1) 1
051/012/im3.png (288,352,1) 1
051/012/im4.png (288,352,1) 1
051/012/im5.png (288,352,1) 1
051/012/im6.png (288,352,1) 1
051/012/im7.png (288,352,1) 1
051/012/im8.png (288,352,1) 1
051/012/im9.png (288,352,1) 1
051/012/im10.png (288,352,1) 1
051/012/im11.png (288,352,1) 1
051/012/im12.png (288,352,1) 1
051/012/im13.png (288,352,1) 1
051/012/im14.png (288,352,1) 1
051/012/im15.png (288,352,1) 1
051/013/im1.png (288,352,1) 1
051/013/im2.png (288,352,1) 1
051/013/im3.png (288,352,1) 1
051/013/im4.png (288,352,1) 1
051/013/im5.png (288,352,1) 1
051/013/im6.png (288,352,1) 1
051/013/im7.png (288,352,1) 1
051/013/im8.png (288,352,1) 1
051/013/im9.png (288,352,1) 1
051/013/im10.png (288,352,1) 1
051/013/im11.png (288,352,1) 1
051/013/im12.png (288,352,1) 1
051/013/im13.png (288,352,1) 1
051/013/im14.png (288,352,1) 1
051/013/im15.png (288,352,1) 1
051/014/im1.png (288,352,1) 1
051/014/im2.png (288,352,1) 1
051/014/im3.png (288,352,1) 1
051/014/im4.png (288,352,1) 1
051/014/im5.png (288,352,1) 1
051/014/im6.png (288,352,1) 1
051/014/im7.png (288,352,1) 1
051/014/im8.png (288,352,1) 1
051/014/im9.png (288,352,1) 1
051/014/im10.png (288,352,1) 1
051/014/im11.png (288,352,1) 1
051/014/im12.png (288,352,1) 1
051/014/im13.png (288,352,1) 1
051/014/im14.png (288,352,1) 1
051/014/im15.png (288,352,1) 1
051/015/im1.png (288,352,1) 1
051/015/im2.png (288,352,1) 1
051/015/im3.png (288,352,1) 1
051/015/im4.png (288,352,1) 1
051/015/im5.png (288,352,1) 1
051/015/im6.png (288,352,1) 1
051/015/im7.png (288,352,1) 1
051/015/im8.png (288,352,1) 1
051/015/im9.png (288,352,1) 1
051/015/im10.png (288,352,1) 1
051/015/im11.png (288,352,1) 1
051/015/im12.png (288,352,1) 1
051/015/im13.png (288,352,1) 1
051/015/im14.png (288,352,1) 1
051/015/im15.png (288,352,1) 1
051/016/im1.png (288,352,1) 1
051/016/im2.png (288,352,1) 1
051/016/im3.png (288,352,1) 1
051/016/im4.png (288,352,1) 1
051/016/im5.png (288,352,1) 1
051/016/im6.png (288,352,1) 1
051/016/im7.png (288,352,1) 1
051/016/im8.png (288,352,1) 1
051/016/im9.png (288,352,1) 1
051/016/im10.png (288,352,1) 1
051/016/im11.png (288,352,1) 1
051/016/im12.png (288,352,1) 1
051/016/im13.png (288,352,1) 1
051/016/im14.png (288,352,1) 1
051/016/im15.png (288,352,1) 1
051/017/im1.png (288,352,1) 1
051/017/im2.png (288,352,1) 1
051/017/im3.png (288,352,1) 1
051/017/im4.png (288,352,1) 1
051/017/im5.png (288,352,1) 1
051/017/im6.png (288,352,1) 1
051/017/im7.png (288,352,1) 1
051/017/im8.png (288,352,1) 1
051/017/im9.png (288,352,1) 1
051/017/im10.png (288,352,1) 1
051/017/im11.png (288,352,1) 1
051/017/im12.png (288,352,1) 1
051/017/im13.png (288,352,1) 1
051/017/im14.png (288,352,1) 1
051/017/im15.png (288,352,1) 1
051/018/im1.png (288,352,1) 1
051/018/im2.png (288,352,1) 1
051/018/im3.png (288,352,1) 1
051/018/im4.png (288,352,1) 1
051/018/im5.png (288,352,1) 1
051/018/im6.png (288,352,1) 1
051/018/im7.png (288,352,1) 1
051/018/im8.png (288,352,1) 1
051/018/im9.png (288,352,1) 1
051/018/im10.png (288,352,1) 1
051/018/im11.png (288,352,1) 1
051/018/im12.png (288,352,1) 1
051/018/im13.png (288,352,1) 1
051/018/im14.png (288,352,1) 1
051/018/im15.png (288,352,1) 1
051/019/im1.png (288,352,1) 1
051/019/im2.png (288,352,1) 1
051/019/im3.png (288,352,1) 1
051/019/im4.png (288,352,1) 1
051/019/im5.png (288,352,1) 1
051/019/im6.png (288,352,1) 1
051/019/im7.png (288,352,1) 1
051/019/im8.png (288,352,1) 1
051/019/im9.png (288,352,1) 1
051/019/im10.png (288,352,1) 1
051/019/im11.png (288,352,1) 1
051/019/im12.png (288,352,1) 1
051/019/im13.png (288,352,1) 1
051/019/im14.png (288,352,1) 1
051/019/im15.png (288,352,1) 1
051/020/im1.png (288,352,1) 1
051/020/im2.png (288,352,1) 1
051/020/im3.png (288,352,1) 1
051/020/im4.png (288,352,1) 1
051/020/im5.png (288,352,1) 1
051/020/im6.png (288,352,1) 1
051/020/im7.png (288,352,1) 1
051/020/im8.png (288,352,1) 1
051/020/im9.png (288,352,1) 1
051/020/im10.png (288,352,1) 1
051/020/im11.png (288,352,1) 1
051/020/im12.png (288,352,1) 1
051/020/im13.png (288,352,1) 1
051/020/im14.png (288,352,1) 1
051/020/im15.png (288,352,1) 1
052/001/im1.png (1080,1920,1) 1
052/001/im2.png (1080,1920,1) 1
052/001/im3.png (1080,1920,1) 1
052/001/im4.png (1080,1920,1) 1
052/001/im5.png (1080,1920,1) 1
052/001/im6.png (1080,1920,1) 1
052/001/im7.png (1080,1920,1) 1
052/001/im8.png (1080,1920,1) 1
052/001/im9.png (1080,1920,1) 1
052/001/im10.png (1080,1920,1) 1
052/001/im11.png (1080,1920,1) 1
052/001/im12.png (1080,1920,1) 1
052/001/im13.png (1080,1920,1) 1
052/001/im14.png (1080,1920,1) 1
052/001/im15.png (1080,1920,1) 1
052/002/im1.png (1080,1920,1) 1
052/002/im2.png (1080,1920,1) 1
052/002/im3.png (1080,1920,1) 1
052/002/im4.png (1080,1920,1) 1
052/002/im5.png (1080,1920,1) 1
052/002/im6.png (1080,1920,1) 1
052/002/im7.png (1080,1920,1) 1
052/002/im8.png (1080,1920,1) 1
052/002/im9.png (1080,1920,1) 1
052/002/im10.png (1080,1920,1) 1
052/002/im11.png (1080,1920,1) 1
052/002/im12.png (1080,1920,1) 1
052/002/im13.png (1080,1920,1) 1
052/002/im14.png (1080,1920,1) 1
052/002/im15.png (1080,1920,1) 1
052/003/im1.png (1080,1920,1) 1
052/003/im2.png (1080,1920,1) 1
052/003/im3.png (1080,1920,1) 1
052/003/im4.png (1080,1920,1) 1
052/003/im5.png (1080,1920,1) 1
052/003/im6.png (1080,1920,1) 1
052/003/im7.png (1080,1920,1) 1
052/003/im8.png (1080,1920,1) 1
052/003/im9.png (1080,1920,1) 1
052/003/im10.png (1080,1920,1) 1
052/003/im11.png (1080,1920,1) 1
052/003/im12.png (1080,1920,1) 1
052/003/im13.png (1080,1920,1) 1
052/003/im14.png (1080,1920,1) 1
052/003/im15.png (1080,1920,1) 1
052/004/im1.png (1080,1920,1) 1
052/004/im2.png (1080,1920,1) 1
052/004/im3.png (1080,1920,1) 1
052/004/im4.png (1080,1920,1) 1
052/004/im5.png (1080,1920,1) 1
052/004/im6.png (1080,1920,1) 1
052/004/im7.png (1080,1920,1) 1
052/004/im8.png (1080,1920,1) 1
052/004/im9.png (1080,1920,1) 1
052/004/im10.png (1080,1920,1) 1
052/004/im11.png (1080,1920,1) 1
052/004/im12.png (1080,1920,1) 1
052/004/im13.png (1080,1920,1) 1
052/004/im14.png (1080,1920,1) 1
052/004/im15.png (1080,1920,1) 1
052/005/im1.png (1080,1920,1) 1
052/005/im2.png (1080,1920,1) 1
052/005/im3.png (1080,1920,1) 1
052/005/im4.png (1080,1920,1) 1
052/005/im5.png (1080,1920,1) 1
052/005/im6.png (1080,1920,1) 1
052/005/im7.png (1080,1920,1) 1
052/005/im8.png (1080,1920,1) 1
052/005/im9.png (1080,1920,1) 1
052/005/im10.png (1080,1920,1) 1
052/005/im11.png (1080,1920,1) 1
052/005/im12.png (1080,1920,1) 1
052/005/im13.png (1080,1920,1) 1
052/005/im14.png (1080,1920,1) 1
052/005/im15.png (1080,1920,1) 1
052/006/im1.png (1080,1920,1) 1
052/006/im2.png (1080,1920,1) 1
052/006/im3.png (1080,1920,1) 1
052/006/im4.png (1080,1920,1) 1
052/006/im5.png (1080,1920,1) 1
052/006/im6.png (1080,1920,1) 1
052/006/im7.png (1080,1920,1) 1
052/006/im8.png (1080,1920,1) 1
052/006/im9.png (1080,1920,1) 1
052/006/im10.png (1080,1920,1) 1
052/006/im11.png (1080,1920,1) 1
052/006/im12.png (1080,1920,1) 1
052/006/im13.png (1080,1920,1) 1
052/006/im14.png (1080,1920,1) 1
052/006/im15.png (1080,1920,1) 1
052/007/im1.png (1080,1920,1) 1
052/007/im2.png (1080,1920,1) 1
052/007/im3.png (1080,1920,1) 1
052/007/im4.png (1080,1920,1) 1
052/007/im5.png (1080,1920,1) 1
052/007/im6.png (1080,1920,1) 1
052/007/im7.png (1080,1920,1) 1
052/007/im8.png (1080,1920,1) 1
052/007/im9.png (1080,1920,1) 1
052/007/im10.png (1080,1920,1) 1
052/007/im11.png (1080,1920,1) 1
052/007/im12.png (1080,1920,1) 1
052/007/im13.png (1080,1920,1) 1
052/007/im14.png (1080,1920,1) 1
052/007/im15.png (1080,1920,1) 1
052/008/im1.png (1080,1920,1) 1
052/008/im2.png (1080,1920,1) 1
052/008/im3.png (1080,1920,1) 1
052/008/im4.png (1080,1920,1) 1
052/008/im5.png (1080,1920,1) 1
052/008/im6.png (1080,1920,1) 1
052/008/im7.png (1080,1920,1) 1
052/008/im8.png (1080,1920,1) 1
052/008/im9.png (1080,1920,1) 1
052/008/im10.png (1080,1920,1) 1
052/008/im11.png (1080,1920,1) 1
052/008/im12.png (1080,1920,1) 1
052/008/im13.png (1080,1920,1) 1
052/008/im14.png (1080,1920,1) 1
052/008/im15.png (1080,1920,1) 1
052/009/im1.png (1080,1920,1) 1
052/009/im2.png (1080,1920,1) 1
052/009/im3.png (1080,1920,1) 1
052/009/im4.png (1080,1920,1) 1
052/009/im5.png (1080,1920,1) 1
052/009/im6.png (1080,1920,1) 1
052/009/im7.png (1080,1920,1) 1
052/009/im8.png (1080,1920,1) 1
052/009/im9.png (1080,1920,1) 1
052/009/im10.png (1080,1920,1) 1
052/009/im11.png (1080,1920,1) 1
052/009/im12.png (1080,1920,1) 1
052/009/im13.png (1080,1920,1) 1
052/009/im14.png (1080,1920,1) 1
052/009/im15.png (1080,1920,1) 1
052/010/im1.png (1080,1920,1) 1
052/010/im2.png (1080,1920,1) 1
052/010/im3.png (1080,1920,1) 1
052/010/im4.png (1080,1920,1) 1
052/010/im5.png (1080,1920,1) 1
052/010/im6.png (1080,1920,1) 1
052/010/im7.png (1080,1920,1) 1
052/010/im8.png (1080,1920,1) 1
052/010/im9.png (1080,1920,1) 1
052/010/im10.png (1080,1920,1) 1
052/010/im11.png (1080,1920,1) 1
052/010/im12.png (1080,1920,1) 1
052/010/im13.png (1080,1920,1) 1
052/010/im14.png (1080,1920,1) 1
052/010/im15.png (1080,1920,1) 1
053/001/im1.png (480,720,1) 1
053/001/im2.png (480,720,1) 1
053/001/im3.png (480,720,1) 1
053/001/im4.png (480,720,1) 1
053/001/im5.png (480,720,1) 1
053/001/im6.png (480,720,1) 1
053/001/im7.png (480,720,1) 1
053/001/im8.png (480,720,1) 1
053/001/im9.png (480,720,1) 1
053/001/im10.png (480,720,1) 1
053/001/im11.png (480,720,1) 1
053/001/im12.png (480,720,1) 1
053/001/im13.png (480,720,1) 1
053/001/im14.png (480,720,1) 1
053/001/im15.png (480,720,1) 1
053/002/im1.png (480,720,1) 1
053/002/im2.png (480,720,1) 1
053/002/im3.png (480,720,1) 1
053/002/im4.png (480,720,1) 1
053/002/im5.png (480,720,1) 1
053/002/im6.png (480,720,1) 1
053/002/im7.png (480,720,1) 1
053/002/im8.png (480,720,1) 1
053/002/im9.png (480,720,1) 1
053/002/im10.png (480,720,1) 1
053/002/im11.png (480,720,1) 1
053/002/im12.png (480,720,1) 1
053/002/im13.png (480,720,1) 1
053/002/im14.png (480,720,1) 1
053/002/im15.png (480,720,1) 1
053/003/im1.png (480,720,1) 1
053/003/im2.png (480,720,1) 1
053/003/im3.png (480,720,1) 1
053/003/im4.png (480,720,1) 1
053/003/im5.png (480,720,1) 1
053/003/im6.png (480,720,1) 1
053/003/im7.png (480,720,1) 1
053/003/im8.png (480,720,1) 1
053/003/im9.png (480,720,1) 1
053/003/im10.png (480,720,1) 1
053/003/im11.png (480,720,1) 1
053/003/im12.png (480,720,1) 1
053/003/im13.png (480,720,1) 1
053/003/im14.png (480,720,1) 1
053/003/im15.png (480,720,1) 1
053/004/im1.png (480,720,1) 1
053/004/im2.png (480,720,1) 1
053/004/im3.png (480,720,1) 1
053/004/im4.png (480,720,1) 1
053/004/im5.png (480,720,1) 1
053/004/im6.png (480,720,1) 1
053/004/im7.png (480,720,1) 1
053/004/im8.png (480,720,1) 1
053/004/im9.png (480,720,1) 1
053/004/im10.png (480,720,1) 1
053/004/im11.png (480,720,1) 1
053/004/im12.png (480,720,1) 1
053/004/im13.png (480,720,1) 1
053/004/im14.png (480,720,1) 1
053/004/im15.png (480,720,1) 1
053/005/im1.png (480,720,1) 1
053/005/im2.png (480,720,1) 1
053/005/im3.png (480,720,1) 1
053/005/im4.png (480,720,1) 1
053/005/im5.png (480,720,1) 1
053/005/im6.png (480,720,1) 1
053/005/im7.png (480,720,1) 1
053/005/im8.png (480,720,1) 1
053/005/im9.png (480,720,1) 1
053/005/im10.png (480,720,1) 1
053/005/im11.png (480,720,1) 1
053/005/im12.png (480,720,1) 1
053/005/im13.png (480,720,1) 1
053/005/im14.png (480,720,1) 1
053/005/im15.png (480,720,1) 1
053/006/im1.png (480,720,1) 1
053/006/im2.png (480,720,1) 1
053/006/im3.png (480,720,1) 1
053/006/im4.png (480,720,1) 1
053/006/im5.png (480,720,1) 1
053/006/im6.png (480,720,1) 1
053/006/im7.png (480,720,1) 1
053/006/im8.png (480,720,1) 1
053/006/im9.png (480,720,1) 1
053/006/im10.png (480,720,1) 1
053/006/im11.png (480,720,1) 1
053/006/im12.png (480,720,1) 1
053/006/im13.png (480,720,1) 1
053/006/im14.png (480,720,1) 1
053/006/im15.png (480,720,1) 1
053/007/im1.png (480,720,1) 1
053/007/im2.png (480,720,1) 1
053/007/im3.png (480,720,1) 1
053/007/im4.png (480,720,1) 1
053/007/im5.png (480,720,1) 1
053/007/im6.png (480,720,1) 1
053/007/im7.png (480,720,1) 1
053/007/im8.png (480,720,1) 1
053/007/im9.png (480,720,1) 1
053/007/im10.png (480,720,1) 1
053/007/im11.png (480,720,1) 1
053/007/im12.png (480,720,1) 1
053/007/im13.png (480,720,1) 1
053/007/im14.png (480,720,1) 1
053/007/im15.png (480,720,1) 1
053/008/im1.png (480,720,1) 1
053/008/im2.png (480,720,1) 1
053/008/im3.png (480,720,1) 1
053/008/im4.png (480,720,1) 1
053/008/im5.png (480,720,1) 1
053/008/im6.png (480,720,1) 1
053/008/im7.png (480,720,1) 1
053/008/im8.png (480,720,1) 1
053/008/im9.png (480,720,1) 1
053/008/im10.png (480,720,1) 1
053/008/im11.png (480,720,1) 1
053/008/im12.png (480,720,1) 1
053/008/im13.png (480,720,1) 1
053/008/im14.png (480,720,1) 1
053/008/im15.png (480,720,1) 1
053/009/im1.png (480,720,1) 1
053/009/im2.png (480,720,1) 1
053/009/im3.png (480,720,1) 1
053/009/im4.png (480,720,1) 1
053/009/im5.png (480,720,1) 1
053/009/im6.png (480,720,1) 1
053/009/im7.png (480,720,1) 1
053/009/im8.png (480,720,1) 1
053/009/im9.png (480,720,1) 1
053/009/im10.png (480,720,1) 1
053/009/im11.png (480,720,1) 1
053/009/im12.png (480,720,1) 1
053/009/im13.png (480,720,1) 1
053/009/im14.png (480,720,1) 1
053/009/im15.png (480,720,1) 1
053/010/im1.png (480,720,1) 1
053/010/im2.png (480,720,1) 1
053/010/im3.png (480,720,1) 1
053/010/im4.png (480,720,1) 1
053/010/im5.png (480,720,1) 1
053/010/im6.png (480,720,1) 1
053/010/im7.png (480,720,1) 1
053/010/im8.png (480,720,1) 1
053/010/im9.png (480,720,1) 1
053/010/im10.png (480,720,1) 1
053/010/im11.png (480,720,1) 1
053/010/im12.png (480,720,1) 1
053/010/im13.png (480,720,1) 1
053/010/im14.png (480,720,1) 1
053/010/im15.png (480,720,1) 1
053/011/im1.png (480,720,1) 1
053/011/im2.png (480,720,1) 1
053/011/im3.png (480,720,1) 1
053/011/im4.png (480,720,1) 1
053/011/im5.png (480,720,1) 1
053/011/im6.png (480,720,1) 1
053/011/im7.png (480,720,1) 1
053/011/im8.png (480,720,1) 1
053/011/im9.png (480,720,1) 1
053/011/im10.png (480,720,1) 1
053/011/im11.png (480,720,1) 1
053/011/im12.png (480,720,1) 1
053/011/im13.png (480,720,1) 1
053/011/im14.png (480,720,1) 1
053/011/im15.png (480,720,1) 1
053/012/im1.png (480,720,1) 1
053/012/im2.png (480,720,1) 1
053/012/im3.png (480,720,1) 1
053/012/im4.png (480,720,1) 1
053/012/im5.png (480,720,1) 1
053/012/im6.png (480,720,1) 1
053/012/im7.png (480,720,1) 1
053/012/im8.png (480,720,1) 1
053/012/im9.png (480,720,1) 1
053/012/im10.png (480,720,1) 1
053/012/im11.png (480,720,1) 1
053/012/im12.png (480,720,1) 1
053/012/im13.png (480,720,1) 1
053/012/im14.png (480,720,1) 1
053/012/im15.png (480,720,1) 1
053/013/im1.png (480,720,1) 1
053/013/im2.png (480,720,1) 1
053/013/im3.png (480,720,1) 1
053/013/im4.png (480,720,1) 1
053/013/im5.png (480,720,1) 1
053/013/im6.png (480,720,1) 1
053/013/im7.png (480,720,1) 1
053/013/im8.png (480,720,1) 1
053/013/im9.png (480,720,1) 1
053/013/im10.png (480,720,1) 1
053/013/im11.png (480,720,1) 1
053/013/im12.png (480,720,1) 1
053/013/im13.png (480,720,1) 1
053/013/im14.png (480,720,1) 1
053/013/im15.png (480,720,1) 1
053/014/im1.png (480,720,1) 1
053/014/im2.png (480,720,1) 1
053/014/im3.png (480,720,1) 1
053/014/im4.png (480,720,1) 1
053/014/im5.png (480,720,1) 1
053/014/im6.png (480,720,1) 1
053/014/im7.png (480,720,1) 1
053/014/im8.png (480,720,1) 1
053/014/im9.png (480,720,1) 1
053/014/im10.png (480,720,1) 1
053/014/im11.png (480,720,1) 1
053/014/im12.png (480,720,1) 1
053/014/im13.png (480,720,1) 1
053/014/im14.png (480,720,1) 1
053/014/im15.png (480,720,1) 1
053/015/im1.png (480,720,1) 1
053/015/im2.png (480,720,1) 1
053/015/im3.png (480,720,1) 1
053/015/im4.png (480,720,1) 1
053/015/im5.png (480,720,1) 1
053/015/im6.png (480,720,1) 1
053/015/im7.png (480,720,1) 1
053/015/im8.png (480,720,1) 1
053/015/im9.png (480,720,1) 1
053/015/im10.png (480,720,1) 1
053/015/im11.png (480,720,1) 1
053/015/im12.png (480,720,1) 1
053/015/im13.png (480,720,1) 1
053/015/im14.png (480,720,1) 1
053/015/im15.png (480,720,1) 1
053/016/im1.png (480,720,1) 1
053/016/im2.png (480,720,1) 1
053/016/im3.png (480,720,1) 1
053/016/im4.png (480,720,1) 1
053/016/im5.png (480,720,1) 1
053/016/im6.png (480,720,1) 1
053/016/im7.png (480,720,1) 1
053/016/im8.png (480,720,1) 1
053/016/im9.png (480,720,1) 1
053/016/im10.png (480,720,1) 1
053/016/im11.png (480,720,1) 1
053/016/im12.png (480,720,1) 1
053/016/im13.png (480,720,1) 1
053/016/im14.png (480,720,1) 1
053/016/im15.png (480,720,1) 1
053/017/im1.png (480,720,1) 1
053/017/im2.png (480,720,1) 1
053/017/im3.png (480,720,1) 1
053/017/im4.png (480,720,1) 1
053/017/im5.png (480,720,1) 1
053/017/im6.png (480,720,1) 1
053/017/im7.png (480,720,1) 1
053/017/im8.png (480,720,1) 1
053/017/im9.png (480,720,1) 1
053/017/im10.png (480,720,1) 1
053/017/im11.png (480,720,1) 1
053/017/im12.png (480,720,1) 1
053/017/im13.png (480,720,1) 1
053/017/im14.png (480,720,1) 1
053/017/im15.png (480,720,1) 1
053/018/im1.png (480,720,1) 1
053/018/im2.png (480,720,1) 1
053/018/im3.png (480,720,1) 1
053/018/im4.png (480,720,1) 1
053/018/im5.png (480,720,1) 1
053/018/im6.png (480,720,1) 1
053/018/im7.png (480,720,1) 1
053/018/im8.png (480,720,1) 1
053/018/im9.png (480,720,1) 1
053/018/im10.png (480,720,1) 1
053/018/im11.png (480,720,1) 1
053/018/im12.png (480,720,1) 1
053/018/im13.png (480,720,1) 1
053/018/im14.png (480,720,1) 1
053/018/im15.png (480,720,1) 1
053/019/im1.png (480,720,1) 1
053/019/im2.png (480,720,1) 1
053/019/im3.png (480,720,1) 1
053/019/im4.png (480,720,1) 1
053/019/im5.png (480,720,1) 1
053/019/im6.png (480,720,1) 1
053/019/im7.png (480,720,1) 1
053/019/im8.png (480,720,1) 1
053/019/im9.png (480,720,1) 1
053/019/im10.png (480,720,1) 1
053/019/im11.png (480,720,1) 1
053/019/im12.png (480,720,1) 1
053/019/im13.png (480,720,1) 1
053/019/im14.png (480,720,1) 1
053/019/im15.png (480,720,1) 1
053/020/im1.png (480,720,1) 1
053/020/im2.png (480,720,1) 1
053/020/im3.png (480,720,1) 1
053/020/im4.png (480,720,1) 1
053/020/im5.png (480,720,1) 1
053/020/im6.png (480,720,1) 1
053/020/im7.png (480,720,1) 1
053/020/im8.png (480,720,1) 1
053/020/im9.png (480,720,1) 1
053/020/im10.png (480,720,1) 1
053/020/im11.png (480,720,1) 1
053/020/im12.png (480,720,1) 1
053/020/im13.png (480,720,1) 1
053/020/im14.png (480,720,1) 1
053/020/im15.png (480,720,1) 1
054/001/im1.png (288,352,1) 1
054/001/im2.png (288,352,1) 1
054/001/im3.png (288,352,1) 1
054/001/im4.png (288,352,1) 1
054/001/im5.png (288,352,1) 1
054/001/im6.png (288,352,1) 1
054/001/im7.png (288,352,1) 1
054/001/im8.png (288,352,1) 1
054/001/im9.png (288,352,1) 1
054/001/im10.png (288,352,1) 1
054/001/im11.png (288,352,1) 1
054/001/im12.png (288,352,1) 1
054/001/im13.png (288,352,1) 1
054/001/im14.png (288,352,1) 1
054/001/im15.png (288,352,1) 1
054/002/im1.png (288,352,1) 1
054/002/im2.png (288,352,1) 1
054/002/im3.png (288,352,1) 1
054/002/im4.png (288,352,1) 1
054/002/im5.png (288,352,1) 1
054/002/im6.png (288,352,1) 1
054/002/im7.png (288,352,1) 1
054/002/im8.png (288,352,1) 1
054/002/im9.png (288,352,1) 1
054/002/im10.png (288,352,1) 1
054/002/im11.png (288,352,1) 1
054/002/im12.png (288,352,1) 1
054/002/im13.png (288,352,1) 1
054/002/im14.png (288,352,1) 1
054/002/im15.png (288,352,1) 1
054/003/im1.png (288,352,1) 1
054/003/im2.png (288,352,1) 1
054/003/im3.png (288,352,1) 1
054/003/im4.png (288,352,1) 1
054/003/im5.png (288,352,1) 1
054/003/im6.png (288,352,1) 1
054/003/im7.png (288,352,1) 1
054/003/im8.png (288,352,1) 1
054/003/im9.png (288,352,1) 1
054/003/im10.png (288,352,1) 1
054/003/im11.png (288,352,1) 1
054/003/im12.png (288,352,1) 1
054/003/im13.png (288,352,1) 1
054/003/im14.png (288,352,1) 1
054/003/im15.png (288,352,1) 1
054/004/im1.png (288,352,1) 1
054/004/im2.png (288,352,1) 1
054/004/im3.png (288,352,1) 1
054/004/im4.png (288,352,1) 1
054/004/im5.png (288,352,1) 1
054/004/im6.png (288,352,1) 1
054/004/im7.png (288,352,1) 1
054/004/im8.png (288,352,1) 1
054/004/im9.png (288,352,1) 1
054/004/im10.png (288,352,1) 1
054/004/im11.png (288,352,1) 1
054/004/im12.png (288,352,1) 1
054/004/im13.png (288,352,1) 1
054/004/im14.png (288,352,1) 1
054/004/im15.png (288,352,1) 1
054/005/im1.png (288,352,1) 1
054/005/im2.png (288,352,1) 1
054/005/im3.png (288,352,1) 1
054/005/im4.png (288,352,1) 1
054/005/im5.png (288,352,1) 1
054/005/im6.png (288,352,1) 1
054/005/im7.png (288,352,1) 1
054/005/im8.png (288,352,1) 1
054/005/im9.png (288,352,1) 1
054/005/im10.png (288,352,1) 1
054/005/im11.png (288,352,1) 1
054/005/im12.png (288,352,1) 1
054/005/im13.png (288,352,1) 1
054/005/im14.png (288,352,1) 1
054/005/im15.png (288,352,1) 1
054/006/im1.png (288,352,1) 1
054/006/im2.png (288,352,1) 1
054/006/im3.png (288,352,1) 1
054/006/im4.png (288,352,1) 1
054/006/im5.png (288,352,1) 1
054/006/im6.png (288,352,1) 1
054/006/im7.png (288,352,1) 1
054/006/im8.png (288,352,1) 1
054/006/im9.png (288,352,1) 1
054/006/im10.png (288,352,1) 1
054/006/im11.png (288,352,1) 1
054/006/im12.png (288,352,1) 1
054/006/im13.png (288,352,1) 1
054/006/im14.png (288,352,1) 1
054/006/im15.png (288,352,1) 1
054/007/im1.png (288,352,1) 1
054/007/im2.png (288,352,1) 1
054/007/im3.png (288,352,1) 1
054/007/im4.png (288,352,1) 1
054/007/im5.png (288,352,1) 1
054/007/im6.png (288,352,1) 1
054/007/im7.png (288,352,1) 1
054/007/im8.png (288,352,1) 1
054/007/im9.png (288,352,1) 1
054/007/im10.png (288,352,1) 1
054/007/im11.png (288,352,1) 1
054/007/im12.png (288,352,1) 1
054/007/im13.png (288,352,1) 1
054/007/im14.png (288,352,1) 1
054/007/im15.png (288,352,1) 1
054/008/im1.png (288,352,1) 1
054/008/im2.png (288,352,1) 1
054/008/im3.png (288,352,1) 1
054/008/im4.png (288,352,1) 1
054/008/im5.png (288,352,1) 1
054/008/im6.png (288,352,1) 1
054/008/im7.png (288,352,1) 1
054/008/im8.png (288,352,1) 1
054/008/im9.png (288,352,1) 1
054/008/im10.png (288,352,1) 1
054/008/im11.png (288,352,1) 1
054/008/im12.png (288,352,1) 1
054/008/im13.png (288,352,1) 1
054/008/im14.png (288,352,1) 1
054/008/im15.png (288,352,1) 1
054/009/im1.png (288,352,1) 1
054/009/im2.png (288,352,1) 1
054/009/im3.png (288,352,1) 1
054/009/im4.png (288,352,1) 1
054/009/im5.png (288,352,1) 1
054/009/im6.png (288,352,1) 1
054/009/im7.png (288,352,1) 1
054/009/im8.png (288,352,1) 1
054/009/im9.png (288,352,1) 1
054/009/im10.png (288,352,1) 1
054/009/im11.png (288,352,1) 1
054/009/im12.png (288,352,1) 1
054/009/im13.png (288,352,1) 1
054/009/im14.png (288,352,1) 1
054/009/im15.png (288,352,1) 1
054/010/im1.png (288,352,1) 1
054/010/im2.png (288,352,1) 1
054/010/im3.png (288,352,1) 1
054/010/im4.png (288,352,1) 1
054/010/im5.png (288,352,1) 1
054/010/im6.png (288,352,1) 1
054/010/im7.png (288,352,1) 1
054/010/im8.png (288,352,1) 1
054/010/im9.png (288,352,1) 1
054/010/im10.png (288,352,1) 1
054/010/im11.png (288,352,1) 1
054/010/im12.png (288,352,1) 1
054/010/im13.png (288,352,1) 1
054/010/im14.png (288,352,1) 1
054/010/im15.png (288,352,1) 1
054/011/im1.png (288,352,1) 1
054/011/im2.png (288,352,1) 1
054/011/im3.png (288,352,1) 1
054/011/im4.png (288,352,1) 1
054/011/im5.png (288,352,1) 1
054/011/im6.png (288,352,1) 1
054/011/im7.png (288,352,1) 1
054/011/im8.png (288,352,1) 1
054/011/im9.png (288,352,1) 1
054/011/im10.png (288,352,1) 1
054/011/im11.png (288,352,1) 1
054/011/im12.png (288,352,1) 1
054/011/im13.png (288,352,1) 1
054/011/im14.png (288,352,1) 1
054/011/im15.png (288,352,1) 1
054/012/im1.png (288,352,1) 1
054/012/im2.png (288,352,1) 1
054/012/im3.png (288,352,1) 1
054/012/im4.png (288,352,1) 1
054/012/im5.png (288,352,1) 1
054/012/im6.png (288,352,1) 1
054/012/im7.png (288,352,1) 1
054/012/im8.png (288,352,1) 1
054/012/im9.png (288,352,1) 1
054/012/im10.png (288,352,1) 1
054/012/im11.png (288,352,1) 1
054/012/im12.png (288,352,1) 1
054/012/im13.png (288,352,1) 1
054/012/im14.png (288,352,1) 1
054/012/im15.png (288,352,1) 1
054/013/im1.png (288,352,1) 1
054/013/im2.png (288,352,1) 1
054/013/im3.png (288,352,1) 1
054/013/im4.png (288,352,1) 1
054/013/im5.png (288,352,1) 1
054/013/im6.png (288,352,1) 1
054/013/im7.png (288,352,1) 1
054/013/im8.png (288,352,1) 1
054/013/im9.png (288,352,1) 1
054/013/im10.png (288,352,1) 1
054/013/im11.png (288,352,1) 1
054/013/im12.png (288,352,1) 1
054/013/im13.png (288,352,1) 1
054/013/im14.png (288,352,1) 1
054/013/im15.png (288,352,1) 1
054/014/im1.png (288,352,1) 1
054/014/im2.png (288,352,1) 1
054/014/im3.png (288,352,1) 1
054/014/im4.png (288,352,1) 1
054/014/im5.png (288,352,1) 1
054/014/im6.png (288,352,1) 1
054/014/im7.png (288,352,1) 1
054/014/im8.png (288,352,1) 1
054/014/im9.png (288,352,1) 1
054/014/im10.png (288,352,1) 1
054/014/im11.png (288,352,1) 1
054/014/im12.png (288,352,1) 1
054/014/im13.png (288,352,1) 1
054/014/im14.png (288,352,1) 1
054/014/im15.png (288,352,1) 1
054/015/im1.png (288,352,1) 1
054/015/im2.png (288,352,1) 1
054/015/im3.png (288,352,1) 1
054/015/im4.png (288,352,1) 1
054/015/im5.png (288,352,1) 1
054/015/im6.png (288,352,1) 1
054/015/im7.png (288,352,1) 1
054/015/im8.png (288,352,1) 1
054/015/im9.png (288,352,1) 1
054/015/im10.png (288,352,1) 1
054/015/im11.png (288,352,1) 1
054/015/im12.png (288,352,1) 1
054/015/im13.png (288,352,1) 1
054/015/im14.png (288,352,1) 1
054/015/im15.png (288,352,1) 1
054/016/im1.png (288,352,1) 1
054/016/im2.png (288,352,1) 1
054/016/im3.png (288,352,1) 1
054/016/im4.png (288,352,1) 1
054/016/im5.png (288,352,1) 1
054/016/im6.png (288,352,1) 1
054/016/im7.png (288,352,1) 1
054/016/im8.png (288,352,1) 1
054/016/im9.png (288,352,1) 1
054/016/im10.png (288,352,1) 1
054/016/im11.png (288,352,1) 1
054/016/im12.png (288,352,1) 1
054/016/im13.png (288,352,1) 1
054/016/im14.png (288,352,1) 1
054/016/im15.png (288,352,1) 1
054/017/im1.png (288,352,1) 1
054/017/im2.png (288,352,1) 1
054/017/im3.png (288,352,1) 1
054/017/im4.png (288,352,1) 1
054/017/im5.png (288,352,1) 1
054/017/im6.png (288,352,1) 1
054/017/im7.png (288,352,1) 1
054/017/im8.png (288,352,1) 1
054/017/im9.png (288,352,1) 1
054/017/im10.png (288,352,1) 1
054/017/im11.png (288,352,1) 1
054/017/im12.png (288,352,1) 1
054/017/im13.png (288,352,1) 1
054/017/im14.png (288,352,1) 1
054/017/im15.png (288,352,1) 1
054/018/im1.png (288,352,1) 1
054/018/im2.png (288,352,1) 1
054/018/im3.png (288,352,1) 1
054/018/im4.png (288,352,1) 1
054/018/im5.png (288,352,1) 1
054/018/im6.png (288,352,1) 1
054/018/im7.png (288,352,1) 1
054/018/im8.png (288,352,1) 1
054/018/im9.png (288,352,1) 1
054/018/im10.png (288,352,1) 1
054/018/im11.png (288,352,1) 1
054/018/im12.png (288,352,1) 1
054/018/im13.png (288,352,1) 1
054/018/im14.png (288,352,1) 1
054/018/im15.png (288,352,1) 1
054/019/im1.png (288,352,1) 1
054/019/im2.png (288,352,1) 1
054/019/im3.png (288,352,1) 1
054/019/im4.png (288,352,1) 1
054/019/im5.png (288,352,1) 1
054/019/im6.png (288,352,1) 1
054/019/im7.png (288,352,1) 1
054/019/im8.png (288,352,1) 1
054/019/im9.png (288,352,1) 1
054/019/im10.png (288,352,1) 1
054/019/im11.png (288,352,1) 1
054/019/im12.png (288,352,1) 1
054/019/im13.png (288,352,1) 1
054/019/im14.png (288,352,1) 1
054/019/im15.png (288,352,1) 1
054/020/im1.png (288,352,1) 1
054/020/im2.png (288,352,1) 1
054/020/im3.png (288,352,1) 1
054/020/im4.png (288,352,1) 1
054/020/im5.png (288,352,1) 1
054/020/im6.png (288,352,1) 1
054/020/im7.png (288,352,1) 1
054/020/im8.png (288,352,1) 1
054/020/im9.png (288,352,1) 1
054/020/im10.png (288,352,1) 1
054/020/im11.png (288,352,1) 1
054/020/im12.png (288,352,1) 1
054/020/im13.png (288,352,1) 1
054/020/im14.png (288,352,1) 1
054/020/im15.png (288,352,1) 1
055/001/im1.png (288,352,1) 1
055/001/im2.png (288,352,1) 1
055/001/im3.png (288,352,1) 1
055/001/im4.png (288,352,1) 1
055/001/im5.png (288,352,1) 1
055/001/im6.png (288,352,1) 1
055/001/im7.png (288,352,1) 1
055/001/im8.png (288,352,1) 1
055/001/im9.png (288,352,1) 1
055/001/im10.png (288,352,1) 1
055/001/im11.png (288,352,1) 1
055/001/im12.png (288,352,1) 1
055/001/im13.png (288,352,1) 1
055/001/im14.png (288,352,1) 1
055/001/im15.png (288,352,1) 1
055/002/im1.png (288,352,1) 1
055/002/im2.png (288,352,1) 1
055/002/im3.png (288,352,1) 1
055/002/im4.png (288,352,1) 1
055/002/im5.png (288,352,1) 1
055/002/im6.png (288,352,1) 1
055/002/im7.png (288,352,1) 1
055/002/im8.png (288,352,1) 1
055/002/im9.png (288,352,1) 1
055/002/im10.png (288,352,1) 1
055/002/im11.png (288,352,1) 1
055/002/im12.png (288,352,1) 1
055/002/im13.png (288,352,1) 1
055/002/im14.png (288,352,1) 1
055/002/im15.png (288,352,1) 1
055/003/im1.png (288,352,1) 1
055/003/im2.png (288,352,1) 1
055/003/im3.png (288,352,1) 1
055/003/im4.png (288,352,1) 1
055/003/im5.png (288,352,1) 1
055/003/im6.png (288,352,1) 1
055/003/im7.png (288,352,1) 1
055/003/im8.png (288,352,1) 1
055/003/im9.png (288,352,1) 1
055/003/im10.png (288,352,1) 1
055/003/im11.png (288,352,1) 1
055/003/im12.png (288,352,1) 1
055/003/im13.png (288,352,1) 1
055/003/im14.png (288,352,1) 1
055/003/im15.png (288,352,1) 1
055/004/im1.png (288,352,1) 1
055/004/im2.png (288,352,1) 1
055/004/im3.png (288,352,1) 1
055/004/im4.png (288,352,1) 1
055/004/im5.png (288,352,1) 1
055/004/im6.png (288,352,1) 1
055/004/im7.png (288,352,1) 1
055/004/im8.png (288,352,1) 1
055/004/im9.png (288,352,1) 1
055/004/im10.png (288,352,1) 1
055/004/im11.png (288,352,1) 1
055/004/im12.png (288,352,1) 1
055/004/im13.png (288,352,1) 1
055/004/im14.png (288,352,1) 1
055/004/im15.png (288,352,1) 1
055/005/im1.png (288,352,1) 1
055/005/im2.png (288,352,1) 1
055/005/im3.png (288,352,1) 1
055/005/im4.png (288,352,1) 1
055/005/im5.png (288,352,1) 1
055/005/im6.png (288,352,1) 1
055/005/im7.png (288,352,1) 1
055/005/im8.png (288,352,1) 1
055/005/im9.png (288,352,1) 1
055/005/im10.png (288,352,1) 1
055/005/im11.png (288,352,1) 1
055/005/im12.png (288,352,1) 1
055/005/im13.png (288,352,1) 1
055/005/im14.png (288,352,1) 1
055/005/im15.png (288,352,1) 1
055/006/im1.png (288,352,1) 1
055/006/im2.png (288,352,1) 1
055/006/im3.png (288,352,1) 1
055/006/im4.png (288,352,1) 1
055/006/im5.png (288,352,1) 1
055/006/im6.png (288,352,1) 1
055/006/im7.png (288,352,1) 1
055/006/im8.png (288,352,1) 1
055/006/im9.png (288,352,1) 1
055/006/im10.png (288,352,1) 1
055/006/im11.png (288,352,1) 1
055/006/im12.png (288,352,1) 1
055/006/im13.png (288,352,1) 1
055/006/im14.png (288,352,1) 1
055/006/im15.png (288,352,1) 1
055/007/im1.png (288,352,1) 1
055/007/im2.png (288,352,1) 1
055/007/im3.png (288,352,1) 1
055/007/im4.png (288,352,1) 1
055/007/im5.png (288,352,1) 1
055/007/im6.png (288,352,1) 1
055/007/im7.png (288,352,1) 1
055/007/im8.png (288,352,1) 1
055/007/im9.png (288,352,1) 1
055/007/im10.png (288,352,1) 1
055/007/im11.png (288,352,1) 1
055/007/im12.png (288,352,1) 1
055/007/im13.png (288,352,1) 1
055/007/im14.png (288,352,1) 1
055/007/im15.png (288,352,1) 1
055/008/im1.png (288,352,1) 1
055/008/im2.png (288,352,1) 1
055/008/im3.png (288,352,1) 1
055/008/im4.png (288,352,1) 1
055/008/im5.png (288,352,1) 1
055/008/im6.png (288,352,1) 1
055/008/im7.png (288,352,1) 1
055/008/im8.png (288,352,1) 1
055/008/im9.png (288,352,1) 1
055/008/im10.png (288,352,1) 1
055/008/im11.png (288,352,1) 1
055/008/im12.png (288,352,1) 1
055/008/im13.png (288,352,1) 1
055/008/im14.png (288,352,1) 1
055/008/im15.png (288,352,1) 1
055/009/im1.png (288,352,1) 1
055/009/im2.png (288,352,1) 1
055/009/im3.png (288,352,1) 1
055/009/im4.png (288,352,1) 1
055/009/im5.png (288,352,1) 1
055/009/im6.png (288,352,1) 1
055/009/im7.png (288,352,1) 1
055/009/im8.png (288,352,1) 1
055/009/im9.png (288,352,1) 1
055/009/im10.png (288,352,1) 1
055/009/im11.png (288,352,1) 1
055/009/im12.png (288,352,1) 1
055/009/im13.png (288,352,1) 1
055/009/im14.png (288,352,1) 1
055/009/im15.png (288,352,1) 1
055/010/im1.png (288,352,1) 1
055/010/im2.png (288,352,1) 1
055/010/im3.png (288,352,1) 1
055/010/im4.png (288,352,1) 1
055/010/im5.png (288,352,1) 1
055/010/im6.png (288,352,1) 1
055/010/im7.png (288,352,1) 1
055/010/im8.png (288,352,1) 1
055/010/im9.png (288,352,1) 1
055/010/im10.png (288,352,1) 1
055/010/im11.png (288,352,1) 1
055/010/im12.png (288,352,1) 1
055/010/im13.png (288,352,1) 1
055/010/im14.png (288,352,1) 1
055/010/im15.png (288,352,1) 1
055/011/im1.png (288,352,1) 1
055/011/im2.png (288,352,1) 1
055/011/im3.png (288,352,1) 1
055/011/im4.png (288,352,1) 1
055/011/im5.png (288,352,1) 1
055/011/im6.png (288,352,1) 1
055/011/im7.png (288,352,1) 1
055/011/im8.png (288,352,1) 1
055/011/im9.png (288,352,1) 1
055/011/im10.png (288,352,1) 1
055/011/im11.png (288,352,1) 1
055/011/im12.png (288,352,1) 1
055/011/im13.png (288,352,1) 1
055/011/im14.png (288,352,1) 1
055/011/im15.png (288,352,1) 1
055/012/im1.png (288,352,1) 1
055/012/im2.png (288,352,1) 1
055/012/im3.png (288,352,1) 1
055/012/im4.png (288,352,1) 1
055/012/im5.png (288,352,1) 1
055/012/im6.png (288,352,1) 1
055/012/im7.png (288,352,1) 1
055/012/im8.png (288,352,1) 1
055/012/im9.png (288,352,1) 1
055/012/im10.png (288,352,1) 1
055/012/im11.png (288,352,1) 1
055/012/im12.png (288,352,1) 1
055/012/im13.png (288,352,1) 1
055/012/im14.png (288,352,1) 1
055/012/im15.png (288,352,1) 1
055/013/im1.png (288,352,1) 1
055/013/im2.png (288,352,1) 1
055/013/im3.png (288,352,1) 1
055/013/im4.png (288,352,1) 1
055/013/im5.png (288,352,1) 1
055/013/im6.png (288,352,1) 1
055/013/im7.png (288,352,1) 1
055/013/im8.png (288,352,1) 1
055/013/im9.png (288,352,1) 1
055/013/im10.png (288,352,1) 1
055/013/im11.png (288,352,1) 1
055/013/im12.png (288,352,1) 1
055/013/im13.png (288,352,1) 1
055/013/im14.png (288,352,1) 1
055/013/im15.png (288,352,1) 1
055/014/im1.png (288,352,1) 1
055/014/im2.png (288,352,1) 1
055/014/im3.png (288,352,1) 1
055/014/im4.png (288,352,1) 1
055/014/im5.png (288,352,1) 1
055/014/im6.png (288,352,1) 1
055/014/im7.png (288,352,1) 1
055/014/im8.png (288,352,1) 1
055/014/im9.png (288,352,1) 1
055/014/im10.png (288,352,1) 1
055/014/im11.png (288,352,1) 1
055/014/im12.png (288,352,1) 1
055/014/im13.png (288,352,1) 1
055/014/im14.png (288,352,1) 1
055/014/im15.png (288,352,1) 1
055/015/im1.png (288,352,1) 1
055/015/im2.png (288,352,1) 1
055/015/im3.png (288,352,1) 1
055/015/im4.png (288,352,1) 1
055/015/im5.png (288,352,1) 1
055/015/im6.png (288,352,1) 1
055/015/im7.png (288,352,1) 1
055/015/im8.png (288,352,1) 1
055/015/im9.png (288,352,1) 1
055/015/im10.png (288,352,1) 1
055/015/im11.png (288,352,1) 1
055/015/im12.png (288,352,1) 1
055/015/im13.png (288,352,1) 1
055/015/im14.png (288,352,1) 1
055/015/im15.png (288,352,1) 1
055/016/im1.png (288,352,1) 1
055/016/im2.png (288,352,1) 1
055/016/im3.png (288,352,1) 1
055/016/im4.png (288,352,1) 1
055/016/im5.png (288,352,1) 1
055/016/im6.png (288,352,1) 1
055/016/im7.png (288,352,1) 1
055/016/im8.png (288,352,1) 1
055/016/im9.png (288,352,1) 1
055/016/im10.png (288,352,1) 1
055/016/im11.png (288,352,1) 1
055/016/im12.png (288,352,1) 1
055/016/im13.png (288,352,1) 1
055/016/im14.png (288,352,1) 1
055/016/im15.png (288,352,1) 1
055/017/im1.png (288,352,1) 1
055/017/im2.png (288,352,1) 1
055/017/im3.png (288,352,1) 1
055/017/im4.png (288,352,1) 1
055/017/im5.png (288,352,1) 1
055/017/im6.png (288,352,1) 1
055/017/im7.png (288,352,1) 1
055/017/im8.png (288,352,1) 1
055/017/im9.png (288,352,1) 1
055/017/im10.png (288,352,1) 1
055/017/im11.png (288,352,1) 1
055/017/im12.png (288,352,1) 1
055/017/im13.png (288,352,1) 1
055/017/im14.png (288,352,1) 1
055/017/im15.png (288,352,1) 1
055/018/im1.png (288,352,1) 1
055/018/im2.png (288,352,1) 1
055/018/im3.png (288,352,1) 1
055/018/im4.png (288,352,1) 1
055/018/im5.png (288,352,1) 1
055/018/im6.png (288,352,1) 1
055/018/im7.png (288,352,1) 1
055/018/im8.png (288,352,1) 1
055/018/im9.png (288,352,1) 1
055/018/im10.png (288,352,1) 1
055/018/im11.png (288,352,1) 1
055/018/im12.png (288,352,1) 1
055/018/im13.png (288,352,1) 1
055/018/im14.png (288,352,1) 1
055/018/im15.png (288,352,1) 1
055/019/im1.png (288,352,1) 1
055/019/im2.png (288,352,1) 1
055/019/im3.png (288,352,1) 1
055/019/im4.png (288,352,1) 1
055/019/im5.png (288,352,1) 1
055/019/im6.png (288,352,1) 1
055/019/im7.png (288,352,1) 1
055/019/im8.png (288,352,1) 1
055/019/im9.png (288,352,1) 1
055/019/im10.png (288,352,1) 1
055/019/im11.png (288,352,1) 1
055/019/im12.png (288,352,1) 1
055/019/im13.png (288,352,1) 1
055/019/im14.png (288,352,1) 1
055/019/im15.png (288,352,1) 1
055/020/im1.png (288,352,1) 1
055/020/im2.png (288,352,1) 1
055/020/im3.png (288,352,1) 1
055/020/im4.png (288,352,1) 1
055/020/im5.png (288,352,1) 1
055/020/im6.png (288,352,1) 1
055/020/im7.png (288,352,1) 1
055/020/im8.png (288,352,1) 1
055/020/im9.png (288,352,1) 1
055/020/im10.png (288,352,1) 1
055/020/im11.png (288,352,1) 1
055/020/im12.png (288,352,1) 1
055/020/im13.png (288,352,1) 1
055/020/im14.png (288,352,1) 1
055/020/im15.png (288,352,1) 1
056/001/im1.png (1080,1920,1) 1
056/001/im2.png (1080,1920,1) 1
056/001/im3.png (1080,1920,1) 1
056/001/im4.png (1080,1920,1) 1
056/001/im5.png (1080,1920,1) 1
056/001/im6.png (1080,1920,1) 1
056/001/im7.png (1080,1920,1) 1
056/001/im8.png (1080,1920,1) 1
056/001/im9.png (1080,1920,1) 1
056/001/im10.png (1080,1920,1) 1
056/001/im11.png (1080,1920,1) 1
056/001/im12.png (1080,1920,1) 1
056/001/im13.png (1080,1920,1) 1
056/001/im14.png (1080,1920,1) 1
056/001/im15.png (1080,1920,1) 1
056/002/im1.png (1080,1920,1) 1
056/002/im2.png (1080,1920,1) 1
056/002/im3.png (1080,1920,1) 1
056/002/im4.png (1080,1920,1) 1
056/002/im5.png (1080,1920,1) 1
056/002/im6.png (1080,1920,1) 1
056/002/im7.png (1080,1920,1) 1
056/002/im8.png (1080,1920,1) 1
056/002/im9.png (1080,1920,1) 1
056/002/im10.png (1080,1920,1) 1
056/002/im11.png (1080,1920,1) 1
056/002/im12.png (1080,1920,1) 1
056/002/im13.png (1080,1920,1) 1
056/002/im14.png (1080,1920,1) 1
056/002/im15.png (1080,1920,1) 1
056/003/im1.png (1080,1920,1) 1
056/003/im2.png (1080,1920,1) 1
056/003/im3.png (1080,1920,1) 1
056/003/im4.png (1080,1920,1) 1
056/003/im5.png (1080,1920,1) 1
056/003/im6.png (1080,1920,1) 1
056/003/im7.png (1080,1920,1) 1
056/003/im8.png (1080,1920,1) 1
056/003/im9.png (1080,1920,1) 1
056/003/im10.png (1080,1920,1) 1
056/003/im11.png (1080,1920,1) 1
056/003/im12.png (1080,1920,1) 1
056/003/im13.png (1080,1920,1) 1
056/003/im14.png (1080,1920,1) 1
056/003/im15.png (1080,1920,1) 1
056/004/im1.png (1080,1920,1) 1
056/004/im2.png (1080,1920,1) 1
056/004/im3.png (1080,1920,1) 1
056/004/im4.png (1080,1920,1) 1
056/004/im5.png (1080,1920,1) 1
056/004/im6.png (1080,1920,1) 1
056/004/im7.png (1080,1920,1) 1
056/004/im8.png (1080,1920,1) 1
056/004/im9.png (1080,1920,1) 1
056/004/im10.png (1080,1920,1) 1
056/004/im11.png (1080,1920,1) 1
056/004/im12.png (1080,1920,1) 1
056/004/im13.png (1080,1920,1) 1
056/004/im14.png (1080,1920,1) 1
056/004/im15.png (1080,1920,1) 1
056/005/im1.png (1080,1920,1) 1
056/005/im2.png (1080,1920,1) 1
056/005/im3.png (1080,1920,1) 1
056/005/im4.png (1080,1920,1) 1
056/005/im5.png (1080,1920,1) 1
056/005/im6.png (1080,1920,1) 1
056/005/im7.png (1080,1920,1) 1
056/005/im8.png (1080,1920,1) 1
056/005/im9.png (1080,1920,1) 1
056/005/im10.png (1080,1920,1) 1
056/005/im11.png (1080,1920,1) 1
056/005/im12.png (1080,1920,1) 1
056/005/im13.png (1080,1920,1) 1
056/005/im14.png (1080,1920,1) 1
056/005/im15.png (1080,1920,1) 1
056/006/im1.png (1080,1920,1) 1
056/006/im2.png (1080,1920,1) 1
056/006/im3.png (1080,1920,1) 1
056/006/im4.png (1080,1920,1) 1
056/006/im5.png (1080,1920,1) 1
056/006/im6.png (1080,1920,1) 1
056/006/im7.png (1080,1920,1) 1
056/006/im8.png (1080,1920,1) 1
056/006/im9.png (1080,1920,1) 1
056/006/im10.png (1080,1920,1) 1
056/006/im11.png (1080,1920,1) 1
056/006/im12.png (1080,1920,1) 1
056/006/im13.png (1080,1920,1) 1
056/006/im14.png (1080,1920,1) 1
056/006/im15.png (1080,1920,1) 1
056/007/im1.png (1080,1920,1) 1
056/007/im2.png (1080,1920,1) 1
056/007/im3.png (1080,1920,1) 1
056/007/im4.png (1080,1920,1) 1
056/007/im5.png (1080,1920,1) 1
056/007/im6.png (1080,1920,1) 1
056/007/im7.png (1080,1920,1) 1
056/007/im8.png (1080,1920,1) 1
056/007/im9.png (1080,1920,1) 1
056/007/im10.png (1080,1920,1) 1
056/007/im11.png (1080,1920,1) 1
056/007/im12.png (1080,1920,1) 1
056/007/im13.png (1080,1920,1) 1
056/007/im14.png (1080,1920,1) 1
056/007/im15.png (1080,1920,1) 1
056/008/im1.png (1080,1920,1) 1
056/008/im2.png (1080,1920,1) 1
056/008/im3.png (1080,1920,1) 1
056/008/im4.png (1080,1920,1) 1
056/008/im5.png (1080,1920,1) 1
056/008/im6.png (1080,1920,1) 1
056/008/im7.png (1080,1920,1) 1
056/008/im8.png (1080,1920,1) 1
056/008/im9.png (1080,1920,1) 1
056/008/im10.png (1080,1920,1) 1
056/008/im11.png (1080,1920,1) 1
056/008/im12.png (1080,1920,1) 1
056/008/im13.png (1080,1920,1) 1
056/008/im14.png (1080,1920,1) 1
056/008/im15.png (1080,1920,1) 1
056/009/im1.png (1080,1920,1) 1
056/009/im2.png (1080,1920,1) 1
056/009/im3.png (1080,1920,1) 1
056/009/im4.png (1080,1920,1) 1
056/009/im5.png (1080,1920,1) 1
056/009/im6.png (1080,1920,1) 1
056/009/im7.png (1080,1920,1) 1
056/009/im8.png (1080,1920,1) 1
056/009/im9.png (1080,1920,1) 1
056/009/im10.png (1080,1920,1) 1
056/009/im11.png (1080,1920,1) 1
056/009/im12.png (1080,1920,1) 1
056/009/im13.png (1080,1920,1) 1
056/009/im14.png (1080,1920,1) 1
056/009/im15.png (1080,1920,1) 1
056/010/im1.png (1080,1920,1) 1
056/010/im2.png (1080,1920,1) 1
056/010/im3.png (1080,1920,1) 1
056/010/im4.png (1080,1920,1) 1
056/010/im5.png (1080,1920,1) 1
056/010/im6.png (1080,1920,1) 1
056/010/im7.png (1080,1920,1) 1
056/010/im8.png (1080,1920,1) 1
056/010/im9.png (1080,1920,1) 1
056/010/im10.png (1080,1920,1) 1
056/010/im11.png (1080,1920,1) 1
056/010/im12.png (1080,1920,1) 1
056/010/im13.png (1080,1920,1) 1
056/010/im14.png (1080,1920,1) 1
056/010/im15.png (1080,1920,1) 1
056/011/im1.png (1080,1920,1) 1
056/011/im2.png (1080,1920,1) 1
056/011/im3.png (1080,1920,1) 1
056/011/im4.png (1080,1920,1) 1
056/011/im5.png (1080,1920,1) 1
056/011/im6.png (1080,1920,1) 1
056/011/im7.png (1080,1920,1) 1
056/011/im8.png (1080,1920,1) 1
056/011/im9.png (1080,1920,1) 1
056/011/im10.png (1080,1920,1) 1
056/011/im11.png (1080,1920,1) 1
056/011/im12.png (1080,1920,1) 1
056/011/im13.png (1080,1920,1) 1
056/011/im14.png (1080,1920,1) 1
056/011/im15.png (1080,1920,1) 1
056/012/im1.png (1080,1920,1) 1
056/012/im2.png (1080,1920,1) 1
056/012/im3.png (1080,1920,1) 1
056/012/im4.png (1080,1920,1) 1
056/012/im5.png (1080,1920,1) 1
056/012/im6.png (1080,1920,1) 1
056/012/im7.png (1080,1920,1) 1
056/012/im8.png (1080,1920,1) 1
056/012/im9.png (1080,1920,1) 1
056/012/im10.png (1080,1920,1) 1
056/012/im11.png (1080,1920,1) 1
056/012/im12.png (1080,1920,1) 1
056/012/im13.png (1080,1920,1) 1
056/012/im14.png (1080,1920,1) 1
056/012/im15.png (1080,1920,1) 1
056/013/im1.png (1080,1920,1) 1
056/013/im2.png (1080,1920,1) 1
056/013/im3.png (1080,1920,1) 1
056/013/im4.png (1080,1920,1) 1
056/013/im5.png (1080,1920,1) 1
056/013/im6.png (1080,1920,1) 1
056/013/im7.png (1080,1920,1) 1
056/013/im8.png (1080,1920,1) 1
056/013/im9.png (1080,1920,1) 1
056/013/im10.png (1080,1920,1) 1
056/013/im11.png (1080,1920,1) 1
056/013/im12.png (1080,1920,1) 1
056/013/im13.png (1080,1920,1) 1
056/013/im14.png (1080,1920,1) 1
056/013/im15.png (1080,1920,1) 1
056/014/im1.png (1080,1920,1) 1
056/014/im2.png (1080,1920,1) 1
056/014/im3.png (1080,1920,1) 1
056/014/im4.png (1080,1920,1) 1
056/014/im5.png (1080,1920,1) 1
056/014/im6.png (1080,1920,1) 1
056/014/im7.png (1080,1920,1) 1
056/014/im8.png (1080,1920,1) 1
056/014/im9.png (1080,1920,1) 1
056/014/im10.png (1080,1920,1) 1
056/014/im11.png (1080,1920,1) 1
056/014/im12.png (1080,1920,1) 1
056/014/im13.png (1080,1920,1) 1
056/014/im14.png (1080,1920,1) 1
056/014/im15.png (1080,1920,1) 1
056/015/im1.png (1080,1920,1) 1
056/015/im2.png (1080,1920,1) 1
056/015/im3.png (1080,1920,1) 1
056/015/im4.png (1080,1920,1) 1
056/015/im5.png (1080,1920,1) 1
056/015/im6.png (1080,1920,1) 1
056/015/im7.png (1080,1920,1) 1
056/015/im8.png (1080,1920,1) 1
056/015/im9.png (1080,1920,1) 1
056/015/im10.png (1080,1920,1) 1
056/015/im11.png (1080,1920,1) 1
056/015/im12.png (1080,1920,1) 1
056/015/im13.png (1080,1920,1) 1
056/015/im14.png (1080,1920,1) 1
056/015/im15.png (1080,1920,1) 1
056/016/im1.png (1080,1920,1) 1
056/016/im2.png (1080,1920,1) 1
056/016/im3.png (1080,1920,1) 1
056/016/im4.png (1080,1920,1) 1
056/016/im5.png (1080,1920,1) 1
056/016/im6.png (1080,1920,1) 1
056/016/im7.png (1080,1920,1) 1
056/016/im8.png (1080,1920,1) 1
056/016/im9.png (1080,1920,1) 1
056/016/im10.png (1080,1920,1) 1
056/016/im11.png (1080,1920,1) 1
056/016/im12.png (1080,1920,1) 1
056/016/im13.png (1080,1920,1) 1
056/016/im14.png (1080,1920,1) 1
056/016/im15.png (1080,1920,1) 1
056/017/im1.png (1080,1920,1) 1
056/017/im2.png (1080,1920,1) 1
056/017/im3.png (1080,1920,1) 1
056/017/im4.png (1080,1920,1) 1
056/017/im5.png (1080,1920,1) 1
056/017/im6.png (1080,1920,1) 1
056/017/im7.png (1080,1920,1) 1
056/017/im8.png (1080,1920,1) 1
056/017/im9.png (1080,1920,1) 1
056/017/im10.png (1080,1920,1) 1
056/017/im11.png (1080,1920,1) 1
056/017/im12.png (1080,1920,1) 1
056/017/im13.png (1080,1920,1) 1
056/017/im14.png (1080,1920,1) 1
056/017/im15.png (1080,1920,1) 1
056/018/im1.png (1080,1920,1) 1
056/018/im2.png (1080,1920,1) 1
056/018/im3.png (1080,1920,1) 1
056/018/im4.png (1080,1920,1) 1
056/018/im5.png (1080,1920,1) 1
056/018/im6.png (1080,1920,1) 1
056/018/im7.png (1080,1920,1) 1
056/018/im8.png (1080,1920,1) 1
056/018/im9.png (1080,1920,1) 1
056/018/im10.png (1080,1920,1) 1
056/018/im11.png (1080,1920,1) 1
056/018/im12.png (1080,1920,1) 1
056/018/im13.png (1080,1920,1) 1
056/018/im14.png (1080,1920,1) 1
056/018/im15.png (1080,1920,1) 1
056/019/im1.png (1080,1920,1) 1
056/019/im2.png (1080,1920,1) 1
056/019/im3.png (1080,1920,1) 1
056/019/im4.png (1080,1920,1) 1
056/019/im5.png (1080,1920,1) 1
056/019/im6.png (1080,1920,1) 1
056/019/im7.png (1080,1920,1) 1
056/019/im8.png (1080,1920,1) 1
056/019/im9.png (1080,1920,1) 1
056/019/im10.png (1080,1920,1) 1
056/019/im11.png (1080,1920,1) 1
056/019/im12.png (1080,1920,1) 1
056/019/im13.png (1080,1920,1) 1
056/019/im14.png (1080,1920,1) 1
056/019/im15.png (1080,1920,1) 1
056/020/im1.png (1080,1920,1) 1
056/020/im2.png (1080,1920,1) 1
056/020/im3.png (1080,1920,1) 1
056/020/im4.png (1080,1920,1) 1
056/020/im5.png (1080,1920,1) 1
056/020/im6.png (1080,1920,1) 1
056/020/im7.png (1080,1920,1) 1
056/020/im8.png (1080,1920,1) 1
056/020/im9.png (1080,1920,1) 1
056/020/im10.png (1080,1920,1) 1
056/020/im11.png (1080,1920,1) 1
056/020/im12.png (1080,1920,1) 1
056/020/im13.png (1080,1920,1) 1
056/020/im14.png (1080,1920,1) 1
056/020/im15.png (1080,1920,1) 1
057/001/im1.png (288,352,1) 1
057/001/im2.png (288,352,1) 1
057/001/im3.png (288,352,1) 1
057/001/im4.png (288,352,1) 1
057/001/im5.png (288,352,1) 1
057/001/im6.png (288,352,1) 1
057/001/im7.png (288,352,1) 1
057/001/im8.png (288,352,1) 1
057/001/im9.png (288,352,1) 1
057/001/im10.png (288,352,1) 1
057/001/im11.png (288,352,1) 1
057/001/im12.png (288,352,1) 1
057/001/im13.png (288,352,1) 1
057/001/im14.png (288,352,1) 1
057/001/im15.png (288,352,1) 1
057/002/im1.png (288,352,1) 1
057/002/im2.png (288,352,1) 1
057/002/im3.png (288,352,1) 1
057/002/im4.png (288,352,1) 1
057/002/im5.png (288,352,1) 1
057/002/im6.png (288,352,1) 1
057/002/im7.png (288,352,1) 1
057/002/im8.png (288,352,1) 1
057/002/im9.png (288,352,1) 1
057/002/im10.png (288,352,1) 1
057/002/im11.png (288,352,1) 1
057/002/im12.png (288,352,1) 1
057/002/im13.png (288,352,1) 1
057/002/im14.png (288,352,1) 1
057/002/im15.png (288,352,1) 1
057/003/im1.png (288,352,1) 1
057/003/im2.png (288,352,1) 1
057/003/im3.png (288,352,1) 1
057/003/im4.png (288,352,1) 1
057/003/im5.png (288,352,1) 1
057/003/im6.png (288,352,1) 1
057/003/im7.png (288,352,1) 1
057/003/im8.png (288,352,1) 1
057/003/im9.png (288,352,1) 1
057/003/im10.png (288,352,1) 1
057/003/im11.png (288,352,1) 1
057/003/im12.png (288,352,1) 1
057/003/im13.png (288,352,1) 1
057/003/im14.png (288,352,1) 1
057/003/im15.png (288,352,1) 1
057/004/im1.png (288,352,1) 1
057/004/im2.png (288,352,1) 1
057/004/im3.png (288,352,1) 1
057/004/im4.png (288,352,1) 1
057/004/im5.png (288,352,1) 1
057/004/im6.png (288,352,1) 1
057/004/im7.png (288,352,1) 1
057/004/im8.png (288,352,1) 1
057/004/im9.png (288,352,1) 1
057/004/im10.png (288,352,1) 1
057/004/im11.png (288,352,1) 1
057/004/im12.png (288,352,1) 1
057/004/im13.png (288,352,1) 1
057/004/im14.png (288,352,1) 1
057/004/im15.png (288,352,1) 1
057/005/im1.png (288,352,1) 1
057/005/im2.png (288,352,1) 1
057/005/im3.png (288,352,1) 1
057/005/im4.png (288,352,1) 1
057/005/im5.png (288,352,1) 1
057/005/im6.png (288,352,1) 1
057/005/im7.png (288,352,1) 1
057/005/im8.png (288,352,1) 1
057/005/im9.png (288,352,1) 1
057/005/im10.png (288,352,1) 1
057/005/im11.png (288,352,1) 1
057/005/im12.png (288,352,1) 1
057/005/im13.png (288,352,1) 1
057/005/im14.png (288,352,1) 1
057/005/im15.png (288,352,1) 1
057/006/im1.png (288,352,1) 1
057/006/im2.png (288,352,1) 1
057/006/im3.png (288,352,1) 1
057/006/im4.png (288,352,1) 1
057/006/im5.png (288,352,1) 1
057/006/im6.png (288,352,1) 1
057/006/im7.png (288,352,1) 1
057/006/im8.png (288,352,1) 1
057/006/im9.png (288,352,1) 1
057/006/im10.png (288,352,1) 1
057/006/im11.png (288,352,1) 1
057/006/im12.png (288,352,1) 1
057/006/im13.png (288,352,1) 1
057/006/im14.png (288,352,1) 1
057/006/im15.png (288,352,1) 1
057/007/im1.png (288,352,1) 1
057/007/im2.png (288,352,1) 1
057/007/im3.png (288,352,1) 1
057/007/im4.png (288,352,1) 1
057/007/im5.png (288,352,1) 1
057/007/im6.png (288,352,1) 1
057/007/im7.png (288,352,1) 1
057/007/im8.png (288,352,1) 1
057/007/im9.png (288,352,1) 1
057/007/im10.png (288,352,1) 1
057/007/im11.png (288,352,1) 1
057/007/im12.png (288,352,1) 1
057/007/im13.png (288,352,1) 1
057/007/im14.png (288,352,1) 1
057/007/im15.png (288,352,1) 1
057/008/im1.png (288,352,1) 1
057/008/im2.png (288,352,1) 1
057/008/im3.png (288,352,1) 1
057/008/im4.png (288,352,1) 1
057/008/im5.png (288,352,1) 1
057/008/im6.png (288,352,1) 1
057/008/im7.png (288,352,1) 1
057/008/im8.png (288,352,1) 1
057/008/im9.png (288,352,1) 1
057/008/im10.png (288,352,1) 1
057/008/im11.png (288,352,1) 1
057/008/im12.png (288,352,1) 1
057/008/im13.png (288,352,1) 1
057/008/im14.png (288,352,1) 1
057/008/im15.png (288,352,1) 1
057/009/im1.png (288,352,1) 1
057/009/im2.png (288,352,1) 1
057/009/im3.png (288,352,1) 1
057/009/im4.png (288,352,1) 1
057/009/im5.png (288,352,1) 1
057/009/im6.png (288,352,1) 1
057/009/im7.png (288,352,1) 1
057/009/im8.png (288,352,1) 1
057/009/im9.png (288,352,1) 1
057/009/im10.png (288,352,1) 1
057/009/im11.png (288,352,1) 1
057/009/im12.png (288,352,1) 1
057/009/im13.png (288,352,1) 1
057/009/im14.png (288,352,1) 1
057/009/im15.png (288,352,1) 1
057/010/im1.png (288,352,1) 1
057/010/im2.png (288,352,1) 1
057/010/im3.png (288,352,1) 1
057/010/im4.png (288,352,1) 1
057/010/im5.png (288,352,1) 1
057/010/im6.png (288,352,1) 1
057/010/im7.png (288,352,1) 1
057/010/im8.png (288,352,1) 1
057/010/im9.png (288,352,1) 1
057/010/im10.png (288,352,1) 1
057/010/im11.png (288,352,1) 1
057/010/im12.png (288,352,1) 1
057/010/im13.png (288,352,1) 1
057/010/im14.png (288,352,1) 1
057/010/im15.png (288,352,1) 1
057/011/im1.png (288,352,1) 1
057/011/im2.png (288,352,1) 1
057/011/im3.png (288,352,1) 1
057/011/im4.png (288,352,1) 1
057/011/im5.png (288,352,1) 1
057/011/im6.png (288,352,1) 1
057/011/im7.png (288,352,1) 1
057/011/im8.png (288,352,1) 1
057/011/im9.png (288,352,1) 1
057/011/im10.png (288,352,1) 1
057/011/im11.png (288,352,1) 1
057/011/im12.png (288,352,1) 1
057/011/im13.png (288,352,1) 1
057/011/im14.png (288,352,1) 1
057/011/im15.png (288,352,1) 1
057/012/im1.png (288,352,1) 1
057/012/im2.png (288,352,1) 1
057/012/im3.png (288,352,1) 1
057/012/im4.png (288,352,1) 1
057/012/im5.png (288,352,1) 1
057/012/im6.png (288,352,1) 1
057/012/im7.png (288,352,1) 1
057/012/im8.png (288,352,1) 1
057/012/im9.png (288,352,1) 1
057/012/im10.png (288,352,1) 1
057/012/im11.png (288,352,1) 1
057/012/im12.png (288,352,1) 1
057/012/im13.png (288,352,1) 1
057/012/im14.png (288,352,1) 1
057/012/im15.png (288,352,1) 1
057/013/im1.png (288,352,1) 1
057/013/im2.png (288,352,1) 1
057/013/im3.png (288,352,1) 1
057/013/im4.png (288,352,1) 1
057/013/im5.png (288,352,1) 1
057/013/im6.png (288,352,1) 1
057/013/im7.png (288,352,1) 1
057/013/im8.png (288,352,1) 1
057/013/im9.png (288,352,1) 1
057/013/im10.png (288,352,1) 1
057/013/im11.png (288,352,1) 1
057/013/im12.png (288,352,1) 1
057/013/im13.png (288,352,1) 1
057/013/im14.png (288,352,1) 1
057/013/im15.png (288,352,1) 1
057/014/im1.png (288,352,1) 1
057/014/im2.png (288,352,1) 1
057/014/im3.png (288,352,1) 1
057/014/im4.png (288,352,1) 1
057/014/im5.png (288,352,1) 1
057/014/im6.png (288,352,1) 1
057/014/im7.png (288,352,1) 1
057/014/im8.png (288,352,1) 1
057/014/im9.png (288,352,1) 1
057/014/im10.png (288,352,1) 1
057/014/im11.png (288,352,1) 1
057/014/im12.png (288,352,1) 1
057/014/im13.png (288,352,1) 1
057/014/im14.png (288,352,1) 1
057/014/im15.png (288,352,1) 1
057/015/im1.png (288,352,1) 1
057/015/im2.png (288,352,1) 1
057/015/im3.png (288,352,1) 1
057/015/im4.png (288,352,1) 1
057/015/im5.png (288,352,1) 1
057/015/im6.png (288,352,1) 1
057/015/im7.png (288,352,1) 1
057/015/im8.png (288,352,1) 1
057/015/im9.png (288,352,1) 1
057/015/im10.png (288,352,1) 1
057/015/im11.png (288,352,1) 1
057/015/im12.png (288,352,1) 1
057/015/im13.png (288,352,1) 1
057/015/im14.png (288,352,1) 1
057/015/im15.png (288,352,1) 1
057/016/im1.png (288,352,1) 1
057/016/im2.png (288,352,1) 1
057/016/im3.png (288,352,1) 1
057/016/im4.png (288,352,1) 1
057/016/im5.png (288,352,1) 1
057/016/im6.png (288,352,1) 1
057/016/im7.png (288,352,1) 1
057/016/im8.png (288,352,1) 1
057/016/im9.png (288,352,1) 1
057/016/im10.png (288,352,1) 1
057/016/im11.png (288,352,1) 1
057/016/im12.png (288,352,1) 1
057/016/im13.png (288,352,1) 1
057/016/im14.png (288,352,1) 1
057/016/im15.png (288,352,1) 1
057/017/im1.png (288,352,1) 1
057/017/im2.png (288,352,1) 1
057/017/im3.png (288,352,1) 1
057/017/im4.png (288,352,1) 1
057/017/im5.png (288,352,1) 1
057/017/im6.png (288,352,1) 1
057/017/im7.png (288,352,1) 1
057/017/im8.png (288,352,1) 1
057/017/im9.png (288,352,1) 1
057/017/im10.png (288,352,1) 1
057/017/im11.png (288,352,1) 1
057/017/im12.png (288,352,1) 1
057/017/im13.png (288,352,1) 1
057/017/im14.png (288,352,1) 1
057/017/im15.png (288,352,1) 1
057/018/im1.png (288,352,1) 1
057/018/im2.png (288,352,1) 1
057/018/im3.png (288,352,1) 1
057/018/im4.png (288,352,1) 1
057/018/im5.png (288,352,1) 1
057/018/im6.png (288,352,1) 1
057/018/im7.png (288,352,1) 1
057/018/im8.png (288,352,1) 1
057/018/im9.png (288,352,1) 1
057/018/im10.png (288,352,1) 1
057/018/im11.png (288,352,1) 1
057/018/im12.png (288,352,1) 1
057/018/im13.png (288,352,1) 1
057/018/im14.png (288,352,1) 1
057/018/im15.png (288,352,1) 1
057/019/im1.png (288,352,1) 1
057/019/im2.png (288,352,1) 1
057/019/im3.png (288,352,1) 1
057/019/im4.png (288,352,1) 1
057/019/im5.png (288,352,1) 1
057/019/im6.png (288,352,1) 1
057/019/im7.png (288,352,1) 1
057/019/im8.png (288,352,1) 1
057/019/im9.png (288,352,1) 1
057/019/im10.png (288,352,1) 1
057/019/im11.png (288,352,1) 1
057/019/im12.png (288,352,1) 1
057/019/im13.png (288,352,1) 1
057/019/im14.png (288,352,1) 1
057/019/im15.png (288,352,1) 1
057/020/im1.png (288,352,1) 1
057/020/im2.png (288,352,1) 1
057/020/im3.png (288,352,1) 1
057/020/im4.png (288,352,1) 1
057/020/im5.png (288,352,1) 1
057/020/im6.png (288,352,1) 1
057/020/im7.png (288,352,1) 1
057/020/im8.png (288,352,1) 1
057/020/im9.png (288,352,1) 1
057/020/im10.png (288,352,1) 1
057/020/im11.png (288,352,1) 1
057/020/im12.png (288,352,1) 1
057/020/im13.png (288,352,1) 1
057/020/im14.png (288,352,1) 1
057/020/im15.png (288,352,1) 1
058/001/im1.png (1080,1920,1) 1
058/001/im2.png (1080,1920,1) 1
058/001/im3.png (1080,1920,1) 1
058/001/im4.png (1080,1920,1) 1
058/001/im5.png (1080,1920,1) 1
058/001/im6.png (1080,1920,1) 1
058/001/im7.png (1080,1920,1) 1
058/001/im8.png (1080,1920,1) 1
058/001/im9.png (1080,1920,1) 1
058/001/im10.png (1080,1920,1) 1
058/001/im11.png (1080,1920,1) 1
058/001/im12.png (1080,1920,1) 1
058/001/im13.png (1080,1920,1) 1
058/001/im14.png (1080,1920,1) 1
058/001/im15.png (1080,1920,1) 1
058/002/im1.png (1080,1920,1) 1
058/002/im2.png (1080,1920,1) 1
058/002/im3.png (1080,1920,1) 1
058/002/im4.png (1080,1920,1) 1
058/002/im5.png (1080,1920,1) 1
058/002/im6.png (1080,1920,1) 1
058/002/im7.png (1080,1920,1) 1
058/002/im8.png (1080,1920,1) 1
058/002/im9.png (1080,1920,1) 1
058/002/im10.png (1080,1920,1) 1
058/002/im11.png (1080,1920,1) 1
058/002/im12.png (1080,1920,1) 1
058/002/im13.png (1080,1920,1) 1
058/002/im14.png (1080,1920,1) 1
058/002/im15.png (1080,1920,1) 1
058/003/im1.png (1080,1920,1) 1
058/003/im2.png (1080,1920,1) 1
058/003/im3.png (1080,1920,1) 1
058/003/im4.png (1080,1920,1) 1
058/003/im5.png (1080,1920,1) 1
058/003/im6.png (1080,1920,1) 1
058/003/im7.png (1080,1920,1) 1
058/003/im8.png (1080,1920,1) 1
058/003/im9.png (1080,1920,1) 1
058/003/im10.png (1080,1920,1) 1
058/003/im11.png (1080,1920,1) 1
058/003/im12.png (1080,1920,1) 1
058/003/im13.png (1080,1920,1) 1
058/003/im14.png (1080,1920,1) 1
058/003/im15.png (1080,1920,1) 1
058/004/im1.png (1080,1920,1) 1
058/004/im2.png (1080,1920,1) 1
058/004/im3.png (1080,1920,1) 1
058/004/im4.png (1080,1920,1) 1
058/004/im5.png (1080,1920,1) 1
058/004/im6.png (1080,1920,1) 1
058/004/im7.png (1080,1920,1) 1
058/004/im8.png (1080,1920,1) 1
058/004/im9.png (1080,1920,1) 1
058/004/im10.png (1080,1920,1) 1
058/004/im11.png (1080,1920,1) 1
058/004/im12.png (1080,1920,1) 1
058/004/im13.png (1080,1920,1) 1
058/004/im14.png (1080,1920,1) 1
058/004/im15.png (1080,1920,1) 1
058/005/im1.png (1080,1920,1) 1
058/005/im2.png (1080,1920,1) 1
058/005/im3.png (1080,1920,1) 1
058/005/im4.png (1080,1920,1) 1
058/005/im5.png (1080,1920,1) 1
058/005/im6.png (1080,1920,1) 1
058/005/im7.png (1080,1920,1) 1
058/005/im8.png (1080,1920,1) 1
058/005/im9.png (1080,1920,1) 1
058/005/im10.png (1080,1920,1) 1
058/005/im11.png (1080,1920,1) 1
058/005/im12.png (1080,1920,1) 1
058/005/im13.png (1080,1920,1) 1
058/005/im14.png (1080,1920,1) 1
058/005/im15.png (1080,1920,1) 1
058/006/im1.png (1080,1920,1) 1
058/006/im2.png (1080,1920,1) 1
058/006/im3.png (1080,1920,1) 1
058/006/im4.png (1080,1920,1) 1
058/006/im5.png (1080,1920,1) 1
058/006/im6.png (1080,1920,1) 1
058/006/im7.png (1080,1920,1) 1
058/006/im8.png (1080,1920,1) 1
058/006/im9.png (1080,1920,1) 1
058/006/im10.png (1080,1920,1) 1
058/006/im11.png (1080,1920,1) 1
058/006/im12.png (1080,1920,1) 1
058/006/im13.png (1080,1920,1) 1
058/006/im14.png (1080,1920,1) 1
058/006/im15.png (1080,1920,1) 1
058/007/im1.png (1080,1920,1) 1
058/007/im2.png (1080,1920,1) 1
058/007/im3.png (1080,1920,1) 1
058/007/im4.png (1080,1920,1) 1
058/007/im5.png (1080,1920,1) 1
058/007/im6.png (1080,1920,1) 1
058/007/im7.png (1080,1920,1) 1
058/007/im8.png (1080,1920,1) 1
058/007/im9.png (1080,1920,1) 1
058/007/im10.png (1080,1920,1) 1
058/007/im11.png (1080,1920,1) 1
058/007/im12.png (1080,1920,1) 1
058/007/im13.png (1080,1920,1) 1
058/007/im14.png (1080,1920,1) 1
058/007/im15.png (1080,1920,1) 1
058/008/im1.png (1080,1920,1) 1
058/008/im2.png (1080,1920,1) 1
058/008/im3.png (1080,1920,1) 1
058/008/im4.png (1080,1920,1) 1
058/008/im5.png (1080,1920,1) 1
058/008/im6.png (1080,1920,1) 1
058/008/im7.png (1080,1920,1) 1
058/008/im8.png (1080,1920,1) 1
058/008/im9.png (1080,1920,1) 1
058/008/im10.png (1080,1920,1) 1
058/008/im11.png (1080,1920,1) 1
058/008/im12.png (1080,1920,1) 1
058/008/im13.png (1080,1920,1) 1
058/008/im14.png (1080,1920,1) 1
058/008/im15.png (1080,1920,1) 1
058/009/im1.png (1080,1920,1) 1
058/009/im2.png (1080,1920,1) 1
058/009/im3.png (1080,1920,1) 1
058/009/im4.png (1080,1920,1) 1
058/009/im5.png (1080,1920,1) 1
058/009/im6.png (1080,1920,1) 1
058/009/im7.png (1080,1920,1) 1
058/009/im8.png (1080,1920,1) 1
058/009/im9.png (1080,1920,1) 1
058/009/im10.png (1080,1920,1) 1
058/009/im11.png (1080,1920,1) 1
058/009/im12.png (1080,1920,1) 1
058/009/im13.png (1080,1920,1) 1
058/009/im14.png (1080,1920,1) 1
058/009/im15.png (1080,1920,1) 1
058/010/im1.png (1080,1920,1) 1
058/010/im2.png (1080,1920,1) 1
058/010/im3.png (1080,1920,1) 1
058/010/im4.png (1080,1920,1) 1
058/010/im5.png (1080,1920,1) 1
058/010/im6.png (1080,1920,1) 1
058/010/im7.png (1080,1920,1) 1
058/010/im8.png (1080,1920,1) 1
058/010/im9.png (1080,1920,1) 1
058/010/im10.png (1080,1920,1) 1
058/010/im11.png (1080,1920,1) 1
058/010/im12.png (1080,1920,1) 1
058/010/im13.png (1080,1920,1) 1
058/010/im14.png (1080,1920,1) 1
058/010/im15.png (1080,1920,1) 1
058/011/im1.png (1080,1920,1) 1
058/011/im2.png (1080,1920,1) 1
058/011/im3.png (1080,1920,1) 1
058/011/im4.png (1080,1920,1) 1
058/011/im5.png (1080,1920,1) 1
058/011/im6.png (1080,1920,1) 1
058/011/im7.png (1080,1920,1) 1
058/011/im8.png (1080,1920,1) 1
058/011/im9.png (1080,1920,1) 1
058/011/im10.png (1080,1920,1) 1
058/011/im11.png (1080,1920,1) 1
058/011/im12.png (1080,1920,1) 1
058/011/im13.png (1080,1920,1) 1
058/011/im14.png (1080,1920,1) 1
058/011/im15.png (1080,1920,1) 1
058/012/im1.png (1080,1920,1) 1
058/012/im2.png (1080,1920,1) 1
058/012/im3.png (1080,1920,1) 1
058/012/im4.png (1080,1920,1) 1
058/012/im5.png (1080,1920,1) 1
058/012/im6.png (1080,1920,1) 1
058/012/im7.png (1080,1920,1) 1
058/012/im8.png (1080,1920,1) 1
058/012/im9.png (1080,1920,1) 1
058/012/im10.png (1080,1920,1) 1
058/012/im11.png (1080,1920,1) 1
058/012/im12.png (1080,1920,1) 1
058/012/im13.png (1080,1920,1) 1
058/012/im14.png (1080,1920,1) 1
058/012/im15.png (1080,1920,1) 1
058/013/im1.png (1080,1920,1) 1
058/013/im2.png (1080,1920,1) 1
058/013/im3.png (1080,1920,1) 1
058/013/im4.png (1080,1920,1) 1
058/013/im5.png (1080,1920,1) 1
058/013/im6.png (1080,1920,1) 1
058/013/im7.png (1080,1920,1) 1
058/013/im8.png (1080,1920,1) 1
058/013/im9.png (1080,1920,1) 1
058/013/im10.png (1080,1920,1) 1
058/013/im11.png (1080,1920,1) 1
058/013/im12.png (1080,1920,1) 1
058/013/im13.png (1080,1920,1) 1
058/013/im14.png (1080,1920,1) 1
058/013/im15.png (1080,1920,1) 1
058/014/im1.png (1080,1920,1) 1
058/014/im2.png (1080,1920,1) 1
058/014/im3.png (1080,1920,1) 1
058/014/im4.png (1080,1920,1) 1
058/014/im5.png (1080,1920,1) 1
058/014/im6.png (1080,1920,1) 1
058/014/im7.png (1080,1920,1) 1
058/014/im8.png (1080,1920,1) 1
058/014/im9.png (1080,1920,1) 1
058/014/im10.png (1080,1920,1) 1
058/014/im11.png (1080,1920,1) 1
058/014/im12.png (1080,1920,1) 1
058/014/im13.png (1080,1920,1) 1
058/014/im14.png (1080,1920,1) 1
058/014/im15.png (1080,1920,1) 1
058/015/im1.png (1080,1920,1) 1
058/015/im2.png (1080,1920,1) 1
058/015/im3.png (1080,1920,1) 1
058/015/im4.png (1080,1920,1) 1
058/015/im5.png (1080,1920,1) 1
058/015/im6.png (1080,1920,1) 1
058/015/im7.png (1080,1920,1) 1
058/015/im8.png (1080,1920,1) 1
058/015/im9.png (1080,1920,1) 1
058/015/im10.png (1080,1920,1) 1
058/015/im11.png (1080,1920,1) 1
058/015/im12.png (1080,1920,1) 1
058/015/im13.png (1080,1920,1) 1
058/015/im14.png (1080,1920,1) 1
058/015/im15.png (1080,1920,1) 1
058/016/im1.png (1080,1920,1) 1
058/016/im2.png (1080,1920,1) 1
058/016/im3.png (1080,1920,1) 1
058/016/im4.png (1080,1920,1) 1
058/016/im5.png (1080,1920,1) 1
058/016/im6.png (1080,1920,1) 1
058/016/im7.png (1080,1920,1) 1
058/016/im8.png (1080,1920,1) 1
058/016/im9.png (1080,1920,1) 1
058/016/im10.png (1080,1920,1) 1
058/016/im11.png (1080,1920,1) 1
058/016/im12.png (1080,1920,1) 1
058/016/im13.png (1080,1920,1) 1
058/016/im14.png (1080,1920,1) 1
058/016/im15.png (1080,1920,1) 1
058/017/im1.png (1080,1920,1) 1
058/017/im2.png (1080,1920,1) 1
058/017/im3.png (1080,1920,1) 1
058/017/im4.png (1080,1920,1) 1
058/017/im5.png (1080,1920,1) 1
058/017/im6.png (1080,1920,1) 1
058/017/im7.png (1080,1920,1) 1
058/017/im8.png (1080,1920,1) 1
058/017/im9.png (1080,1920,1) 1
058/017/im10.png (1080,1920,1) 1
058/017/im11.png (1080,1920,1) 1
058/017/im12.png (1080,1920,1) 1
058/017/im13.png (1080,1920,1) 1
058/017/im14.png (1080,1920,1) 1
058/017/im15.png (1080,1920,1) 1
058/018/im1.png (1080,1920,1) 1
058/018/im2.png (1080,1920,1) 1
058/018/im3.png (1080,1920,1) 1
058/018/im4.png (1080,1920,1) 1
058/018/im5.png (1080,1920,1) 1
058/018/im6.png (1080,1920,1) 1
058/018/im7.png (1080,1920,1) 1
058/018/im8.png (1080,1920,1) 1
058/018/im9.png (1080,1920,1) 1
058/018/im10.png (1080,1920,1) 1
058/018/im11.png (1080,1920,1) 1
058/018/im12.png (1080,1920,1) 1
058/018/im13.png (1080,1920,1) 1
058/018/im14.png (1080,1920,1) 1
058/018/im15.png (1080,1920,1) 1
058/019/im1.png (1080,1920,1) 1
058/019/im2.png (1080,1920,1) 1
058/019/im3.png (1080,1920,1) 1
058/019/im4.png (1080,1920,1) 1
058/019/im5.png (1080,1920,1) 1
058/019/im6.png (1080,1920,1) 1
058/019/im7.png (1080,1920,1) 1
058/019/im8.png (1080,1920,1) 1
058/019/im9.png (1080,1920,1) 1
058/019/im10.png (1080,1920,1) 1
058/019/im11.png (1080,1920,1) 1
058/019/im12.png (1080,1920,1) 1
058/019/im13.png (1080,1920,1) 1
058/019/im14.png (1080,1920,1) 1
058/019/im15.png (1080,1920,1) 1
058/020/im1.png (1080,1920,1) 1
058/020/im2.png (1080,1920,1) 1
058/020/im3.png (1080,1920,1) 1
058/020/im4.png (1080,1920,1) 1
058/020/im5.png (1080,1920,1) 1
058/020/im6.png (1080,1920,1) 1
058/020/im7.png (1080,1920,1) 1
058/020/im8.png (1080,1920,1) 1
058/020/im9.png (1080,1920,1) 1
058/020/im10.png (1080,1920,1) 1
058/020/im11.png (1080,1920,1) 1
058/020/im12.png (1080,1920,1) 1
058/020/im13.png (1080,1920,1) 1
058/020/im14.png (1080,1920,1) 1
058/020/im15.png (1080,1920,1) 1
059/001/im1.png (288,352,1) 1
059/001/im2.png (288,352,1) 1
059/001/im3.png (288,352,1) 1
059/001/im4.png (288,352,1) 1
059/001/im5.png (288,352,1) 1
059/001/im6.png (288,352,1) 1
059/001/im7.png (288,352,1) 1
059/001/im8.png (288,352,1) 1
059/001/im9.png (288,352,1) 1
059/001/im10.png (288,352,1) 1
059/001/im11.png (288,352,1) 1
059/001/im12.png (288,352,1) 1
059/001/im13.png (288,352,1) 1
059/001/im14.png (288,352,1) 1
059/001/im15.png (288,352,1) 1
059/002/im1.png (288,352,1) 1
059/002/im2.png (288,352,1) 1
059/002/im3.png (288,352,1) 1
059/002/im4.png (288,352,1) 1
059/002/im5.png (288,352,1) 1
059/002/im6.png (288,352,1) 1
059/002/im7.png (288,352,1) 1
059/002/im8.png (288,352,1) 1
059/002/im9.png (288,352,1) 1
059/002/im10.png (288,352,1) 1
059/002/im11.png (288,352,1) 1
059/002/im12.png (288,352,1) 1
059/002/im13.png (288,352,1) 1
059/002/im14.png (288,352,1) 1
059/002/im15.png (288,352,1) 1
059/003/im1.png (288,352,1) 1
059/003/im2.png (288,352,1) 1
059/003/im3.png (288,352,1) 1
059/003/im4.png (288,352,1) 1
059/003/im5.png (288,352,1) 1
059/003/im6.png (288,352,1) 1
059/003/im7.png (288,352,1) 1
059/003/im8.png (288,352,1) 1
059/003/im9.png (288,352,1) 1
059/003/im10.png (288,352,1) 1
059/003/im11.png (288,352,1) 1
059/003/im12.png (288,352,1) 1
059/003/im13.png (288,352,1) 1
059/003/im14.png (288,352,1) 1
059/003/im15.png (288,352,1) 1
059/004/im1.png (288,352,1) 1
059/004/im2.png (288,352,1) 1
059/004/im3.png (288,352,1) 1
059/004/im4.png (288,352,1) 1
059/004/im5.png (288,352,1) 1
059/004/im6.png (288,352,1) 1
059/004/im7.png (288,352,1) 1
059/004/im8.png (288,352,1) 1
059/004/im9.png (288,352,1) 1
059/004/im10.png (288,352,1) 1
059/004/im11.png (288,352,1) 1
059/004/im12.png (288,352,1) 1
059/004/im13.png (288,352,1) 1
059/004/im14.png (288,352,1) 1
059/004/im15.png (288,352,1) 1
059/005/im1.png (288,352,1) 1
059/005/im2.png (288,352,1) 1
059/005/im3.png (288,352,1) 1
059/005/im4.png (288,352,1) 1
059/005/im5.png (288,352,1) 1
059/005/im6.png (288,352,1) 1
059/005/im7.png (288,352,1) 1
059/005/im8.png (288,352,1) 1
059/005/im9.png (288,352,1) 1
059/005/im10.png (288,352,1) 1
059/005/im11.png (288,352,1) 1
059/005/im12.png (288,352,1) 1
059/005/im13.png (288,352,1) 1
059/005/im14.png (288,352,1) 1
059/005/im15.png (288,352,1) 1
059/006/im1.png (288,352,1) 1
059/006/im2.png (288,352,1) 1
059/006/im3.png (288,352,1) 1
059/006/im4.png (288,352,1) 1
059/006/im5.png (288,352,1) 1
059/006/im6.png (288,352,1) 1
059/006/im7.png (288,352,1) 1
059/006/im8.png (288,352,1) 1
059/006/im9.png (288,352,1) 1
059/006/im10.png (288,352,1) 1
059/006/im11.png (288,352,1) 1
059/006/im12.png (288,352,1) 1
059/006/im13.png (288,352,1) 1
059/006/im14.png (288,352,1) 1
059/006/im15.png (288,352,1) 1
059/007/im1.png (288,352,1) 1
059/007/im2.png (288,352,1) 1
059/007/im3.png (288,352,1) 1
059/007/im4.png (288,352,1) 1
059/007/im5.png (288,352,1) 1
059/007/im6.png (288,352,1) 1
059/007/im7.png (288,352,1) 1
059/007/im8.png (288,352,1) 1
059/007/im9.png (288,352,1) 1
059/007/im10.png (288,352,1) 1
059/007/im11.png (288,352,1) 1
059/007/im12.png (288,352,1) 1
059/007/im13.png (288,352,1) 1
059/007/im14.png (288,352,1) 1
059/007/im15.png (288,352,1) 1
059/008/im1.png (288,352,1) 1
059/008/im2.png (288,352,1) 1
059/008/im3.png (288,352,1) 1
059/008/im4.png (288,352,1) 1
059/008/im5.png (288,352,1) 1
059/008/im6.png (288,352,1) 1
059/008/im7.png (288,352,1) 1
059/008/im8.png (288,352,1) 1
059/008/im9.png (288,352,1) 1
059/008/im10.png (288,352,1) 1
059/008/im11.png (288,352,1) 1
059/008/im12.png (288,352,1) 1
059/008/im13.png (288,352,1) 1
059/008/im14.png (288,352,1) 1
059/008/im15.png (288,352,1) 1
059/009/im1.png (288,352,1) 1
059/009/im2.png (288,352,1) 1
059/009/im3.png (288,352,1) 1
059/009/im4.png (288,352,1) 1
059/009/im5.png (288,352,1) 1
059/009/im6.png (288,352,1) 1
059/009/im7.png (288,352,1) 1
059/009/im8.png (288,352,1) 1
059/009/im9.png (288,352,1) 1
059/009/im10.png (288,352,1) 1
059/009/im11.png (288,352,1) 1
059/009/im12.png (288,352,1) 1
059/009/im13.png (288,352,1) 1
059/009/im14.png (288,352,1) 1
059/009/im15.png (288,352,1) 1
059/010/im1.png (288,352,1) 1
059/010/im2.png (288,352,1) 1
059/010/im3.png (288,352,1) 1
059/010/im4.png (288,352,1) 1
059/010/im5.png (288,352,1) 1
059/010/im6.png (288,352,1) 1
059/010/im7.png (288,352,1) 1
059/010/im8.png (288,352,1) 1
059/010/im9.png (288,352,1) 1
059/010/im10.png (288,352,1) 1
059/010/im11.png (288,352,1) 1
059/010/im12.png (288,352,1) 1
059/010/im13.png (288,352,1) 1
059/010/im14.png (288,352,1) 1
059/010/im15.png (288,352,1) 1
059/011/im1.png (288,352,1) 1
059/011/im2.png (288,352,1) 1
059/011/im3.png (288,352,1) 1
059/011/im4.png (288,352,1) 1
059/011/im5.png (288,352,1) 1
059/011/im6.png (288,352,1) 1
059/011/im7.png (288,352,1) 1
059/011/im8.png (288,352,1) 1
059/011/im9.png (288,352,1) 1
059/011/im10.png (288,352,1) 1
059/011/im11.png (288,352,1) 1
059/011/im12.png (288,352,1) 1
059/011/im13.png (288,352,1) 1
059/011/im14.png (288,352,1) 1
059/011/im15.png (288,352,1) 1
059/012/im1.png (288,352,1) 1
059/012/im2.png (288,352,1) 1
059/012/im3.png (288,352,1) 1
059/012/im4.png (288,352,1) 1
059/012/im5.png (288,352,1) 1
059/012/im6.png (288,352,1) 1
059/012/im7.png (288,352,1) 1
059/012/im8.png (288,352,1) 1
059/012/im9.png (288,352,1) 1
059/012/im10.png (288,352,1) 1
059/012/im11.png (288,352,1) 1
059/012/im12.png (288,352,1) 1
059/012/im13.png (288,352,1) 1
059/012/im14.png (288,352,1) 1
059/012/im15.png (288,352,1) 1
059/013/im1.png (288,352,1) 1
059/013/im2.png (288,352,1) 1
059/013/im3.png (288,352,1) 1
059/013/im4.png (288,352,1) 1
059/013/im5.png (288,352,1) 1
059/013/im6.png (288,352,1) 1
059/013/im7.png (288,352,1) 1
059/013/im8.png (288,352,1) 1
059/013/im9.png (288,352,1) 1
059/013/im10.png (288,352,1) 1
059/013/im11.png (288,352,1) 1
059/013/im12.png (288,352,1) 1
059/013/im13.png (288,352,1) 1
059/013/im14.png (288,352,1) 1
059/013/im15.png (288,352,1) 1
059/014/im1.png (288,352,1) 1
059/014/im2.png (288,352,1) 1
059/014/im3.png (288,352,1) 1
059/014/im4.png (288,352,1) 1
059/014/im5.png (288,352,1) 1
059/014/im6.png (288,352,1) 1
059/014/im7.png (288,352,1) 1
059/014/im8.png (288,352,1) 1
059/014/im9.png (288,352,1) 1
059/014/im10.png (288,352,1) 1
059/014/im11.png (288,352,1) 1
059/014/im12.png (288,352,1) 1
059/014/im13.png (288,352,1) 1
059/014/im14.png (288,352,1) 1
059/014/im15.png (288,352,1) 1
059/015/im1.png (288,352,1) 1
059/015/im2.png (288,352,1) 1
059/015/im3.png (288,352,1) 1
059/015/im4.png (288,352,1) 1
059/015/im5.png (288,352,1) 1
059/015/im6.png (288,352,1) 1
059/015/im7.png (288,352,1) 1
059/015/im8.png (288,352,1) 1
059/015/im9.png (288,352,1) 1
059/015/im10.png (288,352,1) 1
059/015/im11.png (288,352,1) 1
059/015/im12.png (288,352,1) 1
059/015/im13.png (288,352,1) 1
059/015/im14.png (288,352,1) 1
059/015/im15.png (288,352,1) 1
059/016/im1.png (288,352,1) 1
059/016/im2.png (288,352,1) 1
059/016/im3.png (288,352,1) 1
059/016/im4.png (288,352,1) 1
059/016/im5.png (288,352,1) 1
059/016/im6.png (288,352,1) 1
059/016/im7.png (288,352,1) 1
059/016/im8.png (288,352,1) 1
059/016/im9.png (288,352,1) 1
059/016/im10.png (288,352,1) 1
059/016/im11.png (288,352,1) 1
059/016/im12.png (288,352,1) 1
059/016/im13.png (288,352,1) 1
059/016/im14.png (288,352,1) 1
059/016/im15.png (288,352,1) 1
059/017/im1.png (288,352,1) 1
059/017/im2.png (288,352,1) 1
059/017/im3.png (288,352,1) 1
059/017/im4.png (288,352,1) 1
059/017/im5.png (288,352,1) 1
059/017/im6.png (288,352,1) 1
059/017/im7.png (288,352,1) 1
059/017/im8.png (288,352,1) 1
059/017/im9.png (288,352,1) 1
059/017/im10.png (288,352,1) 1
059/017/im11.png (288,352,1) 1
059/017/im12.png (288,352,1) 1
059/017/im13.png (288,352,1) 1
059/017/im14.png (288,352,1) 1
059/017/im15.png (288,352,1) 1
059/018/im1.png (288,352,1) 1
059/018/im2.png (288,352,1) 1
059/018/im3.png (288,352,1) 1
059/018/im4.png (288,352,1) 1
059/018/im5.png (288,352,1) 1
059/018/im6.png (288,352,1) 1
059/018/im7.png (288,352,1) 1
059/018/im8.png (288,352,1) 1
059/018/im9.png (288,352,1) 1
059/018/im10.png (288,352,1) 1
059/018/im11.png (288,352,1) 1
059/018/im12.png (288,352,1) 1
059/018/im13.png (288,352,1) 1
059/018/im14.png (288,352,1) 1
059/018/im15.png (288,352,1) 1
059/019/im1.png (288,352,1) 1
059/019/im2.png (288,352,1) 1
059/019/im3.png (288,352,1) 1
059/019/im4.png (288,352,1) 1
059/019/im5.png (288,352,1) 1
059/019/im6.png (288,352,1) 1
059/019/im7.png (288,352,1) 1
059/019/im8.png (288,352,1) 1
059/019/im9.png (288,352,1) 1
059/019/im10.png (288,352,1) 1
059/019/im11.png (288,352,1) 1
059/019/im12.png (288,352,1) 1
059/019/im13.png (288,352,1) 1
059/019/im14.png (288,352,1) 1
059/019/im15.png (288,352,1) 1
059/020/im1.png (288,352,1) 1
059/020/im2.png (288,352,1) 1
059/020/im3.png (288,352,1) 1
059/020/im4.png (288,352,1) 1
059/020/im5.png (288,352,1) 1
059/020/im6.png (288,352,1) 1
059/020/im7.png (288,352,1) 1
059/020/im8.png (288,352,1) 1
059/020/im9.png (288,352,1) 1
059/020/im10.png (288,352,1) 1
059/020/im11.png (288,352,1) 1
059/020/im12.png (288,352,1) 1
059/020/im13.png (288,352,1) 1
059/020/im14.png (288,352,1) 1
059/020/im15.png (288,352,1) 1
060/001/im1.png (1080,1920,1) 1
060/001/im2.png (1080,1920,1) 1
060/001/im3.png (1080,1920,1) 1
060/001/im4.png (1080,1920,1) 1
060/001/im5.png (1080,1920,1) 1
060/001/im6.png (1080,1920,1) 1
060/001/im7.png (1080,1920,1) 1
060/001/im8.png (1080,1920,1) 1
060/001/im9.png (1080,1920,1) 1
060/001/im10.png (1080,1920,1) 1
060/001/im11.png (1080,1920,1) 1
060/001/im12.png (1080,1920,1) 1
060/001/im13.png (1080,1920,1) 1
060/001/im14.png (1080,1920,1) 1
060/001/im15.png (1080,1920,1) 1
060/002/im1.png (1080,1920,1) 1
060/002/im2.png (1080,1920,1) 1
060/002/im3.png (1080,1920,1) 1
060/002/im4.png (1080,1920,1) 1
060/002/im5.png (1080,1920,1) 1
060/002/im6.png (1080,1920,1) 1
060/002/im7.png (1080,1920,1) 1
060/002/im8.png (1080,1920,1) 1
060/002/im9.png (1080,1920,1) 1
060/002/im10.png (1080,1920,1) 1
060/002/im11.png (1080,1920,1) 1
060/002/im12.png (1080,1920,1) 1
060/002/im13.png (1080,1920,1) 1
060/002/im14.png (1080,1920,1) 1
060/002/im15.png (1080,1920,1) 1
060/003/im1.png (1080,1920,1) 1
060/003/im2.png (1080,1920,1) 1
060/003/im3.png (1080,1920,1) 1
060/003/im4.png (1080,1920,1) 1
060/003/im5.png (1080,1920,1) 1
060/003/im6.png (1080,1920,1) 1
060/003/im7.png (1080,1920,1) 1
060/003/im8.png (1080,1920,1) 1
060/003/im9.png (1080,1920,1) 1
060/003/im10.png (1080,1920,1) 1
060/003/im11.png (1080,1920,1) 1
060/003/im12.png (1080,1920,1) 1
060/003/im13.png (1080,1920,1) 1
060/003/im14.png (1080,1920,1) 1
060/003/im15.png (1080,1920,1) 1
060/004/im1.png (1080,1920,1) 1
060/004/im2.png (1080,1920,1) 1
060/004/im3.png (1080,1920,1) 1
060/004/im4.png (1080,1920,1) 1
060/004/im5.png (1080,1920,1) 1
060/004/im6.png (1080,1920,1) 1
060/004/im7.png (1080,1920,1) 1
060/004/im8.png (1080,1920,1) 1
060/004/im9.png (1080,1920,1) 1
060/004/im10.png (1080,1920,1) 1
060/004/im11.png (1080,1920,1) 1
060/004/im12.png (1080,1920,1) 1
060/004/im13.png (1080,1920,1) 1
060/004/im14.png (1080,1920,1) 1
060/004/im15.png (1080,1920,1) 1
060/005/im1.png (1080,1920,1) 1
060/005/im2.png (1080,1920,1) 1
060/005/im3.png (1080,1920,1) 1
060/005/im4.png (1080,1920,1) 1
060/005/im5.png (1080,1920,1) 1
060/005/im6.png (1080,1920,1) 1
060/005/im7.png (1080,1920,1) 1
060/005/im8.png (1080,1920,1) 1
060/005/im9.png (1080,1920,1) 1
060/005/im10.png (1080,1920,1) 1
060/005/im11.png (1080,1920,1) 1
060/005/im12.png (1080,1920,1) 1
060/005/im13.png (1080,1920,1) 1
060/005/im14.png (1080,1920,1) 1
060/005/im15.png (1080,1920,1) 1
060/006/im1.png (1080,1920,1) 1
060/006/im2.png (1080,1920,1) 1
060/006/im3.png (1080,1920,1) 1
060/006/im4.png (1080,1920,1) 1
060/006/im5.png (1080,1920,1) 1
060/006/im6.png (1080,1920,1) 1
060/006/im7.png (1080,1920,1) 1
060/006/im8.png (1080,1920,1) 1
060/006/im9.png (1080,1920,1) 1
060/006/im10.png (1080,1920,1) 1
060/006/im11.png (1080,1920,1) 1
060/006/im12.png (1080,1920,1) 1
060/006/im13.png (1080,1920,1) 1
060/006/im14.png (1080,1920,1) 1
060/006/im15.png (1080,1920,1) 1
060/007/im1.png (1080,1920,1) 1
060/007/im2.png (1080,1920,1) 1
060/007/im3.png (1080,1920,1) 1
060/007/im4.png (1080,1920,1) 1
060/007/im5.png (1080,1920,1) 1
060/007/im6.png (1080,1920,1) 1
060/007/im7.png (1080,1920,1) 1
060/007/im8.png (1080,1920,1) 1
060/007/im9.png (1080,1920,1) 1
060/007/im10.png (1080,1920,1) 1
060/007/im11.png (1080,1920,1) 1
060/007/im12.png (1080,1920,1) 1
060/007/im13.png (1080,1920,1) 1
060/007/im14.png (1080,1920,1) 1
060/007/im15.png (1080,1920,1) 1
060/008/im1.png (1080,1920,1) 1
060/008/im2.png (1080,1920,1) 1
060/008/im3.png (1080,1920,1) 1
060/008/im4.png (1080,1920,1) 1
060/008/im5.png (1080,1920,1) 1
060/008/im6.png (1080,1920,1) 1
060/008/im7.png (1080,1920,1) 1
060/008/im8.png (1080,1920,1) 1
060/008/im9.png (1080,1920,1) 1
060/008/im10.png (1080,1920,1) 1
060/008/im11.png (1080,1920,1) 1
060/008/im12.png (1080,1920,1) 1
060/008/im13.png (1080,1920,1) 1
060/008/im14.png (1080,1920,1) 1
060/008/im15.png (1080,1920,1) 1
060/009/im1.png (1080,1920,1) 1
060/009/im2.png (1080,1920,1) 1
060/009/im3.png (1080,1920,1) 1
060/009/im4.png (1080,1920,1) 1
060/009/im5.png (1080,1920,1) 1
060/009/im6.png (1080,1920,1) 1
060/009/im7.png (1080,1920,1) 1
060/009/im8.png (1080,1920,1) 1
060/009/im9.png (1080,1920,1) 1
060/009/im10.png (1080,1920,1) 1
060/009/im11.png (1080,1920,1) 1
060/009/im12.png (1080,1920,1) 1
060/009/im13.png (1080,1920,1) 1
060/009/im14.png (1080,1920,1) 1
060/009/im15.png (1080,1920,1) 1
060/010/im1.png (1080,1920,1) 1
060/010/im2.png (1080,1920,1) 1
060/010/im3.png (1080,1920,1) 1
060/010/im4.png (1080,1920,1) 1
060/010/im5.png (1080,1920,1) 1
060/010/im6.png (1080,1920,1) 1
060/010/im7.png (1080,1920,1) 1
060/010/im8.png (1080,1920,1) 1
060/010/im9.png (1080,1920,1) 1
060/010/im10.png (1080,1920,1) 1
060/010/im11.png (1080,1920,1) 1
060/010/im12.png (1080,1920,1) 1
060/010/im13.png (1080,1920,1) 1
060/010/im14.png (1080,1920,1) 1
060/010/im15.png (1080,1920,1) 1
060/011/im1.png (1080,1920,1) 1
060/011/im2.png (1080,1920,1) 1
060/011/im3.png (1080,1920,1) 1
060/011/im4.png (1080,1920,1) 1
060/011/im5.png (1080,1920,1) 1
060/011/im6.png (1080,1920,1) 1
060/011/im7.png (1080,1920,1) 1
060/011/im8.png (1080,1920,1) 1
060/011/im9.png (1080,1920,1) 1
060/011/im10.png (1080,1920,1) 1
060/011/im11.png (1080,1920,1) 1
060/011/im12.png (1080,1920,1) 1
060/011/im13.png (1080,1920,1) 1
060/011/im14.png (1080,1920,1) 1
060/011/im15.png (1080,1920,1) 1
060/012/im1.png (1080,1920,1) 1
060/012/im2.png (1080,1920,1) 1
060/012/im3.png (1080,1920,1) 1
060/012/im4.png (1080,1920,1) 1
060/012/im5.png (1080,1920,1) 1
060/012/im6.png (1080,1920,1) 1
060/012/im7.png (1080,1920,1) 1
060/012/im8.png (1080,1920,1) 1
060/012/im9.png (1080,1920,1) 1
060/012/im10.png (1080,1920,1) 1
060/012/im11.png (1080,1920,1) 1
060/012/im12.png (1080,1920,1) 1
060/012/im13.png (1080,1920,1) 1
060/012/im14.png (1080,1920,1) 1
060/012/im15.png (1080,1920,1) 1
060/013/im1.png (1080,1920,1) 1
060/013/im2.png (1080,1920,1) 1
060/013/im3.png (1080,1920,1) 1
060/013/im4.png (1080,1920,1) 1
060/013/im5.png (1080,1920,1) 1
060/013/im6.png (1080,1920,1) 1
060/013/im7.png (1080,1920,1) 1
060/013/im8.png (1080,1920,1) 1
060/013/im9.png (1080,1920,1) 1
060/013/im10.png (1080,1920,1) 1
060/013/im11.png (1080,1920,1) 1
060/013/im12.png (1080,1920,1) 1
060/013/im13.png (1080,1920,1) 1
060/013/im14.png (1080,1920,1) 1
060/013/im15.png (1080,1920,1) 1
060/014/im1.png (1080,1920,1) 1
060/014/im2.png (1080,1920,1) 1
060/014/im3.png (1080,1920,1) 1
060/014/im4.png (1080,1920,1) 1
060/014/im5.png (1080,1920,1) 1
060/014/im6.png (1080,1920,1) 1
060/014/im7.png (1080,1920,1) 1
060/014/im8.png (1080,1920,1) 1
060/014/im9.png (1080,1920,1) 1
060/014/im10.png (1080,1920,1) 1
060/014/im11.png (1080,1920,1) 1
060/014/im12.png (1080,1920,1) 1
060/014/im13.png (1080,1920,1) 1
060/014/im14.png (1080,1920,1) 1
060/014/im15.png (1080,1920,1) 1
060/015/im1.png (1080,1920,1) 1
060/015/im2.png (1080,1920,1) 1
060/015/im3.png (1080,1920,1) 1
060/015/im4.png (1080,1920,1) 1
060/015/im5.png (1080,1920,1) 1
060/015/im6.png (1080,1920,1) 1
060/015/im7.png (1080,1920,1) 1
060/015/im8.png (1080,1920,1) 1
060/015/im9.png (1080,1920,1) 1
060/015/im10.png (1080,1920,1) 1
060/015/im11.png (1080,1920,1) 1
060/015/im12.png (1080,1920,1) 1
060/015/im13.png (1080,1920,1) 1
060/015/im14.png (1080,1920,1) 1
060/015/im15.png (1080,1920,1) 1
060/016/im1.png (1080,1920,1) 1
060/016/im2.png (1080,1920,1) 1
060/016/im3.png (1080,1920,1) 1
060/016/im4.png (1080,1920,1) 1
060/016/im5.png (1080,1920,1) 1
060/016/im6.png (1080,1920,1) 1
060/016/im7.png (1080,1920,1) 1
060/016/im8.png (1080,1920,1) 1
060/016/im9.png (1080,1920,1) 1
060/016/im10.png (1080,1920,1) 1
060/016/im11.png (1080,1920,1) 1
060/016/im12.png (1080,1920,1) 1
060/016/im13.png (1080,1920,1) 1
060/016/im14.png (1080,1920,1) 1
060/016/im15.png (1080,1920,1) 1
060/017/im1.png (1080,1920,1) 1
060/017/im2.png (1080,1920,1) 1
060/017/im3.png (1080,1920,1) 1
060/017/im4.png (1080,1920,1) 1
060/017/im5.png (1080,1920,1) 1
060/017/im6.png (1080,1920,1) 1
060/017/im7.png (1080,1920,1) 1
060/017/im8.png (1080,1920,1) 1
060/017/im9.png (1080,1920,1) 1
060/017/im10.png (1080,1920,1) 1
060/017/im11.png (1080,1920,1) 1
060/017/im12.png (1080,1920,1) 1
060/017/im13.png (1080,1920,1) 1
060/017/im14.png (1080,1920,1) 1
060/017/im15.png (1080,1920,1) 1
060/018/im1.png (1080,1920,1) 1
060/018/im2.png (1080,1920,1) 1
060/018/im3.png (1080,1920,1) 1
060/018/im4.png (1080,1920,1) 1
060/018/im5.png (1080,1920,1) 1
060/018/im6.png (1080,1920,1) 1
060/018/im7.png (1080,1920,1) 1
060/018/im8.png (1080,1920,1) 1
060/018/im9.png (1080,1920,1) 1
060/018/im10.png (1080,1920,1) 1
060/018/im11.png (1080,1920,1) 1
060/018/im12.png (1080,1920,1) 1
060/018/im13.png (1080,1920,1) 1
060/018/im14.png (1080,1920,1) 1
060/018/im15.png (1080,1920,1) 1
060/019/im1.png (1080,1920,1) 1
060/019/im2.png (1080,1920,1) 1
060/019/im3.png (1080,1920,1) 1
060/019/im4.png (1080,1920,1) 1
060/019/im5.png (1080,1920,1) 1
060/019/im6.png (1080,1920,1) 1
060/019/im7.png (1080,1920,1) 1
060/019/im8.png (1080,1920,1) 1
060/019/im9.png (1080,1920,1) 1
060/019/im10.png (1080,1920,1) 1
060/019/im11.png (1080,1920,1) 1
060/019/im12.png (1080,1920,1) 1
060/019/im13.png (1080,1920,1) 1
060/019/im14.png (1080,1920,1) 1
060/019/im15.png (1080,1920,1) 1
060/020/im1.png (1080,1920,1) 1
060/020/im2.png (1080,1920,1) 1
060/020/im3.png (1080,1920,1) 1
060/020/im4.png (1080,1920,1) 1
060/020/im5.png (1080,1920,1) 1
060/020/im6.png (1080,1920,1) 1
060/020/im7.png (1080,1920,1) 1
060/020/im8.png (1080,1920,1) 1
060/020/im9.png (1080,1920,1) 1
060/020/im10.png (1080,1920,1) 1
060/020/im11.png (1080,1920,1) 1
060/020/im12.png (1080,1920,1) 1
060/020/im13.png (1080,1920,1) 1
060/020/im14.png (1080,1920,1) 1
060/020/im15.png (1080,1920,1) 1
061/001/im1.png (288,352,1) 1
061/001/im2.png (288,352,1) 1
061/001/im3.png (288,352,1) 1
061/001/im4.png (288,352,1) 1
061/001/im5.png (288,352,1) 1
061/001/im6.png (288,352,1) 1
061/001/im7.png (288,352,1) 1
061/001/im8.png (288,352,1) 1
061/001/im9.png (288,352,1) 1
061/001/im10.png (288,352,1) 1
061/001/im11.png (288,352,1) 1
061/001/im12.png (288,352,1) 1
061/001/im13.png (288,352,1) 1
061/001/im14.png (288,352,1) 1
061/001/im15.png (288,352,1) 1
061/002/im1.png (288,352,1) 1
061/002/im2.png (288,352,1) 1
061/002/im3.png (288,352,1) 1
061/002/im4.png (288,352,1) 1
061/002/im5.png (288,352,1) 1
061/002/im6.png (288,352,1) 1
061/002/im7.png (288,352,1) 1
061/002/im8.png (288,352,1) 1
061/002/im9.png (288,352,1) 1
061/002/im10.png (288,352,1) 1
061/002/im11.png (288,352,1) 1
061/002/im12.png (288,352,1) 1
061/002/im13.png (288,352,1) 1
061/002/im14.png (288,352,1) 1
061/002/im15.png (288,352,1) 1
061/003/im1.png (288,352,1) 1
061/003/im2.png (288,352,1) 1
061/003/im3.png (288,352,1) 1
061/003/im4.png (288,352,1) 1
061/003/im5.png (288,352,1) 1
061/003/im6.png (288,352,1) 1
061/003/im7.png (288,352,1) 1
061/003/im8.png (288,352,1) 1
061/003/im9.png (288,352,1) 1
061/003/im10.png (288,352,1) 1
061/003/im11.png (288,352,1) 1
061/003/im12.png (288,352,1) 1
061/003/im13.png (288,352,1) 1
061/003/im14.png (288,352,1) 1
061/003/im15.png (288,352,1) 1
061/004/im1.png (288,352,1) 1
061/004/im2.png (288,352,1) 1
061/004/im3.png (288,352,1) 1
061/004/im4.png (288,352,1) 1
061/004/im5.png (288,352,1) 1
061/004/im6.png (288,352,1) 1
061/004/im7.png (288,352,1) 1
061/004/im8.png (288,352,1) 1
061/004/im9.png (288,352,1) 1
061/004/im10.png (288,352,1) 1
061/004/im11.png (288,352,1) 1
061/004/im12.png (288,352,1) 1
061/004/im13.png (288,352,1) 1
061/004/im14.png (288,352,1) 1
061/004/im15.png (288,352,1) 1
061/005/im1.png (288,352,1) 1
061/005/im2.png (288,352,1) 1
061/005/im3.png (288,352,1) 1
061/005/im4.png (288,352,1) 1
061/005/im5.png (288,352,1) 1
061/005/im6.png (288,352,1) 1
061/005/im7.png (288,352,1) 1
061/005/im8.png (288,352,1) 1
061/005/im9.png (288,352,1) 1
061/005/im10.png (288,352,1) 1
061/005/im11.png (288,352,1) 1
061/005/im12.png (288,352,1) 1
061/005/im13.png (288,352,1) 1
061/005/im14.png (288,352,1) 1
061/005/im15.png (288,352,1) 1
061/006/im1.png (288,352,1) 1
061/006/im2.png (288,352,1) 1
061/006/im3.png (288,352,1) 1
061/006/im4.png (288,352,1) 1
061/006/im5.png (288,352,1) 1
061/006/im6.png (288,352,1) 1
061/006/im7.png (288,352,1) 1
061/006/im8.png (288,352,1) 1
061/006/im9.png (288,352,1) 1
061/006/im10.png (288,352,1) 1
061/006/im11.png (288,352,1) 1
061/006/im12.png (288,352,1) 1
061/006/im13.png (288,352,1) 1
061/006/im14.png (288,352,1) 1
061/006/im15.png (288,352,1) 1
061/007/im1.png (288,352,1) 1
061/007/im2.png (288,352,1) 1
061/007/im3.png (288,352,1) 1
061/007/im4.png (288,352,1) 1
061/007/im5.png (288,352,1) 1
061/007/im6.png (288,352,1) 1
061/007/im7.png (288,352,1) 1
061/007/im8.png (288,352,1) 1
061/007/im9.png (288,352,1) 1
061/007/im10.png (288,352,1) 1
061/007/im11.png (288,352,1) 1
061/007/im12.png (288,352,1) 1
061/007/im13.png (288,352,1) 1
061/007/im14.png (288,352,1) 1
061/007/im15.png (288,352,1) 1
061/008/im1.png (288,352,1) 1
061/008/im2.png (288,352,1) 1
061/008/im3.png (288,352,1) 1
061/008/im4.png (288,352,1) 1
061/008/im5.png (288,352,1) 1
061/008/im6.png (288,352,1) 1
061/008/im7.png (288,352,1) 1
061/008/im8.png (288,352,1) 1
061/008/im9.png (288,352,1) 1
061/008/im10.png (288,352,1) 1
061/008/im11.png (288,352,1) 1
061/008/im12.png (288,352,1) 1
061/008/im13.png (288,352,1) 1
061/008/im14.png (288,352,1) 1
061/008/im15.png (288,352,1) 1
061/009/im1.png (288,352,1) 1
061/009/im2.png (288,352,1) 1
061/009/im3.png (288,352,1) 1
061/009/im4.png (288,352,1) 1
061/009/im5.png (288,352,1) 1
061/009/im6.png (288,352,1) 1
061/009/im7.png (288,352,1) 1
061/009/im8.png (288,352,1) 1
061/009/im9.png (288,352,1) 1
061/009/im10.png (288,352,1) 1
061/009/im11.png (288,352,1) 1
061/009/im12.png (288,352,1) 1
061/009/im13.png (288,352,1) 1
061/009/im14.png (288,352,1) 1
061/009/im15.png (288,352,1) 1
061/010/im1.png (288,352,1) 1
061/010/im2.png (288,352,1) 1
061/010/im3.png (288,352,1) 1
061/010/im4.png (288,352,1) 1
061/010/im5.png (288,352,1) 1
061/010/im6.png (288,352,1) 1
061/010/im7.png (288,352,1) 1
061/010/im8.png (288,352,1) 1
061/010/im9.png (288,352,1) 1
061/010/im10.png (288,352,1) 1
061/010/im11.png (288,352,1) 1
061/010/im12.png (288,352,1) 1
061/010/im13.png (288,352,1) 1
061/010/im14.png (288,352,1) 1
061/010/im15.png (288,352,1) 1
061/011/im1.png (288,352,1) 1
061/011/im2.png (288,352,1) 1
061/011/im3.png (288,352,1) 1
061/011/im4.png (288,352,1) 1
061/011/im5.png (288,352,1) 1
061/011/im6.png (288,352,1) 1
061/011/im7.png (288,352,1) 1
061/011/im8.png (288,352,1) 1
061/011/im9.png (288,352,1) 1
061/011/im10.png (288,352,1) 1
061/011/im11.png (288,352,1) 1
061/011/im12.png (288,352,1) 1
061/011/im13.png (288,352,1) 1
061/011/im14.png (288,352,1) 1
061/011/im15.png (288,352,1) 1
061/012/im1.png (288,352,1) 1
061/012/im2.png (288,352,1) 1
061/012/im3.png (288,352,1) 1
061/012/im4.png (288,352,1) 1
061/012/im5.png (288,352,1) 1
061/012/im6.png (288,352,1) 1
061/012/im7.png (288,352,1) 1
061/012/im8.png (288,352,1) 1
061/012/im9.png (288,352,1) 1
061/012/im10.png (288,352,1) 1
061/012/im11.png (288,352,1) 1
061/012/im12.png (288,352,1) 1
061/012/im13.png (288,352,1) 1
061/012/im14.png (288,352,1) 1
061/012/im15.png (288,352,1) 1
061/013/im1.png (288,352,1) 1
061/013/im2.png (288,352,1) 1
061/013/im3.png (288,352,1) 1
061/013/im4.png (288,352,1) 1
061/013/im5.png (288,352,1) 1
061/013/im6.png (288,352,1) 1
061/013/im7.png (288,352,1) 1
061/013/im8.png (288,352,1) 1
061/013/im9.png (288,352,1) 1
061/013/im10.png (288,352,1) 1
061/013/im11.png (288,352,1) 1
061/013/im12.png (288,352,1) 1
061/013/im13.png (288,352,1) 1
061/013/im14.png (288,352,1) 1
061/013/im15.png (288,352,1) 1
061/014/im1.png (288,352,1) 1
061/014/im2.png (288,352,1) 1
061/014/im3.png (288,352,1) 1
061/014/im4.png (288,352,1) 1
061/014/im5.png (288,352,1) 1
061/014/im6.png (288,352,1) 1
061/014/im7.png (288,352,1) 1
061/014/im8.png (288,352,1) 1
061/014/im9.png (288,352,1) 1
061/014/im10.png (288,352,1) 1
061/014/im11.png (288,352,1) 1
061/014/im12.png (288,352,1) 1
061/014/im13.png (288,352,1) 1
061/014/im14.png (288,352,1) 1
061/014/im15.png (288,352,1) 1
061/015/im1.png (288,352,1) 1
061/015/im2.png (288,352,1) 1
061/015/im3.png (288,352,1) 1
061/015/im4.png (288,352,1) 1
061/015/im5.png (288,352,1) 1
061/015/im6.png (288,352,1) 1
061/015/im7.png (288,352,1) 1
061/015/im8.png (288,352,1) 1
061/015/im9.png (288,352,1) 1
061/015/im10.png (288,352,1) 1
061/015/im11.png (288,352,1) 1
061/015/im12.png (288,352,1) 1
061/015/im13.png (288,352,1) 1
061/015/im14.png (288,352,1) 1
061/015/im15.png (288,352,1) 1
061/016/im1.png (288,352,1) 1
061/016/im2.png (288,352,1) 1
061/016/im3.png (288,352,1) 1
061/016/im4.png (288,352,1) 1
061/016/im5.png (288,352,1) 1
061/016/im6.png (288,352,1) 1
061/016/im7.png (288,352,1) 1
061/016/im8.png (288,352,1) 1
061/016/im9.png (288,352,1) 1
061/016/im10.png (288,352,1) 1
061/016/im11.png (288,352,1) 1
061/016/im12.png (288,352,1) 1
061/016/im13.png (288,352,1) 1
061/016/im14.png (288,352,1) 1
061/016/im15.png (288,352,1) 1
061/017/im1.png (288,352,1) 1
061/017/im2.png (288,352,1) 1
061/017/im3.png (288,352,1) 1
061/017/im4.png (288,352,1) 1
061/017/im5.png (288,352,1) 1
061/017/im6.png (288,352,1) 1
061/017/im7.png (288,352,1) 1
061/017/im8.png (288,352,1) 1
061/017/im9.png (288,352,1) 1
061/017/im10.png (288,352,1) 1
061/017/im11.png (288,352,1) 1
061/017/im12.png (288,352,1) 1
061/017/im13.png (288,352,1) 1
061/017/im14.png (288,352,1) 1
061/017/im15.png (288,352,1) 1
061/018/im1.png (288,352,1) 1
061/018/im2.png (288,352,1) 1
061/018/im3.png (288,352,1) 1
061/018/im4.png (288,352,1) 1
061/018/im5.png (288,352,1) 1
061/018/im6.png (288,352,1) 1
061/018/im7.png (288,352,1) 1
061/018/im8.png (288,352,1) 1
061/018/im9.png (288,352,1) 1
061/018/im10.png (288,352,1) 1
061/018/im11.png (288,352,1) 1
061/018/im12.png (288,352,1) 1
061/018/im13.png (288,352,1) 1
061/018/im14.png (288,352,1) 1
061/018/im15.png (288,352,1) 1
061/019/im1.png (288,352,1) 1
061/019/im2.png (288,352,1) 1
061/019/im3.png (288,352,1) 1
061/019/im4.png (288,352,1) 1
061/019/im5.png (288,352,1) 1
061/019/im6.png (288,352,1) 1
061/019/im7.png (288,352,1) 1
061/019/im8.png (288,352,1) 1
061/019/im9.png (288,352,1) 1
061/019/im10.png (288,352,1) 1
061/019/im11.png (288,352,1) 1
061/019/im12.png (288,352,1) 1
061/019/im13.png (288,352,1) 1
061/019/im14.png (288,352,1) 1
061/019/im15.png (288,352,1) 1
061/020/im1.png (288,352,1) 1
061/020/im2.png (288,352,1) 1
061/020/im3.png (288,352,1) 1
061/020/im4.png (288,352,1) 1
061/020/im5.png (288,352,1) 1
061/020/im6.png (288,352,1) 1
061/020/im7.png (288,352,1) 1
061/020/im8.png (288,352,1) 1
061/020/im9.png (288,352,1) 1
061/020/im10.png (288,352,1) 1
061/020/im11.png (288,352,1) 1
061/020/im12.png (288,352,1) 1
061/020/im13.png (288,352,1) 1
061/020/im14.png (288,352,1) 1
061/020/im15.png (288,352,1) 1
062/001/im1.png (288,352,1) 1
062/001/im2.png (288,352,1) 1
062/001/im3.png (288,352,1) 1
062/001/im4.png (288,352,1) 1
062/001/im5.png (288,352,1) 1
062/001/im6.png (288,352,1) 1
062/001/im7.png (288,352,1) 1
062/001/im8.png (288,352,1) 1
062/001/im9.png (288,352,1) 1
062/001/im10.png (288,352,1) 1
062/001/im11.png (288,352,1) 1
062/001/im12.png (288,352,1) 1
062/001/im13.png (288,352,1) 1
062/001/im14.png (288,352,1) 1
062/001/im15.png (288,352,1) 1
062/002/im1.png (288,352,1) 1
062/002/im2.png (288,352,1) 1
062/002/im3.png (288,352,1) 1
062/002/im4.png (288,352,1) 1
062/002/im5.png (288,352,1) 1
062/002/im6.png (288,352,1) 1
062/002/im7.png (288,352,1) 1
062/002/im8.png (288,352,1) 1
062/002/im9.png (288,352,1) 1
062/002/im10.png (288,352,1) 1
062/002/im11.png (288,352,1) 1
062/002/im12.png (288,352,1) 1
062/002/im13.png (288,352,1) 1
062/002/im14.png (288,352,1) 1
062/002/im15.png (288,352,1) 1
062/003/im1.png (288,352,1) 1
062/003/im2.png (288,352,1) 1
062/003/im3.png (288,352,1) 1
062/003/im4.png (288,352,1) 1
062/003/im5.png (288,352,1) 1
062/003/im6.png (288,352,1) 1
062/003/im7.png (288,352,1) 1
062/003/im8.png (288,352,1) 1
062/003/im9.png (288,352,1) 1
062/003/im10.png (288,352,1) 1
062/003/im11.png (288,352,1) 1
062/003/im12.png (288,352,1) 1
062/003/im13.png (288,352,1) 1
062/003/im14.png (288,352,1) 1
062/003/im15.png (288,352,1) 1
062/004/im1.png (288,352,1) 1
062/004/im2.png (288,352,1) 1
062/004/im3.png (288,352,1) 1
062/004/im4.png (288,352,1) 1
062/004/im5.png (288,352,1) 1
062/004/im6.png (288,352,1) 1
062/004/im7.png (288,352,1) 1
062/004/im8.png (288,352,1) 1
062/004/im9.png (288,352,1) 1
062/004/im10.png (288,352,1) 1
062/004/im11.png (288,352,1) 1
062/004/im12.png (288,352,1) 1
062/004/im13.png (288,352,1) 1
062/004/im14.png (288,352,1) 1
062/004/im15.png (288,352,1) 1
062/005/im1.png (288,352,1) 1
062/005/im2.png (288,352,1) 1
062/005/im3.png (288,352,1) 1
062/005/im4.png (288,352,1) 1
062/005/im5.png (288,352,1) 1
062/005/im6.png (288,352,1) 1
062/005/im7.png (288,352,1) 1
062/005/im8.png (288,352,1) 1
062/005/im9.png (288,352,1) 1
062/005/im10.png (288,352,1) 1
062/005/im11.png (288,352,1) 1
062/005/im12.png (288,352,1) 1
062/005/im13.png (288,352,1) 1
062/005/im14.png (288,352,1) 1
062/005/im15.png (288,352,1) 1
062/006/im1.png (288,352,1) 1
062/006/im2.png (288,352,1) 1
062/006/im3.png (288,352,1) 1
062/006/im4.png (288,352,1) 1
062/006/im5.png (288,352,1) 1
062/006/im6.png (288,352,1) 1
062/006/im7.png (288,352,1) 1
062/006/im8.png (288,352,1) 1
062/006/im9.png (288,352,1) 1
062/006/im10.png (288,352,1) 1
062/006/im11.png (288,352,1) 1
062/006/im12.png (288,352,1) 1
062/006/im13.png (288,352,1) 1
062/006/im14.png (288,352,1) 1
062/006/im15.png (288,352,1) 1
062/007/im1.png (288,352,1) 1
062/007/im2.png (288,352,1) 1
062/007/im3.png (288,352,1) 1
062/007/im4.png (288,352,1) 1
062/007/im5.png (288,352,1) 1
062/007/im6.png (288,352,1) 1
062/007/im7.png (288,352,1) 1
062/007/im8.png (288,352,1) 1
062/007/im9.png (288,352,1) 1
062/007/im10.png (288,352,1) 1
062/007/im11.png (288,352,1) 1
062/007/im12.png (288,352,1) 1
062/007/im13.png (288,352,1) 1
062/007/im14.png (288,352,1) 1
062/007/im15.png (288,352,1) 1
062/008/im1.png (288,352,1) 1
062/008/im2.png (288,352,1) 1
062/008/im3.png (288,352,1) 1
062/008/im4.png (288,352,1) 1
062/008/im5.png (288,352,1) 1
062/008/im6.png (288,352,1) 1
062/008/im7.png (288,352,1) 1
062/008/im8.png (288,352,1) 1
062/008/im9.png (288,352,1) 1
062/008/im10.png (288,352,1) 1
062/008/im11.png (288,352,1) 1
062/008/im12.png (288,352,1) 1
062/008/im13.png (288,352,1) 1
062/008/im14.png (288,352,1) 1
062/008/im15.png (288,352,1) 1
062/009/im1.png (288,352,1) 1
062/009/im2.png (288,352,1) 1
062/009/im3.png (288,352,1) 1
062/009/im4.png (288,352,1) 1
062/009/im5.png (288,352,1) 1
062/009/im6.png (288,352,1) 1
062/009/im7.png (288,352,1) 1
062/009/im8.png (288,352,1) 1
062/009/im9.png (288,352,1) 1
062/009/im10.png (288,352,1) 1
062/009/im11.png (288,352,1) 1
062/009/im12.png (288,352,1) 1
062/009/im13.png (288,352,1) 1
062/009/im14.png (288,352,1) 1
062/009/im15.png (288,352,1) 1
062/010/im1.png (288,352,1) 1
062/010/im2.png (288,352,1) 1
062/010/im3.png (288,352,1) 1
062/010/im4.png (288,352,1) 1
062/010/im5.png (288,352,1) 1
062/010/im6.png (288,352,1) 1
062/010/im7.png (288,352,1) 1
062/010/im8.png (288,352,1) 1
062/010/im9.png (288,352,1) 1
062/010/im10.png (288,352,1) 1
062/010/im11.png (288,352,1) 1
062/010/im12.png (288,352,1) 1
062/010/im13.png (288,352,1) 1
062/010/im14.png (288,352,1) 1
062/010/im15.png (288,352,1) 1
062/011/im1.png (288,352,1) 1
062/011/im2.png (288,352,1) 1
062/011/im3.png (288,352,1) 1
062/011/im4.png (288,352,1) 1
062/011/im5.png (288,352,1) 1
062/011/im6.png (288,352,1) 1
062/011/im7.png (288,352,1) 1
062/011/im8.png (288,352,1) 1
062/011/im9.png (288,352,1) 1
062/011/im10.png (288,352,1) 1
062/011/im11.png (288,352,1) 1
062/011/im12.png (288,352,1) 1
062/011/im13.png (288,352,1) 1
062/011/im14.png (288,352,1) 1
062/011/im15.png (288,352,1) 1
062/012/im1.png (288,352,1) 1
062/012/im2.png (288,352,1) 1
062/012/im3.png (288,352,1) 1
062/012/im4.png (288,352,1) 1
062/012/im5.png (288,352,1) 1
062/012/im6.png (288,352,1) 1
062/012/im7.png (288,352,1) 1
062/012/im8.png (288,352,1) 1
062/012/im9.png (288,352,1) 1
062/012/im10.png (288,352,1) 1
062/012/im11.png (288,352,1) 1
062/012/im12.png (288,352,1) 1
062/012/im13.png (288,352,1) 1
062/012/im14.png (288,352,1) 1
062/012/im15.png (288,352,1) 1
062/013/im1.png (288,352,1) 1
062/013/im2.png (288,352,1) 1
062/013/im3.png (288,352,1) 1
062/013/im4.png (288,352,1) 1
062/013/im5.png (288,352,1) 1
062/013/im6.png (288,352,1) 1
062/013/im7.png (288,352,1) 1
062/013/im8.png (288,352,1) 1
062/013/im9.png (288,352,1) 1
062/013/im10.png (288,352,1) 1
062/013/im11.png (288,352,1) 1
062/013/im12.png (288,352,1) 1
062/013/im13.png (288,352,1) 1
062/013/im14.png (288,352,1) 1
062/013/im15.png (288,352,1) 1
062/014/im1.png (288,352,1) 1
062/014/im2.png (288,352,1) 1
062/014/im3.png (288,352,1) 1
062/014/im4.png (288,352,1) 1
062/014/im5.png (288,352,1) 1
062/014/im6.png (288,352,1) 1
062/014/im7.png (288,352,1) 1
062/014/im8.png (288,352,1) 1
062/014/im9.png (288,352,1) 1
062/014/im10.png (288,352,1) 1
062/014/im11.png (288,352,1) 1
062/014/im12.png (288,352,1) 1
062/014/im13.png (288,352,1) 1
062/014/im14.png (288,352,1) 1
062/014/im15.png (288,352,1) 1
062/015/im1.png (288,352,1) 1
062/015/im2.png (288,352,1) 1
062/015/im3.png (288,352,1) 1
062/015/im4.png (288,352,1) 1
062/015/im5.png (288,352,1) 1
062/015/im6.png (288,352,1) 1
062/015/im7.png (288,352,1) 1
062/015/im8.png (288,352,1) 1
062/015/im9.png (288,352,1) 1
062/015/im10.png (288,352,1) 1
062/015/im11.png (288,352,1) 1
062/015/im12.png (288,352,1) 1
062/015/im13.png (288,352,1) 1
062/015/im14.png (288,352,1) 1
062/015/im15.png (288,352,1) 1
062/016/im1.png (288,352,1) 1
062/016/im2.png (288,352,1) 1
062/016/im3.png (288,352,1) 1
062/016/im4.png (288,352,1) 1
062/016/im5.png (288,352,1) 1
062/016/im6.png (288,352,1) 1
062/016/im7.png (288,352,1) 1
062/016/im8.png (288,352,1) 1
062/016/im9.png (288,352,1) 1
062/016/im10.png (288,352,1) 1
062/016/im11.png (288,352,1) 1
062/016/im12.png (288,352,1) 1
062/016/im13.png (288,352,1) 1
062/016/im14.png (288,352,1) 1
062/016/im15.png (288,352,1) 1
062/017/im1.png (288,352,1) 1
062/017/im2.png (288,352,1) 1
062/017/im3.png (288,352,1) 1
062/017/im4.png (288,352,1) 1
062/017/im5.png (288,352,1) 1
062/017/im6.png (288,352,1) 1
062/017/im7.png (288,352,1) 1
062/017/im8.png (288,352,1) 1
062/017/im9.png (288,352,1) 1
062/017/im10.png (288,352,1) 1
062/017/im11.png (288,352,1) 1
062/017/im12.png (288,352,1) 1
062/017/im13.png (288,352,1) 1
062/017/im14.png (288,352,1) 1
062/017/im15.png (288,352,1) 1
062/018/im1.png (288,352,1) 1
062/018/im2.png (288,352,1) 1
062/018/im3.png (288,352,1) 1
062/018/im4.png (288,352,1) 1
062/018/im5.png (288,352,1) 1
062/018/im6.png (288,352,1) 1
062/018/im7.png (288,352,1) 1
062/018/im8.png (288,352,1) 1
062/018/im9.png (288,352,1) 1
062/018/im10.png (288,352,1) 1
062/018/im11.png (288,352,1) 1
062/018/im12.png (288,352,1) 1
062/018/im13.png (288,352,1) 1
062/018/im14.png (288,352,1) 1
062/018/im15.png (288,352,1) 1
062/019/im1.png (288,352,1) 1
062/019/im2.png (288,352,1) 1
062/019/im3.png (288,352,1) 1
062/019/im4.png (288,352,1) 1
062/019/im5.png (288,352,1) 1
062/019/im6.png (288,352,1) 1
062/019/im7.png (288,352,1) 1
062/019/im8.png (288,352,1) 1
062/019/im9.png (288,352,1) 1
062/019/im10.png (288,352,1) 1
062/019/im11.png (288,352,1) 1
062/019/im12.png (288,352,1) 1
062/019/im13.png (288,352,1) 1
062/019/im14.png (288,352,1) 1
062/019/im15.png (288,352,1) 1
062/020/im1.png (288,352,1) 1
062/020/im2.png (288,352,1) 1
062/020/im3.png (288,352,1) 1
062/020/im4.png (288,352,1) 1
062/020/im5.png (288,352,1) 1
062/020/im6.png (288,352,1) 1
062/020/im7.png (288,352,1) 1
062/020/im8.png (288,352,1) 1
062/020/im9.png (288,352,1) 1
062/020/im10.png (288,352,1) 1
062/020/im11.png (288,352,1) 1
062/020/im12.png (288,352,1) 1
062/020/im13.png (288,352,1) 1
062/020/im14.png (288,352,1) 1
062/020/im15.png (288,352,1) 1
063/001/im1.png (1080,1920,1) 1
063/001/im2.png (1080,1920,1) 1
063/001/im3.png (1080,1920,1) 1
063/001/im4.png (1080,1920,1) 1
063/001/im5.png (1080,1920,1) 1
063/001/im6.png (1080,1920,1) 1
063/001/im7.png (1080,1920,1) 1
063/001/im8.png (1080,1920,1) 1
063/001/im9.png (1080,1920,1) 1
063/001/im10.png (1080,1920,1) 1
063/001/im11.png (1080,1920,1) 1
063/001/im12.png (1080,1920,1) 1
063/001/im13.png (1080,1920,1) 1
063/001/im14.png (1080,1920,1) 1
063/001/im15.png (1080,1920,1) 1
063/002/im1.png (1080,1920,1) 1
063/002/im2.png (1080,1920,1) 1
063/002/im3.png (1080,1920,1) 1
063/002/im4.png (1080,1920,1) 1
063/002/im5.png (1080,1920,1) 1
063/002/im6.png (1080,1920,1) 1
063/002/im7.png (1080,1920,1) 1
063/002/im8.png (1080,1920,1) 1
063/002/im9.png (1080,1920,1) 1
063/002/im10.png (1080,1920,1) 1
063/002/im11.png (1080,1920,1) 1
063/002/im12.png (1080,1920,1) 1
063/002/im13.png (1080,1920,1) 1
063/002/im14.png (1080,1920,1) 1
063/002/im15.png (1080,1920,1) 1
063/003/im1.png (1080,1920,1) 1
063/003/im2.png (1080,1920,1) 1
063/003/im3.png (1080,1920,1) 1
063/003/im4.png (1080,1920,1) 1
063/003/im5.png (1080,1920,1) 1
063/003/im6.png (1080,1920,1) 1
063/003/im7.png (1080,1920,1) 1
063/003/im8.png (1080,1920,1) 1
063/003/im9.png (1080,1920,1) 1
063/003/im10.png (1080,1920,1) 1
063/003/im11.png (1080,1920,1) 1
063/003/im12.png (1080,1920,1) 1
063/003/im13.png (1080,1920,1) 1
063/003/im14.png (1080,1920,1) 1
063/003/im15.png (1080,1920,1) 1
063/004/im1.png (1080,1920,1) 1
063/004/im2.png (1080,1920,1) 1
063/004/im3.png (1080,1920,1) 1
063/004/im4.png (1080,1920,1) 1
063/004/im5.png (1080,1920,1) 1
063/004/im6.png (1080,1920,1) 1
063/004/im7.png (1080,1920,1) 1
063/004/im8.png (1080,1920,1) 1
063/004/im9.png (1080,1920,1) 1
063/004/im10.png (1080,1920,1) 1
063/004/im11.png (1080,1920,1) 1
063/004/im12.png (1080,1920,1) 1
063/004/im13.png (1080,1920,1) 1
063/004/im14.png (1080,1920,1) 1
063/004/im15.png (1080,1920,1) 1
063/005/im1.png (1080,1920,1) 1
063/005/im2.png (1080,1920,1) 1
063/005/im3.png (1080,1920,1) 1
063/005/im4.png (1080,1920,1) 1
063/005/im5.png (1080,1920,1) 1
063/005/im6.png (1080,1920,1) 1
063/005/im7.png (1080,1920,1) 1
063/005/im8.png (1080,1920,1) 1
063/005/im9.png (1080,1920,1) 1
063/005/im10.png (1080,1920,1) 1
063/005/im11.png (1080,1920,1) 1
063/005/im12.png (1080,1920,1) 1
063/005/im13.png (1080,1920,1) 1
063/005/im14.png (1080,1920,1) 1
063/005/im15.png (1080,1920,1) 1
063/006/im1.png (1080,1920,1) 1
063/006/im2.png (1080,1920,1) 1
063/006/im3.png (1080,1920,1) 1
063/006/im4.png (1080,1920,1) 1
063/006/im5.png (1080,1920,1) 1
063/006/im6.png (1080,1920,1) 1
063/006/im7.png (1080,1920,1) 1
063/006/im8.png (1080,1920,1) 1
063/006/im9.png (1080,1920,1) 1
063/006/im10.png (1080,1920,1) 1
063/006/im11.png (1080,1920,1) 1
063/006/im12.png (1080,1920,1) 1
063/006/im13.png (1080,1920,1) 1
063/006/im14.png (1080,1920,1) 1
063/006/im15.png (1080,1920,1) 1
063/007/im1.png (1080,1920,1) 1
063/007/im2.png (1080,1920,1) 1
063/007/im3.png (1080,1920,1) 1
063/007/im4.png (1080,1920,1) 1
063/007/im5.png (1080,1920,1) 1
063/007/im6.png (1080,1920,1) 1
063/007/im7.png (1080,1920,1) 1
063/007/im8.png (1080,1920,1) 1
063/007/im9.png (1080,1920,1) 1
063/007/im10.png (1080,1920,1) 1
063/007/im11.png (1080,1920,1) 1
063/007/im12.png (1080,1920,1) 1
063/007/im13.png (1080,1920,1) 1
063/007/im14.png (1080,1920,1) 1
063/007/im15.png (1080,1920,1) 1
063/008/im1.png (1080,1920,1) 1
063/008/im2.png (1080,1920,1) 1
063/008/im3.png (1080,1920,1) 1
063/008/im4.png (1080,1920,1) 1
063/008/im5.png (1080,1920,1) 1
063/008/im6.png (1080,1920,1) 1
063/008/im7.png (1080,1920,1) 1
063/008/im8.png (1080,1920,1) 1
063/008/im9.png (1080,1920,1) 1
063/008/im10.png (1080,1920,1) 1
063/008/im11.png (1080,1920,1) 1
063/008/im12.png (1080,1920,1) 1
063/008/im13.png (1080,1920,1) 1
063/008/im14.png (1080,1920,1) 1
063/008/im15.png (1080,1920,1) 1
063/009/im1.png (1080,1920,1) 1
063/009/im2.png (1080,1920,1) 1
063/009/im3.png (1080,1920,1) 1
063/009/im4.png (1080,1920,1) 1
063/009/im5.png (1080,1920,1) 1
063/009/im6.png (1080,1920,1) 1
063/009/im7.png (1080,1920,1) 1
063/009/im8.png (1080,1920,1) 1
063/009/im9.png (1080,1920,1) 1
063/009/im10.png (1080,1920,1) 1
063/009/im11.png (1080,1920,1) 1
063/009/im12.png (1080,1920,1) 1
063/009/im13.png (1080,1920,1) 1
063/009/im14.png (1080,1920,1) 1
063/009/im15.png (1080,1920,1) 1
063/010/im1.png (1080,1920,1) 1
063/010/im2.png (1080,1920,1) 1
063/010/im3.png (1080,1920,1) 1
063/010/im4.png (1080,1920,1) 1
063/010/im5.png (1080,1920,1) 1
063/010/im6.png (1080,1920,1) 1
063/010/im7.png (1080,1920,1) 1
063/010/im8.png (1080,1920,1) 1
063/010/im9.png (1080,1920,1) 1
063/010/im10.png (1080,1920,1) 1
063/010/im11.png (1080,1920,1) 1
063/010/im12.png (1080,1920,1) 1
063/010/im13.png (1080,1920,1) 1
063/010/im14.png (1080,1920,1) 1
063/010/im15.png (1080,1920,1) 1
063/011/im1.png (1080,1920,1) 1
063/011/im2.png (1080,1920,1) 1
063/011/im3.png (1080,1920,1) 1
063/011/im4.png (1080,1920,1) 1
063/011/im5.png (1080,1920,1) 1
063/011/im6.png (1080,1920,1) 1
063/011/im7.png (1080,1920,1) 1
063/011/im8.png (1080,1920,1) 1
063/011/im9.png (1080,1920,1) 1
063/011/im10.png (1080,1920,1) 1
063/011/im11.png (1080,1920,1) 1
063/011/im12.png (1080,1920,1) 1
063/011/im13.png (1080,1920,1) 1
063/011/im14.png (1080,1920,1) 1
063/011/im15.png (1080,1920,1) 1
063/012/im1.png (1080,1920,1) 1
063/012/im2.png (1080,1920,1) 1
063/012/im3.png (1080,1920,1) 1
063/012/im4.png (1080,1920,1) 1
063/012/im5.png (1080,1920,1) 1
063/012/im6.png (1080,1920,1) 1
063/012/im7.png (1080,1920,1) 1
063/012/im8.png (1080,1920,1) 1
063/012/im9.png (1080,1920,1) 1
063/012/im10.png (1080,1920,1) 1
063/012/im11.png (1080,1920,1) 1
063/012/im12.png (1080,1920,1) 1
063/012/im13.png (1080,1920,1) 1
063/012/im14.png (1080,1920,1) 1
063/012/im15.png (1080,1920,1) 1
063/013/im1.png (1080,1920,1) 1
063/013/im2.png (1080,1920,1) 1
063/013/im3.png (1080,1920,1) 1
063/013/im4.png (1080,1920,1) 1
063/013/im5.png (1080,1920,1) 1
063/013/im6.png (1080,1920,1) 1
063/013/im7.png (1080,1920,1) 1
063/013/im8.png (1080,1920,1) 1
063/013/im9.png (1080,1920,1) 1
063/013/im10.png (1080,1920,1) 1
063/013/im11.png (1080,1920,1) 1
063/013/im12.png (1080,1920,1) 1
063/013/im13.png (1080,1920,1) 1
063/013/im14.png (1080,1920,1) 1
063/013/im15.png (1080,1920,1) 1
064/001/im1.png (576,704,1) 1
064/001/im2.png (576,704,1) 1
064/001/im3.png (576,704,1) 1
064/001/im4.png (576,704,1) 1
064/001/im5.png (576,704,1) 1
064/001/im6.png (576,704,1) 1
064/001/im7.png (576,704,1) 1
064/001/im8.png (576,704,1) 1
064/001/im9.png (576,704,1) 1
064/001/im10.png (576,704,1) 1
064/001/im11.png (576,704,1) 1
064/001/im12.png (576,704,1) 1
064/001/im13.png (576,704,1) 1
064/001/im14.png (576,704,1) 1
064/001/im15.png (576,704,1) 1
064/002/im1.png (576,704,1) 1
064/002/im2.png (576,704,1) 1
064/002/im3.png (576,704,1) 1
064/002/im4.png (576,704,1) 1
064/002/im5.png (576,704,1) 1
064/002/im6.png (576,704,1) 1
064/002/im7.png (576,704,1) 1
064/002/im8.png (576,704,1) 1
064/002/im9.png (576,704,1) 1
064/002/im10.png (576,704,1) 1
064/002/im11.png (576,704,1) 1
064/002/im12.png (576,704,1) 1
064/002/im13.png (576,704,1) 1
064/002/im14.png (576,704,1) 1
064/002/im15.png (576,704,1) 1
064/003/im1.png (576,704,1) 1
064/003/im2.png (576,704,1) 1
064/003/im3.png (576,704,1) 1
064/003/im4.png (576,704,1) 1
064/003/im5.png (576,704,1) 1
064/003/im6.png (576,704,1) 1
064/003/im7.png (576,704,1) 1
064/003/im8.png (576,704,1) 1
064/003/im9.png (576,704,1) 1
064/003/im10.png (576,704,1) 1
064/003/im11.png (576,704,1) 1
064/003/im12.png (576,704,1) 1
064/003/im13.png (576,704,1) 1
064/003/im14.png (576,704,1) 1
064/003/im15.png (576,704,1) 1
064/004/im1.png (576,704,1) 1
064/004/im2.png (576,704,1) 1
064/004/im3.png (576,704,1) 1
064/004/im4.png (576,704,1) 1
064/004/im5.png (576,704,1) 1
064/004/im6.png (576,704,1) 1
064/004/im7.png (576,704,1) 1
064/004/im8.png (576,704,1) 1
064/004/im9.png (576,704,1) 1
064/004/im10.png (576,704,1) 1
064/004/im11.png (576,704,1) 1
064/004/im12.png (576,704,1) 1
064/004/im13.png (576,704,1) 1
064/004/im14.png (576,704,1) 1
064/004/im15.png (576,704,1) 1
064/005/im1.png (576,704,1) 1
064/005/im2.png (576,704,1) 1
064/005/im3.png (576,704,1) 1
064/005/im4.png (576,704,1) 1
064/005/im5.png (576,704,1) 1
064/005/im6.png (576,704,1) 1
064/005/im7.png (576,704,1) 1
064/005/im8.png (576,704,1) 1
064/005/im9.png (576,704,1) 1
064/005/im10.png (576,704,1) 1
064/005/im11.png (576,704,1) 1
064/005/im12.png (576,704,1) 1
064/005/im13.png (576,704,1) 1
064/005/im14.png (576,704,1) 1
064/005/im15.png (576,704,1) 1
064/006/im1.png (576,704,1) 1
064/006/im2.png (576,704,1) 1
064/006/im3.png (576,704,1) 1
064/006/im4.png (576,704,1) 1
064/006/im5.png (576,704,1) 1
064/006/im6.png (576,704,1) 1
064/006/im7.png (576,704,1) 1
064/006/im8.png (576,704,1) 1
064/006/im9.png (576,704,1) 1
064/006/im10.png (576,704,1) 1
064/006/im11.png (576,704,1) 1
064/006/im12.png (576,704,1) 1
064/006/im13.png (576,704,1) 1
064/006/im14.png (576,704,1) 1
064/006/im15.png (576,704,1) 1
064/007/im1.png (576,704,1) 1
064/007/im2.png (576,704,1) 1
064/007/im3.png (576,704,1) 1
064/007/im4.png (576,704,1) 1
064/007/im5.png (576,704,1) 1
064/007/im6.png (576,704,1) 1
064/007/im7.png (576,704,1) 1
064/007/im8.png (576,704,1) 1
064/007/im9.png (576,704,1) 1
064/007/im10.png (576,704,1) 1
064/007/im11.png (576,704,1) 1
064/007/im12.png (576,704,1) 1
064/007/im13.png (576,704,1) 1
064/007/im14.png (576,704,1) 1
064/007/im15.png (576,704,1) 1
064/008/im1.png (576,704,1) 1
064/008/im2.png (576,704,1) 1
064/008/im3.png (576,704,1) 1
064/008/im4.png (576,704,1) 1
064/008/im5.png (576,704,1) 1
064/008/im6.png (576,704,1) 1
064/008/im7.png (576,704,1) 1
064/008/im8.png (576,704,1) 1
064/008/im9.png (576,704,1) 1
064/008/im10.png (576,704,1) 1
064/008/im11.png (576,704,1) 1
064/008/im12.png (576,704,1) 1
064/008/im13.png (576,704,1) 1
064/008/im14.png (576,704,1) 1
064/008/im15.png (576,704,1) 1
064/009/im1.png (576,704,1) 1
064/009/im2.png (576,704,1) 1
064/009/im3.png (576,704,1) 1
064/009/im4.png (576,704,1) 1
064/009/im5.png (576,704,1) 1
064/009/im6.png (576,704,1) 1
064/009/im7.png (576,704,1) 1
064/009/im8.png (576,704,1) 1
064/009/im9.png (576,704,1) 1
064/009/im10.png (576,704,1) 1
064/009/im11.png (576,704,1) 1
064/009/im12.png (576,704,1) 1
064/009/im13.png (576,704,1) 1
064/009/im14.png (576,704,1) 1
064/009/im15.png (576,704,1) 1
064/010/im1.png (576,704,1) 1
064/010/im2.png (576,704,1) 1
064/010/im3.png (576,704,1) 1
064/010/im4.png (576,704,1) 1
064/010/im5.png (576,704,1) 1
064/010/im6.png (576,704,1) 1
064/010/im7.png (576,704,1) 1
064/010/im8.png (576,704,1) 1
064/010/im9.png (576,704,1) 1
064/010/im10.png (576,704,1) 1
064/010/im11.png (576,704,1) 1
064/010/im12.png (576,704,1) 1
064/010/im13.png (576,704,1) 1
064/010/im14.png (576,704,1) 1
064/010/im15.png (576,704,1) 1
064/011/im1.png (576,704,1) 1
064/011/im2.png (576,704,1) 1
064/011/im3.png (576,704,1) 1
064/011/im4.png (576,704,1) 1
064/011/im5.png (576,704,1) 1
064/011/im6.png (576,704,1) 1
064/011/im7.png (576,704,1) 1
064/011/im8.png (576,704,1) 1
064/011/im9.png (576,704,1) 1
064/011/im10.png (576,704,1) 1
064/011/im11.png (576,704,1) 1
064/011/im12.png (576,704,1) 1
064/011/im13.png (576,704,1) 1
064/011/im14.png (576,704,1) 1
064/011/im15.png (576,704,1) 1
064/012/im1.png (576,704,1) 1
064/012/im2.png (576,704,1) 1
064/012/im3.png (576,704,1) 1
064/012/im4.png (576,704,1) 1
064/012/im5.png (576,704,1) 1
064/012/im6.png (576,704,1) 1
064/012/im7.png (576,704,1) 1
064/012/im8.png (576,704,1) 1
064/012/im9.png (576,704,1) 1
064/012/im10.png (576,704,1) 1
064/012/im11.png (576,704,1) 1
064/012/im12.png (576,704,1) 1
064/012/im13.png (576,704,1) 1
064/012/im14.png (576,704,1) 1
064/012/im15.png (576,704,1) 1
064/013/im1.png (576,704,1) 1
064/013/im2.png (576,704,1) 1
064/013/im3.png (576,704,1) 1
064/013/im4.png (576,704,1) 1
064/013/im5.png (576,704,1) 1
064/013/im6.png (576,704,1) 1
064/013/im7.png (576,704,1) 1
064/013/im8.png (576,704,1) 1
064/013/im9.png (576,704,1) 1
064/013/im10.png (576,704,1) 1
064/013/im11.png (576,704,1) 1
064/013/im12.png (576,704,1) 1
064/013/im13.png (576,704,1) 1
064/013/im14.png (576,704,1) 1
064/013/im15.png (576,704,1) 1
064/014/im1.png (576,704,1) 1
064/014/im2.png (576,704,1) 1
064/014/im3.png (576,704,1) 1
064/014/im4.png (576,704,1) 1
064/014/im5.png (576,704,1) 1
064/014/im6.png (576,704,1) 1
064/014/im7.png (576,704,1) 1
064/014/im8.png (576,704,1) 1
064/014/im9.png (576,704,1) 1
064/014/im10.png (576,704,1) 1
064/014/im11.png (576,704,1) 1
064/014/im12.png (576,704,1) 1
064/014/im13.png (576,704,1) 1
064/014/im14.png (576,704,1) 1
064/014/im15.png (576,704,1) 1
064/015/im1.png (576,704,1) 1
064/015/im2.png (576,704,1) 1
064/015/im3.png (576,704,1) 1
064/015/im4.png (576,704,1) 1
064/015/im5.png (576,704,1) 1
064/015/im6.png (576,704,1) 1
064/015/im7.png (576,704,1) 1
064/015/im8.png (576,704,1) 1
064/015/im9.png (576,704,1) 1
064/015/im10.png (576,704,1) 1
064/015/im11.png (576,704,1) 1
064/015/im12.png (576,704,1) 1
064/015/im13.png (576,704,1) 1
064/015/im14.png (576,704,1) 1
064/015/im15.png (576,704,1) 1
064/016/im1.png (576,704,1) 1
064/016/im2.png (576,704,1) 1
064/016/im3.png (576,704,1) 1
064/016/im4.png (576,704,1) 1
064/016/im5.png (576,704,1) 1
064/016/im6.png (576,704,1) 1
064/016/im7.png (576,704,1) 1
064/016/im8.png (576,704,1) 1
064/016/im9.png (576,704,1) 1
064/016/im10.png (576,704,1) 1
064/016/im11.png (576,704,1) 1
064/016/im12.png (576,704,1) 1
064/016/im13.png (576,704,1) 1
064/016/im14.png (576,704,1) 1
064/016/im15.png (576,704,1) 1
064/017/im1.png (576,704,1) 1
064/017/im2.png (576,704,1) 1
064/017/im3.png (576,704,1) 1
064/017/im4.png (576,704,1) 1
064/017/im5.png (576,704,1) 1
064/017/im6.png (576,704,1) 1
064/017/im7.png (576,704,1) 1
064/017/im8.png (576,704,1) 1
064/017/im9.png (576,704,1) 1
064/017/im10.png (576,704,1) 1
064/017/im11.png (576,704,1) 1
064/017/im12.png (576,704,1) 1
064/017/im13.png (576,704,1) 1
064/017/im14.png (576,704,1) 1
064/017/im15.png (576,704,1) 1
064/018/im1.png (576,704,1) 1
064/018/im2.png (576,704,1) 1
064/018/im3.png (576,704,1) 1
064/018/im4.png (576,704,1) 1
064/018/im5.png (576,704,1) 1
064/018/im6.png (576,704,1) 1
064/018/im7.png (576,704,1) 1
064/018/im8.png (576,704,1) 1
064/018/im9.png (576,704,1) 1
064/018/im10.png (576,704,1) 1
064/018/im11.png (576,704,1) 1
064/018/im12.png (576,704,1) 1
064/018/im13.png (576,704,1) 1
064/018/im14.png (576,704,1) 1
064/018/im15.png (576,704,1) 1
064/019/im1.png (576,704,1) 1
064/019/im2.png (576,704,1) 1
064/019/im3.png (576,704,1) 1
064/019/im4.png (576,704,1) 1
064/019/im5.png (576,704,1) 1
064/019/im6.png (576,704,1) 1
064/019/im7.png (576,704,1) 1
064/019/im8.png (576,704,1) 1
064/019/im9.png (576,704,1) 1
064/019/im10.png (576,704,1) 1
064/019/im11.png (576,704,1) 1
064/019/im12.png (576,704,1) 1
064/019/im13.png (576,704,1) 1
064/019/im14.png (576,704,1) 1
064/019/im15.png (576,704,1) 1
064/020/im1.png (576,704,1) 1
064/020/im2.png (576,704,1) 1
064/020/im3.png (576,704,1) 1
064/020/im4.png (576,704,1) 1
064/020/im5.png (576,704,1) 1
064/020/im6.png (576,704,1) 1
064/020/im7.png (576,704,1) 1
064/020/im8.png (576,704,1) 1
064/020/im9.png (576,704,1) 1
064/020/im10.png (576,704,1) 1
064/020/im11.png (576,704,1) 1
064/020/im12.png (576,704,1) 1
064/020/im13.png (576,704,1) 1
064/020/im14.png (576,704,1) 1
064/020/im15.png (576,704,1) 1
065/001/im1.png (240,352,1) 1
065/001/im2.png (240,352,1) 1
065/001/im3.png (240,352,1) 1
065/001/im4.png (240,352,1) 1
065/001/im5.png (240,352,1) 1
065/001/im6.png (240,352,1) 1
065/001/im7.png (240,352,1) 1
065/001/im8.png (240,352,1) 1
065/001/im9.png (240,352,1) 1
065/001/im10.png (240,352,1) 1
065/001/im11.png (240,352,1) 1
065/001/im12.png (240,352,1) 1
065/001/im13.png (240,352,1) 1
065/001/im14.png (240,352,1) 1
065/001/im15.png (240,352,1) 1
065/002/im1.png (240,352,1) 1
065/002/im2.png (240,352,1) 1
065/002/im3.png (240,352,1) 1
065/002/im4.png (240,352,1) 1
065/002/im5.png (240,352,1) 1
065/002/im6.png (240,352,1) 1
065/002/im7.png (240,352,1) 1
065/002/im8.png (240,352,1) 1
065/002/im9.png (240,352,1) 1
065/002/im10.png (240,352,1) 1
065/002/im11.png (240,352,1) 1
065/002/im12.png (240,352,1) 1
065/002/im13.png (240,352,1) 1
065/002/im14.png (240,352,1) 1
065/002/im15.png (240,352,1) 1
065/003/im1.png (240,352,1) 1
065/003/im2.png (240,352,1) 1
065/003/im3.png (240,352,1) 1
065/003/im4.png (240,352,1) 1
065/003/im5.png (240,352,1) 1
065/003/im6.png (240,352,1) 1
065/003/im7.png (240,352,1) 1
065/003/im8.png (240,352,1) 1
065/003/im9.png (240,352,1) 1
065/003/im10.png (240,352,1) 1
065/003/im11.png (240,352,1) 1
065/003/im12.png (240,352,1) 1
065/003/im13.png (240,352,1) 1
065/003/im14.png (240,352,1) 1
065/003/im15.png (240,352,1) 1
065/004/im1.png (240,352,1) 1
065/004/im2.png (240,352,1) 1
065/004/im3.png (240,352,1) 1
065/004/im4.png (240,352,1) 1
065/004/im5.png (240,352,1) 1
065/004/im6.png (240,352,1) 1
065/004/im7.png (240,352,1) 1
065/004/im8.png (240,352,1) 1
065/004/im9.png (240,352,1) 1
065/004/im10.png (240,352,1) 1
065/004/im11.png (240,352,1) 1
065/004/im12.png (240,352,1) 1
065/004/im13.png (240,352,1) 1
065/004/im14.png (240,352,1) 1
065/004/im15.png (240,352,1) 1
065/005/im1.png (240,352,1) 1
065/005/im2.png (240,352,1) 1
065/005/im3.png (240,352,1) 1
065/005/im4.png (240,352,1) 1
065/005/im5.png (240,352,1) 1
065/005/im6.png (240,352,1) 1
065/005/im7.png (240,352,1) 1
065/005/im8.png (240,352,1) 1
065/005/im9.png (240,352,1) 1
065/005/im10.png (240,352,1) 1
065/005/im11.png (240,352,1) 1
065/005/im12.png (240,352,1) 1
065/005/im13.png (240,352,1) 1
065/005/im14.png (240,352,1) 1
065/005/im15.png (240,352,1) 1
065/006/im1.png (240,352,1) 1
065/006/im2.png (240,352,1) 1
065/006/im3.png (240,352,1) 1
065/006/im4.png (240,352,1) 1
065/006/im5.png (240,352,1) 1
065/006/im6.png (240,352,1) 1
065/006/im7.png (240,352,1) 1
065/006/im8.png (240,352,1) 1
065/006/im9.png (240,352,1) 1
065/006/im10.png (240,352,1) 1
065/006/im11.png (240,352,1) 1
065/006/im12.png (240,352,1) 1
065/006/im13.png (240,352,1) 1
065/006/im14.png (240,352,1) 1
065/006/im15.png (240,352,1) 1
065/007/im1.png (240,352,1) 1
065/007/im2.png (240,352,1) 1
065/007/im3.png (240,352,1) 1
065/007/im4.png (240,352,1) 1
065/007/im5.png (240,352,1) 1
065/007/im6.png (240,352,1) 1
065/007/im7.png (240,352,1) 1
065/007/im8.png (240,352,1) 1
065/007/im9.png (240,352,1) 1
065/007/im10.png (240,352,1) 1
065/007/im11.png (240,352,1) 1
065/007/im12.png (240,352,1) 1
065/007/im13.png (240,352,1) 1
065/007/im14.png (240,352,1) 1
065/007/im15.png (240,352,1) 1
065/008/im1.png (240,352,1) 1
065/008/im2.png (240,352,1) 1
065/008/im3.png (240,352,1) 1
065/008/im4.png (240,352,1) 1
065/008/im5.png (240,352,1) 1
065/008/im6.png (240,352,1) 1
065/008/im7.png (240,352,1) 1
065/008/im8.png (240,352,1) 1
065/008/im9.png (240,352,1) 1
065/008/im10.png (240,352,1) 1
065/008/im11.png (240,352,1) 1
065/008/im12.png (240,352,1) 1
065/008/im13.png (240,352,1) 1
065/008/im14.png (240,352,1) 1
065/008/im15.png (240,352,1) 1
065/009/im1.png (240,352,1) 1
065/009/im2.png (240,352,1) 1
065/009/im3.png (240,352,1) 1
065/009/im4.png (240,352,1) 1
065/009/im5.png (240,352,1) 1
065/009/im6.png (240,352,1) 1
065/009/im7.png (240,352,1) 1
065/009/im8.png (240,352,1) 1
065/009/im9.png (240,352,1) 1
065/009/im10.png (240,352,1) 1
065/009/im11.png (240,352,1) 1
065/009/im12.png (240,352,1) 1
065/009/im13.png (240,352,1) 1
065/009/im14.png (240,352,1) 1
065/009/im15.png (240,352,1) 1
065/010/im1.png (240,352,1) 1
065/010/im2.png (240,352,1) 1
065/010/im3.png (240,352,1) 1
065/010/im4.png (240,352,1) 1
065/010/im5.png (240,352,1) 1
065/010/im6.png (240,352,1) 1
065/010/im7.png (240,352,1) 1
065/010/im8.png (240,352,1) 1
065/010/im9.png (240,352,1) 1
065/010/im10.png (240,352,1) 1
065/010/im11.png (240,352,1) 1
065/010/im12.png (240,352,1) 1
065/010/im13.png (240,352,1) 1
065/010/im14.png (240,352,1) 1
065/010/im15.png (240,352,1) 1
065/011/im1.png (240,352,1) 1
065/011/im2.png (240,352,1) 1
065/011/im3.png (240,352,1) 1
065/011/im4.png (240,352,1) 1
065/011/im5.png (240,352,1) 1
065/011/im6.png (240,352,1) 1
065/011/im7.png (240,352,1) 1
065/011/im8.png (240,352,1) 1
065/011/im9.png (240,352,1) 1
065/011/im10.png (240,352,1) 1
065/011/im11.png (240,352,1) 1
065/011/im12.png (240,352,1) 1
065/011/im13.png (240,352,1) 1
065/011/im14.png (240,352,1) 1
065/011/im15.png (240,352,1) 1
065/012/im1.png (240,352,1) 1
065/012/im2.png (240,352,1) 1
065/012/im3.png (240,352,1) 1
065/012/im4.png (240,352,1) 1
065/012/im5.png (240,352,1) 1
065/012/im6.png (240,352,1) 1
065/012/im7.png (240,352,1) 1
065/012/im8.png (240,352,1) 1
065/012/im9.png (240,352,1) 1
065/012/im10.png (240,352,1) 1
065/012/im11.png (240,352,1) 1
065/012/im12.png (240,352,1) 1
065/012/im13.png (240,352,1) 1
065/012/im14.png (240,352,1) 1
065/012/im15.png (240,352,1) 1
065/013/im1.png (240,352,1) 1
065/013/im2.png (240,352,1) 1
065/013/im3.png (240,352,1) 1
065/013/im4.png (240,352,1) 1
065/013/im5.png (240,352,1) 1
065/013/im6.png (240,352,1) 1
065/013/im7.png (240,352,1) 1
065/013/im8.png (240,352,1) 1
065/013/im9.png (240,352,1) 1
065/013/im10.png (240,352,1) 1
065/013/im11.png (240,352,1) 1
065/013/im12.png (240,352,1) 1
065/013/im13.png (240,352,1) 1
065/013/im14.png (240,352,1) 1
065/013/im15.png (240,352,1) 1
065/014/im1.png (240,352,1) 1
065/014/im2.png (240,352,1) 1
065/014/im3.png (240,352,1) 1
065/014/im4.png (240,352,1) 1
065/014/im5.png (240,352,1) 1
065/014/im6.png (240,352,1) 1
065/014/im7.png (240,352,1) 1
065/014/im8.png (240,352,1) 1
065/014/im9.png (240,352,1) 1
065/014/im10.png (240,352,1) 1
065/014/im11.png (240,352,1) 1
065/014/im12.png (240,352,1) 1
065/014/im13.png (240,352,1) 1
065/014/im14.png (240,352,1) 1
065/014/im15.png (240,352,1) 1
065/015/im1.png (240,352,1) 1
065/015/im2.png (240,352,1) 1
065/015/im3.png (240,352,1) 1
065/015/im4.png (240,352,1) 1
065/015/im5.png (240,352,1) 1
065/015/im6.png (240,352,1) 1
065/015/im7.png (240,352,1) 1
065/015/im8.png (240,352,1) 1
065/015/im9.png (240,352,1) 1
065/015/im10.png (240,352,1) 1
065/015/im11.png (240,352,1) 1
065/015/im12.png (240,352,1) 1
065/015/im13.png (240,352,1) 1
065/015/im14.png (240,352,1) 1
065/015/im15.png (240,352,1) 1
065/016/im1.png (240,352,1) 1
065/016/im2.png (240,352,1) 1
065/016/im3.png (240,352,1) 1
065/016/im4.png (240,352,1) 1
065/016/im5.png (240,352,1) 1
065/016/im6.png (240,352,1) 1
065/016/im7.png (240,352,1) 1
065/016/im8.png (240,352,1) 1
065/016/im9.png (240,352,1) 1
065/016/im10.png (240,352,1) 1
065/016/im11.png (240,352,1) 1
065/016/im12.png (240,352,1) 1
065/016/im13.png (240,352,1) 1
065/016/im14.png (240,352,1) 1
065/016/im15.png (240,352,1) 1
065/017/im1.png (240,352,1) 1
065/017/im2.png (240,352,1) 1
065/017/im3.png (240,352,1) 1
065/017/im4.png (240,352,1) 1
065/017/im5.png (240,352,1) 1
065/017/im6.png (240,352,1) 1
065/017/im7.png (240,352,1) 1
065/017/im8.png (240,352,1) 1
065/017/im9.png (240,352,1) 1
065/017/im10.png (240,352,1) 1
065/017/im11.png (240,352,1) 1
065/017/im12.png (240,352,1) 1
065/017/im13.png (240,352,1) 1
065/017/im14.png (240,352,1) 1
065/017/im15.png (240,352,1) 1
065/018/im1.png (240,352,1) 1
065/018/im2.png (240,352,1) 1
065/018/im3.png (240,352,1) 1
065/018/im4.png (240,352,1) 1
065/018/im5.png (240,352,1) 1
065/018/im6.png (240,352,1) 1
065/018/im7.png (240,352,1) 1
065/018/im8.png (240,352,1) 1
065/018/im9.png (240,352,1) 1
065/018/im10.png (240,352,1) 1
065/018/im11.png (240,352,1) 1
065/018/im12.png (240,352,1) 1
065/018/im13.png (240,352,1) 1
065/018/im14.png (240,352,1) 1
065/018/im15.png (240,352,1) 1
065/019/im1.png (240,352,1) 1
065/019/im2.png (240,352,1) 1
065/019/im3.png (240,352,1) 1
065/019/im4.png (240,352,1) 1
065/019/im5.png (240,352,1) 1
065/019/im6.png (240,352,1) 1
065/019/im7.png (240,352,1) 1
065/019/im8.png (240,352,1) 1
065/019/im9.png (240,352,1) 1
065/019/im10.png (240,352,1) 1
065/019/im11.png (240,352,1) 1
065/019/im12.png (240,352,1) 1
065/019/im13.png (240,352,1) 1
065/019/im14.png (240,352,1) 1
065/019/im15.png (240,352,1) 1
065/020/im1.png (240,352,1) 1
065/020/im2.png (240,352,1) 1
065/020/im3.png (240,352,1) 1
065/020/im4.png (240,352,1) 1
065/020/im5.png (240,352,1) 1
065/020/im6.png (240,352,1) 1
065/020/im7.png (240,352,1) 1
065/020/im8.png (240,352,1) 1
065/020/im9.png (240,352,1) 1
065/020/im10.png (240,352,1) 1
065/020/im11.png (240,352,1) 1
065/020/im12.png (240,352,1) 1
065/020/im13.png (240,352,1) 1
065/020/im14.png (240,352,1) 1
065/020/im15.png (240,352,1) 1
066/001/im1.png (288,352,1) 1
066/001/im2.png (288,352,1) 1
066/001/im3.png (288,352,1) 1
066/001/im4.png (288,352,1) 1
066/001/im5.png (288,352,1) 1
066/001/im6.png (288,352,1) 1
066/001/im7.png (288,352,1) 1
066/001/im8.png (288,352,1) 1
066/001/im9.png (288,352,1) 1
066/001/im10.png (288,352,1) 1
066/001/im11.png (288,352,1) 1
066/001/im12.png (288,352,1) 1
066/001/im13.png (288,352,1) 1
066/001/im14.png (288,352,1) 1
066/001/im15.png (288,352,1) 1
066/002/im1.png (288,352,1) 1
066/002/im2.png (288,352,1) 1
066/002/im3.png (288,352,1) 1
066/002/im4.png (288,352,1) 1
066/002/im5.png (288,352,1) 1
066/002/im6.png (288,352,1) 1
066/002/im7.png (288,352,1) 1
066/002/im8.png (288,352,1) 1
066/002/im9.png (288,352,1) 1
066/002/im10.png (288,352,1) 1
066/002/im11.png (288,352,1) 1
066/002/im12.png (288,352,1) 1
066/002/im13.png (288,352,1) 1
066/002/im14.png (288,352,1) 1
066/002/im15.png (288,352,1) 1
066/003/im1.png (288,352,1) 1
066/003/im2.png (288,352,1) 1
066/003/im3.png (288,352,1) 1
066/003/im4.png (288,352,1) 1
066/003/im5.png (288,352,1) 1
066/003/im6.png (288,352,1) 1
066/003/im7.png (288,352,1) 1
066/003/im8.png (288,352,1) 1
066/003/im9.png (288,352,1) 1
066/003/im10.png (288,352,1) 1
066/003/im11.png (288,352,1) 1
066/003/im12.png (288,352,1) 1
066/003/im13.png (288,352,1) 1
066/003/im14.png (288,352,1) 1
066/003/im15.png (288,352,1) 1
066/004/im1.png (288,352,1) 1
066/004/im2.png (288,352,1) 1
066/004/im3.png (288,352,1) 1
066/004/im4.png (288,352,1) 1
066/004/im5.png (288,352,1) 1
066/004/im6.png (288,352,1) 1
066/004/im7.png (288,352,1) 1
066/004/im8.png (288,352,1) 1
066/004/im9.png (288,352,1) 1
066/004/im10.png (288,352,1) 1
066/004/im11.png (288,352,1) 1
066/004/im12.png (288,352,1) 1
066/004/im13.png (288,352,1) 1
066/004/im14.png (288,352,1) 1
066/004/im15.png (288,352,1) 1
066/005/im1.png (288,352,1) 1
066/005/im2.png (288,352,1) 1
066/005/im3.png (288,352,1) 1
066/005/im4.png (288,352,1) 1
066/005/im5.png (288,352,1) 1
066/005/im6.png (288,352,1) 1
066/005/im7.png (288,352,1) 1
066/005/im8.png (288,352,1) 1
066/005/im9.png (288,352,1) 1
066/005/im10.png (288,352,1) 1
066/005/im11.png (288,352,1) 1
066/005/im12.png (288,352,1) 1
066/005/im13.png (288,352,1) 1
066/005/im14.png (288,352,1) 1
066/005/im15.png (288,352,1) 1
066/006/im1.png (288,352,1) 1
066/006/im2.png (288,352,1) 1
066/006/im3.png (288,352,1) 1
066/006/im4.png (288,352,1) 1
066/006/im5.png (288,352,1) 1
066/006/im6.png (288,352,1) 1
066/006/im7.png (288,352,1) 1
066/006/im8.png (288,352,1) 1
066/006/im9.png (288,352,1) 1
066/006/im10.png (288,352,1) 1
066/006/im11.png (288,352,1) 1
066/006/im12.png (288,352,1) 1
066/006/im13.png (288,352,1) 1
066/006/im14.png (288,352,1) 1
066/006/im15.png (288,352,1) 1
066/007/im1.png (288,352,1) 1
066/007/im2.png (288,352,1) 1
066/007/im3.png (288,352,1) 1
066/007/im4.png (288,352,1) 1
066/007/im5.png (288,352,1) 1
066/007/im6.png (288,352,1) 1
066/007/im7.png (288,352,1) 1
066/007/im8.png (288,352,1) 1
066/007/im9.png (288,352,1) 1
066/007/im10.png (288,352,1) 1
066/007/im11.png (288,352,1) 1
066/007/im12.png (288,352,1) 1
066/007/im13.png (288,352,1) 1
066/007/im14.png (288,352,1) 1
066/007/im15.png (288,352,1) 1
066/008/im1.png (288,352,1) 1
066/008/im2.png (288,352,1) 1
066/008/im3.png (288,352,1) 1
066/008/im4.png (288,352,1) 1
066/008/im5.png (288,352,1) 1
066/008/im6.png (288,352,1) 1
066/008/im7.png (288,352,1) 1
066/008/im8.png (288,352,1) 1
066/008/im9.png (288,352,1) 1
066/008/im10.png (288,352,1) 1
066/008/im11.png (288,352,1) 1
066/008/im12.png (288,352,1) 1
066/008/im13.png (288,352,1) 1
066/008/im14.png (288,352,1) 1
066/008/im15.png (288,352,1) 1
066/009/im1.png (288,352,1) 1
066/009/im2.png (288,352,1) 1
066/009/im3.png (288,352,1) 1
066/009/im4.png (288,352,1) 1
066/009/im5.png (288,352,1) 1
066/009/im6.png (288,352,1) 1
066/009/im7.png (288,352,1) 1
066/009/im8.png (288,352,1) 1
066/009/im9.png (288,352,1) 1
066/009/im10.png (288,352,1) 1
066/009/im11.png (288,352,1) 1
066/009/im12.png (288,352,1) 1
066/009/im13.png (288,352,1) 1
066/009/im14.png (288,352,1) 1
066/009/im15.png (288,352,1) 1
066/010/im1.png (288,352,1) 1
066/010/im2.png (288,352,1) 1
066/010/im3.png (288,352,1) 1
066/010/im4.png (288,352,1) 1
066/010/im5.png (288,352,1) 1
066/010/im6.png (288,352,1) 1
066/010/im7.png (288,352,1) 1
066/010/im8.png (288,352,1) 1
066/010/im9.png (288,352,1) 1
066/010/im10.png (288,352,1) 1
066/010/im11.png (288,352,1) 1
066/010/im12.png (288,352,1) 1
066/010/im13.png (288,352,1) 1
066/010/im14.png (288,352,1) 1
066/010/im15.png (288,352,1) 1
066/011/im1.png (288,352,1) 1
066/011/im2.png (288,352,1) 1
066/011/im3.png (288,352,1) 1
066/011/im4.png (288,352,1) 1
066/011/im5.png (288,352,1) 1
066/011/im6.png (288,352,1) 1
066/011/im7.png (288,352,1) 1
066/011/im8.png (288,352,1) 1
066/011/im9.png (288,352,1) 1
066/011/im10.png (288,352,1) 1
066/011/im11.png (288,352,1) 1
066/011/im12.png (288,352,1) 1
066/011/im13.png (288,352,1) 1
066/011/im14.png (288,352,1) 1
066/011/im15.png (288,352,1) 1
066/012/im1.png (288,352,1) 1
066/012/im2.png (288,352,1) 1
066/012/im3.png (288,352,1) 1
066/012/im4.png (288,352,1) 1
066/012/im5.png (288,352,1) 1
066/012/im6.png (288,352,1) 1
066/012/im7.png (288,352,1) 1
066/012/im8.png (288,352,1) 1
066/012/im9.png (288,352,1) 1
066/012/im10.png (288,352,1) 1
066/012/im11.png (288,352,1) 1
066/012/im12.png (288,352,1) 1
066/012/im13.png (288,352,1) 1
066/012/im14.png (288,352,1) 1
066/012/im15.png (288,352,1) 1
066/013/im1.png (288,352,1) 1
066/013/im2.png (288,352,1) 1
066/013/im3.png (288,352,1) 1
066/013/im4.png (288,352,1) 1
066/013/im5.png (288,352,1) 1
066/013/im6.png (288,352,1) 1
066/013/im7.png (288,352,1) 1
066/013/im8.png (288,352,1) 1
066/013/im9.png (288,352,1) 1
066/013/im10.png (288,352,1) 1
066/013/im11.png (288,352,1) 1
066/013/im12.png (288,352,1) 1
066/013/im13.png (288,352,1) 1
066/013/im14.png (288,352,1) 1
066/013/im15.png (288,352,1) 1
066/014/im1.png (288,352,1) 1
066/014/im2.png (288,352,1) 1
066/014/im3.png (288,352,1) 1
066/014/im4.png (288,352,1) 1
066/014/im5.png (288,352,1) 1
066/014/im6.png (288,352,1) 1
066/014/im7.png (288,352,1) 1
066/014/im8.png (288,352,1) 1
066/014/im9.png (288,352,1) 1
066/014/im10.png (288,352,1) 1
066/014/im11.png (288,352,1) 1
066/014/im12.png (288,352,1) 1
066/014/im13.png (288,352,1) 1
066/014/im14.png (288,352,1) 1
066/014/im15.png (288,352,1) 1
066/015/im1.png (288,352,1) 1
066/015/im2.png (288,352,1) 1
066/015/im3.png (288,352,1) 1
066/015/im4.png (288,352,1) 1
066/015/im5.png (288,352,1) 1
066/015/im6.png (288,352,1) 1
066/015/im7.png (288,352,1) 1
066/015/im8.png (288,352,1) 1
066/015/im9.png (288,352,1) 1
066/015/im10.png (288,352,1) 1
066/015/im11.png (288,352,1) 1
066/015/im12.png (288,352,1) 1
066/015/im13.png (288,352,1) 1
066/015/im14.png (288,352,1) 1
066/015/im15.png (288,352,1) 1
066/016/im1.png (288,352,1) 1
066/016/im2.png (288,352,1) 1
066/016/im3.png (288,352,1) 1
066/016/im4.png (288,352,1) 1
066/016/im5.png (288,352,1) 1
066/016/im6.png (288,352,1) 1
066/016/im7.png (288,352,1) 1
066/016/im8.png (288,352,1) 1
066/016/im9.png (288,352,1) 1
066/016/im10.png (288,352,1) 1
066/016/im11.png (288,352,1) 1
066/016/im12.png (288,352,1) 1
066/016/im13.png (288,352,1) 1
066/016/im14.png (288,352,1) 1
066/016/im15.png (288,352,1) 1
066/017/im1.png (288,352,1) 1
066/017/im2.png (288,352,1) 1
066/017/im3.png (288,352,1) 1
066/017/im4.png (288,352,1) 1
066/017/im5.png (288,352,1) 1
066/017/im6.png (288,352,1) 1
066/017/im7.png (288,352,1) 1
066/017/im8.png (288,352,1) 1
066/017/im9.png (288,352,1) 1
066/017/im10.png (288,352,1) 1
066/017/im11.png (288,352,1) 1
066/017/im12.png (288,352,1) 1
066/017/im13.png (288,352,1) 1
066/017/im14.png (288,352,1) 1
066/017/im15.png (288,352,1) 1
066/018/im1.png (288,352,1) 1
066/018/im2.png (288,352,1) 1
066/018/im3.png (288,352,1) 1
066/018/im4.png (288,352,1) 1
066/018/im5.png (288,352,1) 1
066/018/im6.png (288,352,1) 1
066/018/im7.png (288,352,1) 1
066/018/im8.png (288,352,1) 1
066/018/im9.png (288,352,1) 1
066/018/im10.png (288,352,1) 1
066/018/im11.png (288,352,1) 1
066/018/im12.png (288,352,1) 1
066/018/im13.png (288,352,1) 1
066/018/im14.png (288,352,1) 1
066/018/im15.png (288,352,1) 1
066/019/im1.png (288,352,1) 1
066/019/im2.png (288,352,1) 1
066/019/im3.png (288,352,1) 1
066/019/im4.png (288,352,1) 1
066/019/im5.png (288,352,1) 1
066/019/im6.png (288,352,1) 1
066/019/im7.png (288,352,1) 1
066/019/im8.png (288,352,1) 1
066/019/im9.png (288,352,1) 1
066/019/im10.png (288,352,1) 1
066/019/im11.png (288,352,1) 1
066/019/im12.png (288,352,1) 1
066/019/im13.png (288,352,1) 1
066/019/im14.png (288,352,1) 1
066/019/im15.png (288,352,1) 1
066/020/im1.png (288,352,1) 1
066/020/im2.png (288,352,1) 1
066/020/im3.png (288,352,1) 1
066/020/im4.png (288,352,1) 1
066/020/im5.png (288,352,1) 1
066/020/im6.png (288,352,1) 1
066/020/im7.png (288,352,1) 1
066/020/im8.png (288,352,1) 1
066/020/im9.png (288,352,1) 1
066/020/im10.png (288,352,1) 1
066/020/im11.png (288,352,1) 1
066/020/im12.png (288,352,1) 1
066/020/im13.png (288,352,1) 1
066/020/im14.png (288,352,1) 1
066/020/im15.png (288,352,1) 1
067/001/im1.png (288,352,1) 1
067/001/im2.png (288,352,1) 1
067/001/im3.png (288,352,1) 1
067/001/im4.png (288,352,1) 1
067/001/im5.png (288,352,1) 1
067/001/im6.png (288,352,1) 1
067/001/im7.png (288,352,1) 1
067/001/im8.png (288,352,1) 1
067/001/im9.png (288,352,1) 1
067/001/im10.png (288,352,1) 1
067/001/im11.png (288,352,1) 1
067/001/im12.png (288,352,1) 1
067/001/im13.png (288,352,1) 1
067/001/im14.png (288,352,1) 1
067/001/im15.png (288,352,1) 1
067/002/im1.png (288,352,1) 1
067/002/im2.png (288,352,1) 1
067/002/im3.png (288,352,1) 1
067/002/im4.png (288,352,1) 1
067/002/im5.png (288,352,1) 1
067/002/im6.png (288,352,1) 1
067/002/im7.png (288,352,1) 1
067/002/im8.png (288,352,1) 1
067/002/im9.png (288,352,1) 1
067/002/im10.png (288,352,1) 1
067/002/im11.png (288,352,1) 1
067/002/im12.png (288,352,1) 1
067/002/im13.png (288,352,1) 1
067/002/im14.png (288,352,1) 1
067/002/im15.png (288,352,1) 1
067/003/im1.png (288,352,1) 1
067/003/im2.png (288,352,1) 1
067/003/im3.png (288,352,1) 1
067/003/im4.png (288,352,1) 1
067/003/im5.png (288,352,1) 1
067/003/im6.png (288,352,1) 1
067/003/im7.png (288,352,1) 1
067/003/im8.png (288,352,1) 1
067/003/im9.png (288,352,1) 1
067/003/im10.png (288,352,1) 1
067/003/im11.png (288,352,1) 1
067/003/im12.png (288,352,1) 1
067/003/im13.png (288,352,1) 1
067/003/im14.png (288,352,1) 1
067/003/im15.png (288,352,1) 1
067/004/im1.png (288,352,1) 1
067/004/im2.png (288,352,1) 1
067/004/im3.png (288,352,1) 1
067/004/im4.png (288,352,1) 1
067/004/im5.png (288,352,1) 1
067/004/im6.png (288,352,1) 1
067/004/im7.png (288,352,1) 1
067/004/im8.png (288,352,1) 1
067/004/im9.png (288,352,1) 1
067/004/im10.png (288,352,1) 1
067/004/im11.png (288,352,1) 1
067/004/im12.png (288,352,1) 1
067/004/im13.png (288,352,1) 1
067/004/im14.png (288,352,1) 1
067/004/im15.png (288,352,1) 1
067/005/im1.png (288,352,1) 1
067/005/im2.png (288,352,1) 1
067/005/im3.png (288,352,1) 1
067/005/im4.png (288,352,1) 1
067/005/im5.png (288,352,1) 1
067/005/im6.png (288,352,1) 1
067/005/im7.png (288,352,1) 1
067/005/im8.png (288,352,1) 1
067/005/im9.png (288,352,1) 1
067/005/im10.png (288,352,1) 1
067/005/im11.png (288,352,1) 1
067/005/im12.png (288,352,1) 1
067/005/im13.png (288,352,1) 1
067/005/im14.png (288,352,1) 1
067/005/im15.png (288,352,1) 1
067/006/im1.png (288,352,1) 1
067/006/im2.png (288,352,1) 1
067/006/im3.png (288,352,1) 1
067/006/im4.png (288,352,1) 1
067/006/im5.png (288,352,1) 1
067/006/im6.png (288,352,1) 1
067/006/im7.png (288,352,1) 1
067/006/im8.png (288,352,1) 1
067/006/im9.png (288,352,1) 1
067/006/im10.png (288,352,1) 1
067/006/im11.png (288,352,1) 1
067/006/im12.png (288,352,1) 1
067/006/im13.png (288,352,1) 1
067/006/im14.png (288,352,1) 1
067/006/im15.png (288,352,1) 1
067/007/im1.png (288,352,1) 1
067/007/im2.png (288,352,1) 1
067/007/im3.png (288,352,1) 1
067/007/im4.png (288,352,1) 1
067/007/im5.png (288,352,1) 1
067/007/im6.png (288,352,1) 1
067/007/im7.png (288,352,1) 1
067/007/im8.png (288,352,1) 1
067/007/im9.png (288,352,1) 1
067/007/im10.png (288,352,1) 1
067/007/im11.png (288,352,1) 1
067/007/im12.png (288,352,1) 1
067/007/im13.png (288,352,1) 1
067/007/im14.png (288,352,1) 1
067/007/im15.png (288,352,1) 1
067/008/im1.png (288,352,1) 1
067/008/im2.png (288,352,1) 1
067/008/im3.png (288,352,1) 1
067/008/im4.png (288,352,1) 1
067/008/im5.png (288,352,1) 1
067/008/im6.png (288,352,1) 1
067/008/im7.png (288,352,1) 1
067/008/im8.png (288,352,1) 1
067/008/im9.png (288,352,1) 1
067/008/im10.png (288,352,1) 1
067/008/im11.png (288,352,1) 1
067/008/im12.png (288,352,1) 1
067/008/im13.png (288,352,1) 1
067/008/im14.png (288,352,1) 1
067/008/im15.png (288,352,1) 1
067/009/im1.png (288,352,1) 1
067/009/im2.png (288,352,1) 1
067/009/im3.png (288,352,1) 1
067/009/im4.png (288,352,1) 1
067/009/im5.png (288,352,1) 1
067/009/im6.png (288,352,1) 1
067/009/im7.png (288,352,1) 1
067/009/im8.png (288,352,1) 1
067/009/im9.png (288,352,1) 1
067/009/im10.png (288,352,1) 1
067/009/im11.png (288,352,1) 1
067/009/im12.png (288,352,1) 1
067/009/im13.png (288,352,1) 1
067/009/im14.png (288,352,1) 1
067/009/im15.png (288,352,1) 1
067/010/im1.png (288,352,1) 1
067/010/im2.png (288,352,1) 1
067/010/im3.png (288,352,1) 1
067/010/im4.png (288,352,1) 1
067/010/im5.png (288,352,1) 1
067/010/im6.png (288,352,1) 1
067/010/im7.png (288,352,1) 1
067/010/im8.png (288,352,1) 1
067/010/im9.png (288,352,1) 1
067/010/im10.png (288,352,1) 1
067/010/im11.png (288,352,1) 1
067/010/im12.png (288,352,1) 1
067/010/im13.png (288,352,1) 1
067/010/im14.png (288,352,1) 1
067/010/im15.png (288,352,1) 1
067/011/im1.png (288,352,1) 1
067/011/im2.png (288,352,1) 1
067/011/im3.png (288,352,1) 1
067/011/im4.png (288,352,1) 1
067/011/im5.png (288,352,1) 1
067/011/im6.png (288,352,1) 1
067/011/im7.png (288,352,1) 1
067/011/im8.png (288,352,1) 1
067/011/im9.png (288,352,1) 1
067/011/im10.png (288,352,1) 1
067/011/im11.png (288,352,1) 1
067/011/im12.png (288,352,1) 1
067/011/im13.png (288,352,1) 1
067/011/im14.png (288,352,1) 1
067/011/im15.png (288,352,1) 1
067/012/im1.png (288,352,1) 1
067/012/im2.png (288,352,1) 1
067/012/im3.png (288,352,1) 1
067/012/im4.png (288,352,1) 1
067/012/im5.png (288,352,1) 1
067/012/im6.png (288,352,1) 1
067/012/im7.png (288,352,1) 1
067/012/im8.png (288,352,1) 1
067/012/im9.png (288,352,1) 1
067/012/im10.png (288,352,1) 1
067/012/im11.png (288,352,1) 1
067/012/im12.png (288,352,1) 1
067/012/im13.png (288,352,1) 1
067/012/im14.png (288,352,1) 1
067/012/im15.png (288,352,1) 1
067/013/im1.png (288,352,1) 1
067/013/im2.png (288,352,1) 1
067/013/im3.png (288,352,1) 1
067/013/im4.png (288,352,1) 1
067/013/im5.png (288,352,1) 1
067/013/im6.png (288,352,1) 1
067/013/im7.png (288,352,1) 1
067/013/im8.png (288,352,1) 1
067/013/im9.png (288,352,1) 1
067/013/im10.png (288,352,1) 1
067/013/im11.png (288,352,1) 1
067/013/im12.png (288,352,1) 1
067/013/im13.png (288,352,1) 1
067/013/im14.png (288,352,1) 1
067/013/im15.png (288,352,1) 1
067/014/im1.png (288,352,1) 1
067/014/im2.png (288,352,1) 1
067/014/im3.png (288,352,1) 1
067/014/im4.png (288,352,1) 1
067/014/im5.png (288,352,1) 1
067/014/im6.png (288,352,1) 1
067/014/im7.png (288,352,1) 1
067/014/im8.png (288,352,1) 1
067/014/im9.png (288,352,1) 1
067/014/im10.png (288,352,1) 1
067/014/im11.png (288,352,1) 1
067/014/im12.png (288,352,1) 1
067/014/im13.png (288,352,1) 1
067/014/im14.png (288,352,1) 1
067/014/im15.png (288,352,1) 1
067/015/im1.png (288,352,1) 1
067/015/im2.png (288,352,1) 1
067/015/im3.png (288,352,1) 1
067/015/im4.png (288,352,1) 1
067/015/im5.png (288,352,1) 1
067/015/im6.png (288,352,1) 1
067/015/im7.png (288,352,1) 1
067/015/im8.png (288,352,1) 1
067/015/im9.png (288,352,1) 1
067/015/im10.png (288,352,1) 1
067/015/im11.png (288,352,1) 1
067/015/im12.png (288,352,1) 1
067/015/im13.png (288,352,1) 1
067/015/im14.png (288,352,1) 1
067/015/im15.png (288,352,1) 1
067/016/im1.png (288,352,1) 1
067/016/im2.png (288,352,1) 1
067/016/im3.png (288,352,1) 1
067/016/im4.png (288,352,1) 1
067/016/im5.png (288,352,1) 1
067/016/im6.png (288,352,1) 1
067/016/im7.png (288,352,1) 1
067/016/im8.png (288,352,1) 1
067/016/im9.png (288,352,1) 1
067/016/im10.png (288,352,1) 1
067/016/im11.png (288,352,1) 1
067/016/im12.png (288,352,1) 1
067/016/im13.png (288,352,1) 1
067/016/im14.png (288,352,1) 1
067/016/im15.png (288,352,1) 1
067/017/im1.png (288,352,1) 1
067/017/im2.png (288,352,1) 1
067/017/im3.png (288,352,1) 1
067/017/im4.png (288,352,1) 1
067/017/im5.png (288,352,1) 1
067/017/im6.png (288,352,1) 1
067/017/im7.png (288,352,1) 1
067/017/im8.png (288,352,1) 1
067/017/im9.png (288,352,1) 1
067/017/im10.png (288,352,1) 1
067/017/im11.png (288,352,1) 1
067/017/im12.png (288,352,1) 1
067/017/im13.png (288,352,1) 1
067/017/im14.png (288,352,1) 1
067/017/im15.png (288,352,1) 1
068/001/im1.png (1080,1920,1) 1
068/001/im2.png (1080,1920,1) 1
068/001/im3.png (1080,1920,1) 1
068/001/im4.png (1080,1920,1) 1
068/001/im5.png (1080,1920,1) 1
068/001/im6.png (1080,1920,1) 1
068/001/im7.png (1080,1920,1) 1
068/001/im8.png (1080,1920,1) 1
068/001/im9.png (1080,1920,1) 1
068/001/im10.png (1080,1920,1) 1
068/001/im11.png (1080,1920,1) 1
068/001/im12.png (1080,1920,1) 1
068/001/im13.png (1080,1920,1) 1
068/001/im14.png (1080,1920,1) 1
068/001/im15.png (1080,1920,1) 1
068/002/im1.png (1080,1920,1) 1
068/002/im2.png (1080,1920,1) 1
068/002/im3.png (1080,1920,1) 1
068/002/im4.png (1080,1920,1) 1
068/002/im5.png (1080,1920,1) 1
068/002/im6.png (1080,1920,1) 1
068/002/im7.png (1080,1920,1) 1
068/002/im8.png (1080,1920,1) 1
068/002/im9.png (1080,1920,1) 1
068/002/im10.png (1080,1920,1) 1
068/002/im11.png (1080,1920,1) 1
068/002/im12.png (1080,1920,1) 1
068/002/im13.png (1080,1920,1) 1
068/002/im14.png (1080,1920,1) 1
068/002/im15.png (1080,1920,1) 1
068/003/im1.png (1080,1920,1) 1
068/003/im2.png (1080,1920,1) 1
068/003/im3.png (1080,1920,1) 1
068/003/im4.png (1080,1920,1) 1
068/003/im5.png (1080,1920,1) 1
068/003/im6.png (1080,1920,1) 1
068/003/im7.png (1080,1920,1) 1
068/003/im8.png (1080,1920,1) 1
068/003/im9.png (1080,1920,1) 1
068/003/im10.png (1080,1920,1) 1
068/003/im11.png (1080,1920,1) 1
068/003/im12.png (1080,1920,1) 1
068/003/im13.png (1080,1920,1) 1
068/003/im14.png (1080,1920,1) 1
068/003/im15.png (1080,1920,1) 1
068/004/im1.png (1080,1920,1) 1
068/004/im2.png (1080,1920,1) 1
068/004/im3.png (1080,1920,1) 1
068/004/im4.png (1080,1920,1) 1
068/004/im5.png (1080,1920,1) 1
068/004/im6.png (1080,1920,1) 1
068/004/im7.png (1080,1920,1) 1
068/004/im8.png (1080,1920,1) 1
068/004/im9.png (1080,1920,1) 1
068/004/im10.png (1080,1920,1) 1
068/004/im11.png (1080,1920,1) 1
068/004/im12.png (1080,1920,1) 1
068/004/im13.png (1080,1920,1) 1
068/004/im14.png (1080,1920,1) 1
068/004/im15.png (1080,1920,1) 1
068/005/im1.png (1080,1920,1) 1
068/005/im2.png (1080,1920,1) 1
068/005/im3.png (1080,1920,1) 1
068/005/im4.png (1080,1920,1) 1
068/005/im5.png (1080,1920,1) 1
068/005/im6.png (1080,1920,1) 1
068/005/im7.png (1080,1920,1) 1
068/005/im8.png (1080,1920,1) 1
068/005/im9.png (1080,1920,1) 1
068/005/im10.png (1080,1920,1) 1
068/005/im11.png (1080,1920,1) 1
068/005/im12.png (1080,1920,1) 1
068/005/im13.png (1080,1920,1) 1
068/005/im14.png (1080,1920,1) 1
068/005/im15.png (1080,1920,1) 1
068/006/im1.png (1080,1920,1) 1
068/006/im2.png (1080,1920,1) 1
068/006/im3.png (1080,1920,1) 1
068/006/im4.png (1080,1920,1) 1
068/006/im5.png (1080,1920,1) 1
068/006/im6.png (1080,1920,1) 1
068/006/im7.png (1080,1920,1) 1
068/006/im8.png (1080,1920,1) 1
068/006/im9.png (1080,1920,1) 1
068/006/im10.png (1080,1920,1) 1
068/006/im11.png (1080,1920,1) 1
068/006/im12.png (1080,1920,1) 1
068/006/im13.png (1080,1920,1) 1
068/006/im14.png (1080,1920,1) 1
068/006/im15.png (1080,1920,1) 1
068/007/im1.png (1080,1920,1) 1
068/007/im2.png (1080,1920,1) 1
068/007/im3.png (1080,1920,1) 1
068/007/im4.png (1080,1920,1) 1
068/007/im5.png (1080,1920,1) 1
068/007/im6.png (1080,1920,1) 1
068/007/im7.png (1080,1920,1) 1
068/007/im8.png (1080,1920,1) 1
068/007/im9.png (1080,1920,1) 1
068/007/im10.png (1080,1920,1) 1
068/007/im11.png (1080,1920,1) 1
068/007/im12.png (1080,1920,1) 1
068/007/im13.png (1080,1920,1) 1
068/007/im14.png (1080,1920,1) 1
068/007/im15.png (1080,1920,1) 1
068/008/im1.png (1080,1920,1) 1
068/008/im2.png (1080,1920,1) 1
068/008/im3.png (1080,1920,1) 1
068/008/im4.png (1080,1920,1) 1
068/008/im5.png (1080,1920,1) 1
068/008/im6.png (1080,1920,1) 1
068/008/im7.png (1080,1920,1) 1
068/008/im8.png (1080,1920,1) 1
068/008/im9.png (1080,1920,1) 1
068/008/im10.png (1080,1920,1) 1
068/008/im11.png (1080,1920,1) 1
068/008/im12.png (1080,1920,1) 1
068/008/im13.png (1080,1920,1) 1
068/008/im14.png (1080,1920,1) 1
068/008/im15.png (1080,1920,1) 1
068/009/im1.png (1080,1920,1) 1
068/009/im2.png (1080,1920,1) 1
068/009/im3.png (1080,1920,1) 1
068/009/im4.png (1080,1920,1) 1
068/009/im5.png (1080,1920,1) 1
068/009/im6.png (1080,1920,1) 1
068/009/im7.png (1080,1920,1) 1
068/009/im8.png (1080,1920,1) 1
068/009/im9.png (1080,1920,1) 1
068/009/im10.png (1080,1920,1) 1
068/009/im11.png (1080,1920,1) 1
068/009/im12.png (1080,1920,1) 1
068/009/im13.png (1080,1920,1) 1
068/009/im14.png (1080,1920,1) 1
068/009/im15.png (1080,1920,1) 1
068/010/im1.png (1080,1920,1) 1
068/010/im2.png (1080,1920,1) 1
068/010/im3.png (1080,1920,1) 1
068/010/im4.png (1080,1920,1) 1
068/010/im5.png (1080,1920,1) 1
068/010/im6.png (1080,1920,1) 1
068/010/im7.png (1080,1920,1) 1
068/010/im8.png (1080,1920,1) 1
068/010/im9.png (1080,1920,1) 1
068/010/im10.png (1080,1920,1) 1
068/010/im11.png (1080,1920,1) 1
068/010/im12.png (1080,1920,1) 1
068/010/im13.png (1080,1920,1) 1
068/010/im14.png (1080,1920,1) 1
068/010/im15.png (1080,1920,1) 1
068/011/im1.png (1080,1920,1) 1
068/011/im2.png (1080,1920,1) 1
068/011/im3.png (1080,1920,1) 1
068/011/im4.png (1080,1920,1) 1
068/011/im5.png (1080,1920,1) 1
068/011/im6.png (1080,1920,1) 1
068/011/im7.png (1080,1920,1) 1
068/011/im8.png (1080,1920,1) 1
068/011/im9.png (1080,1920,1) 1
068/011/im10.png (1080,1920,1) 1
068/011/im11.png (1080,1920,1) 1
068/011/im12.png (1080,1920,1) 1
068/011/im13.png (1080,1920,1) 1
068/011/im14.png (1080,1920,1) 1
068/011/im15.png (1080,1920,1) 1
068/012/im1.png (1080,1920,1) 1
068/012/im2.png (1080,1920,1) 1
068/012/im3.png (1080,1920,1) 1
068/012/im4.png (1080,1920,1) 1
068/012/im5.png (1080,1920,1) 1
068/012/im6.png (1080,1920,1) 1
068/012/im7.png (1080,1920,1) 1
068/012/im8.png (1080,1920,1) 1
068/012/im9.png (1080,1920,1) 1
068/012/im10.png (1080,1920,1) 1
068/012/im11.png (1080,1920,1) 1
068/012/im12.png (1080,1920,1) 1
068/012/im13.png (1080,1920,1) 1
068/012/im14.png (1080,1920,1) 1
068/012/im15.png (1080,1920,1) 1
068/013/im1.png (1080,1920,1) 1
068/013/im2.png (1080,1920,1) 1
068/013/im3.png (1080,1920,1) 1
068/013/im4.png (1080,1920,1) 1
068/013/im5.png (1080,1920,1) 1
068/013/im6.png (1080,1920,1) 1
068/013/im7.png (1080,1920,1) 1
068/013/im8.png (1080,1920,1) 1
068/013/im9.png (1080,1920,1) 1
068/013/im10.png (1080,1920,1) 1
068/013/im11.png (1080,1920,1) 1
068/013/im12.png (1080,1920,1) 1
068/013/im13.png (1080,1920,1) 1
068/013/im14.png (1080,1920,1) 1
068/013/im15.png (1080,1920,1) 1
068/014/im1.png (1080,1920,1) 1
068/014/im2.png (1080,1920,1) 1
068/014/im3.png (1080,1920,1) 1
068/014/im4.png (1080,1920,1) 1
068/014/im5.png (1080,1920,1) 1
068/014/im6.png (1080,1920,1) 1
068/014/im7.png (1080,1920,1) 1
068/014/im8.png (1080,1920,1) 1
068/014/im9.png (1080,1920,1) 1
068/014/im10.png (1080,1920,1) 1
068/014/im11.png (1080,1920,1) 1
068/014/im12.png (1080,1920,1) 1
068/014/im13.png (1080,1920,1) 1
068/014/im14.png (1080,1920,1) 1
068/014/im15.png (1080,1920,1) 1
068/015/im1.png (1080,1920,1) 1
068/015/im2.png (1080,1920,1) 1
068/015/im3.png (1080,1920,1) 1
068/015/im4.png (1080,1920,1) 1
068/015/im5.png (1080,1920,1) 1
068/015/im6.png (1080,1920,1) 1
068/015/im7.png (1080,1920,1) 1
068/015/im8.png (1080,1920,1) 1
068/015/im9.png (1080,1920,1) 1
068/015/im10.png (1080,1920,1) 1
068/015/im11.png (1080,1920,1) 1
068/015/im12.png (1080,1920,1) 1
068/015/im13.png (1080,1920,1) 1
068/015/im14.png (1080,1920,1) 1
068/015/im15.png (1080,1920,1) 1
068/016/im1.png (1080,1920,1) 1
068/016/im2.png (1080,1920,1) 1
068/016/im3.png (1080,1920,1) 1
068/016/im4.png (1080,1920,1) 1
068/016/im5.png (1080,1920,1) 1
068/016/im6.png (1080,1920,1) 1
068/016/im7.png (1080,1920,1) 1
068/016/im8.png (1080,1920,1) 1
068/016/im9.png (1080,1920,1) 1
068/016/im10.png (1080,1920,1) 1
068/016/im11.png (1080,1920,1) 1
068/016/im12.png (1080,1920,1) 1
068/016/im13.png (1080,1920,1) 1
068/016/im14.png (1080,1920,1) 1
068/016/im15.png (1080,1920,1) 1
068/017/im1.png (1080,1920,1) 1
068/017/im2.png (1080,1920,1) 1
068/017/im3.png (1080,1920,1) 1
068/017/im4.png (1080,1920,1) 1
068/017/im5.png (1080,1920,1) 1
068/017/im6.png (1080,1920,1) 1
068/017/im7.png (1080,1920,1) 1
068/017/im8.png (1080,1920,1) 1
068/017/im9.png (1080,1920,1) 1
068/017/im10.png (1080,1920,1) 1
068/017/im11.png (1080,1920,1) 1
068/017/im12.png (1080,1920,1) 1
068/017/im13.png (1080,1920,1) 1
068/017/im14.png (1080,1920,1) 1
068/017/im15.png (1080,1920,1) 1
068/018/im1.png (1080,1920,1) 1
068/018/im2.png (1080,1920,1) 1
068/018/im3.png (1080,1920,1) 1
068/018/im4.png (1080,1920,1) 1
068/018/im5.png (1080,1920,1) 1
068/018/im6.png (1080,1920,1) 1
068/018/im7.png (1080,1920,1) 1
068/018/im8.png (1080,1920,1) 1
068/018/im9.png (1080,1920,1) 1
068/018/im10.png (1080,1920,1) 1
068/018/im11.png (1080,1920,1) 1
068/018/im12.png (1080,1920,1) 1
068/018/im13.png (1080,1920,1) 1
068/018/im14.png (1080,1920,1) 1
068/018/im15.png (1080,1920,1) 1
068/019/im1.png (1080,1920,1) 1
068/019/im2.png (1080,1920,1) 1
068/019/im3.png (1080,1920,1) 1
068/019/im4.png (1080,1920,1) 1
068/019/im5.png (1080,1920,1) 1
068/019/im6.png (1080,1920,1) 1
068/019/im7.png (1080,1920,1) 1
068/019/im8.png (1080,1920,1) 1
068/019/im9.png (1080,1920,1) 1
068/019/im10.png (1080,1920,1) 1
068/019/im11.png (1080,1920,1) 1
068/019/im12.png (1080,1920,1) 1
068/019/im13.png (1080,1920,1) 1
068/019/im14.png (1080,1920,1) 1
068/019/im15.png (1080,1920,1) 1
068/020/im1.png (1080,1920,1) 1
068/020/im2.png (1080,1920,1) 1
068/020/im3.png (1080,1920,1) 1
068/020/im4.png (1080,1920,1) 1
068/020/im5.png (1080,1920,1) 1
068/020/im6.png (1080,1920,1) 1
068/020/im7.png (1080,1920,1) 1
068/020/im8.png (1080,1920,1) 1
068/020/im9.png (1080,1920,1) 1
068/020/im10.png (1080,1920,1) 1
068/020/im11.png (1080,1920,1) 1
068/020/im12.png (1080,1920,1) 1
068/020/im13.png (1080,1920,1) 1
068/020/im14.png (1080,1920,1) 1
068/020/im15.png (1080,1920,1) 1
069/001/im1.png (1080,1920,1) 1
069/001/im2.png (1080,1920,1) 1
069/001/im3.png (1080,1920,1) 1
069/001/im4.png (1080,1920,1) 1
069/001/im5.png (1080,1920,1) 1
069/001/im6.png (1080,1920,1) 1
069/001/im7.png (1080,1920,1) 1
069/001/im8.png (1080,1920,1) 1
069/001/im9.png (1080,1920,1) 1
069/001/im10.png (1080,1920,1) 1
069/001/im11.png (1080,1920,1) 1
069/001/im12.png (1080,1920,1) 1
069/001/im13.png (1080,1920,1) 1
069/001/im14.png (1080,1920,1) 1
069/001/im15.png (1080,1920,1) 1
069/002/im1.png (1080,1920,1) 1
069/002/im2.png (1080,1920,1) 1
069/002/im3.png (1080,1920,1) 1
069/002/im4.png (1080,1920,1) 1
069/002/im5.png (1080,1920,1) 1
069/002/im6.png (1080,1920,1) 1
069/002/im7.png (1080,1920,1) 1
069/002/im8.png (1080,1920,1) 1
069/002/im9.png (1080,1920,1) 1
069/002/im10.png (1080,1920,1) 1
069/002/im11.png (1080,1920,1) 1
069/002/im12.png (1080,1920,1) 1
069/002/im13.png (1080,1920,1) 1
069/002/im14.png (1080,1920,1) 1
069/002/im15.png (1080,1920,1) 1
069/003/im1.png (1080,1920,1) 1
069/003/im2.png (1080,1920,1) 1
069/003/im3.png (1080,1920,1) 1
069/003/im4.png (1080,1920,1) 1
069/003/im5.png (1080,1920,1) 1
069/003/im6.png (1080,1920,1) 1
069/003/im7.png (1080,1920,1) 1
069/003/im8.png (1080,1920,1) 1
069/003/im9.png (1080,1920,1) 1
069/003/im10.png (1080,1920,1) 1
069/003/im11.png (1080,1920,1) 1
069/003/im12.png (1080,1920,1) 1
069/003/im13.png (1080,1920,1) 1
069/003/im14.png (1080,1920,1) 1
069/003/im15.png (1080,1920,1) 1
069/004/im1.png (1080,1920,1) 1
069/004/im2.png (1080,1920,1) 1
069/004/im3.png (1080,1920,1) 1
069/004/im4.png (1080,1920,1) 1
069/004/im5.png (1080,1920,1) 1
069/004/im6.png (1080,1920,1) 1
069/004/im7.png (1080,1920,1) 1
069/004/im8.png (1080,1920,1) 1
069/004/im9.png (1080,1920,1) 1
069/004/im10.png (1080,1920,1) 1
069/004/im11.png (1080,1920,1) 1
069/004/im12.png (1080,1920,1) 1
069/004/im13.png (1080,1920,1) 1
069/004/im14.png (1080,1920,1) 1
069/004/im15.png (1080,1920,1) 1
069/005/im1.png (1080,1920,1) 1
069/005/im2.png (1080,1920,1) 1
069/005/im3.png (1080,1920,1) 1
069/005/im4.png (1080,1920,1) 1
069/005/im5.png (1080,1920,1) 1
069/005/im6.png (1080,1920,1) 1
069/005/im7.png (1080,1920,1) 1
069/005/im8.png (1080,1920,1) 1
069/005/im9.png (1080,1920,1) 1
069/005/im10.png (1080,1920,1) 1
069/005/im11.png (1080,1920,1) 1
069/005/im12.png (1080,1920,1) 1
069/005/im13.png (1080,1920,1) 1
069/005/im14.png (1080,1920,1) 1
069/005/im15.png (1080,1920,1) 1
069/006/im1.png (1080,1920,1) 1
069/006/im2.png (1080,1920,1) 1
069/006/im3.png (1080,1920,1) 1
069/006/im4.png (1080,1920,1) 1
069/006/im5.png (1080,1920,1) 1
069/006/im6.png (1080,1920,1) 1
069/006/im7.png (1080,1920,1) 1
069/006/im8.png (1080,1920,1) 1
069/006/im9.png (1080,1920,1) 1
069/006/im10.png (1080,1920,1) 1
069/006/im11.png (1080,1920,1) 1
069/006/im12.png (1080,1920,1) 1
069/006/im13.png (1080,1920,1) 1
069/006/im14.png (1080,1920,1) 1
069/006/im15.png (1080,1920,1) 1
069/007/im1.png (1080,1920,1) 1
069/007/im2.png (1080,1920,1) 1
069/007/im3.png (1080,1920,1) 1
069/007/im4.png (1080,1920,1) 1
069/007/im5.png (1080,1920,1) 1
069/007/im6.png (1080,1920,1) 1
069/007/im7.png (1080,1920,1) 1
069/007/im8.png (1080,1920,1) 1
069/007/im9.png (1080,1920,1) 1
069/007/im10.png (1080,1920,1) 1
069/007/im11.png (1080,1920,1) 1
069/007/im12.png (1080,1920,1) 1
069/007/im13.png (1080,1920,1) 1
069/007/im14.png (1080,1920,1) 1
069/007/im15.png (1080,1920,1) 1
069/008/im1.png (1080,1920,1) 1
069/008/im2.png (1080,1920,1) 1
069/008/im3.png (1080,1920,1) 1
069/008/im4.png (1080,1920,1) 1
069/008/im5.png (1080,1920,1) 1
069/008/im6.png (1080,1920,1) 1
069/008/im7.png (1080,1920,1) 1
069/008/im8.png (1080,1920,1) 1
069/008/im9.png (1080,1920,1) 1
069/008/im10.png (1080,1920,1) 1
069/008/im11.png (1080,1920,1) 1
069/008/im12.png (1080,1920,1) 1
069/008/im13.png (1080,1920,1) 1
069/008/im14.png (1080,1920,1) 1
069/008/im15.png (1080,1920,1) 1
069/009/im1.png (1080,1920,1) 1
069/009/im2.png (1080,1920,1) 1
069/009/im3.png (1080,1920,1) 1
069/009/im4.png (1080,1920,1) 1
069/009/im5.png (1080,1920,1) 1
069/009/im6.png (1080,1920,1) 1
069/009/im7.png (1080,1920,1) 1
069/009/im8.png (1080,1920,1) 1
069/009/im9.png (1080,1920,1) 1
069/009/im10.png (1080,1920,1) 1
069/009/im11.png (1080,1920,1) 1
069/009/im12.png (1080,1920,1) 1
069/009/im13.png (1080,1920,1) 1
069/009/im14.png (1080,1920,1) 1
069/009/im15.png (1080,1920,1) 1
069/010/im1.png (1080,1920,1) 1
069/010/im2.png (1080,1920,1) 1
069/010/im3.png (1080,1920,1) 1
069/010/im4.png (1080,1920,1) 1
069/010/im5.png (1080,1920,1) 1
069/010/im6.png (1080,1920,1) 1
069/010/im7.png (1080,1920,1) 1
069/010/im8.png (1080,1920,1) 1
069/010/im9.png (1080,1920,1) 1
069/010/im10.png (1080,1920,1) 1
069/010/im11.png (1080,1920,1) 1
069/010/im12.png (1080,1920,1) 1
069/010/im13.png (1080,1920,1) 1
069/010/im14.png (1080,1920,1) 1
069/010/im15.png (1080,1920,1) 1
069/011/im1.png (1080,1920,1) 1
069/011/im2.png (1080,1920,1) 1
069/011/im3.png (1080,1920,1) 1
069/011/im4.png (1080,1920,1) 1
069/011/im5.png (1080,1920,1) 1
069/011/im6.png (1080,1920,1) 1
069/011/im7.png (1080,1920,1) 1
069/011/im8.png (1080,1920,1) 1
069/011/im9.png (1080,1920,1) 1
069/011/im10.png (1080,1920,1) 1
069/011/im11.png (1080,1920,1) 1
069/011/im12.png (1080,1920,1) 1
069/011/im13.png (1080,1920,1) 1
069/011/im14.png (1080,1920,1) 1
069/011/im15.png (1080,1920,1) 1
069/012/im1.png (1080,1920,1) 1
069/012/im2.png (1080,1920,1) 1
069/012/im3.png (1080,1920,1) 1
069/012/im4.png (1080,1920,1) 1
069/012/im5.png (1080,1920,1) 1
069/012/im6.png (1080,1920,1) 1
069/012/im7.png (1080,1920,1) 1
069/012/im8.png (1080,1920,1) 1
069/012/im9.png (1080,1920,1) 1
069/012/im10.png (1080,1920,1) 1
069/012/im11.png (1080,1920,1) 1
069/012/im12.png (1080,1920,1) 1
069/012/im13.png (1080,1920,1) 1
069/012/im14.png (1080,1920,1) 1
069/012/im15.png (1080,1920,1) 1
069/013/im1.png (1080,1920,1) 1
069/013/im2.png (1080,1920,1) 1
069/013/im3.png (1080,1920,1) 1
069/013/im4.png (1080,1920,1) 1
069/013/im5.png (1080,1920,1) 1
069/013/im6.png (1080,1920,1) 1
069/013/im7.png (1080,1920,1) 1
069/013/im8.png (1080,1920,1) 1
069/013/im9.png (1080,1920,1) 1
069/013/im10.png (1080,1920,1) 1
069/013/im11.png (1080,1920,1) 1
069/013/im12.png (1080,1920,1) 1
069/013/im13.png (1080,1920,1) 1
069/013/im14.png (1080,1920,1) 1
069/013/im15.png (1080,1920,1) 1
069/014/im1.png (1080,1920,1) 1
069/014/im2.png (1080,1920,1) 1
069/014/im3.png (1080,1920,1) 1
069/014/im4.png (1080,1920,1) 1
069/014/im5.png (1080,1920,1) 1
069/014/im6.png (1080,1920,1) 1
069/014/im7.png (1080,1920,1) 1
069/014/im8.png (1080,1920,1) 1
069/014/im9.png (1080,1920,1) 1
069/014/im10.png (1080,1920,1) 1
069/014/im11.png (1080,1920,1) 1
069/014/im12.png (1080,1920,1) 1
069/014/im13.png (1080,1920,1) 1
069/014/im14.png (1080,1920,1) 1
069/014/im15.png (1080,1920,1) 1
069/015/im1.png (1080,1920,1) 1
069/015/im2.png (1080,1920,1) 1
069/015/im3.png (1080,1920,1) 1
069/015/im4.png (1080,1920,1) 1
069/015/im5.png (1080,1920,1) 1
069/015/im6.png (1080,1920,1) 1
069/015/im7.png (1080,1920,1) 1
069/015/im8.png (1080,1920,1) 1
069/015/im9.png (1080,1920,1) 1
069/015/im10.png (1080,1920,1) 1
069/015/im11.png (1080,1920,1) 1
069/015/im12.png (1080,1920,1) 1
069/015/im13.png (1080,1920,1) 1
069/015/im14.png (1080,1920,1) 1
069/015/im15.png (1080,1920,1) 1
069/016/im1.png (1080,1920,1) 1
069/016/im2.png (1080,1920,1) 1
069/016/im3.png (1080,1920,1) 1
069/016/im4.png (1080,1920,1) 1
069/016/im5.png (1080,1920,1) 1
069/016/im6.png (1080,1920,1) 1
069/016/im7.png (1080,1920,1) 1
069/016/im8.png (1080,1920,1) 1
069/016/im9.png (1080,1920,1) 1
069/016/im10.png (1080,1920,1) 1
069/016/im11.png (1080,1920,1) 1
069/016/im12.png (1080,1920,1) 1
069/016/im13.png (1080,1920,1) 1
069/016/im14.png (1080,1920,1) 1
069/016/im15.png (1080,1920,1) 1
069/017/im1.png (1080,1920,1) 1
069/017/im2.png (1080,1920,1) 1
069/017/im3.png (1080,1920,1) 1
069/017/im4.png (1080,1920,1) 1
069/017/im5.png (1080,1920,1) 1
069/017/im6.png (1080,1920,1) 1
069/017/im7.png (1080,1920,1) 1
069/017/im8.png (1080,1920,1) 1
069/017/im9.png (1080,1920,1) 1
069/017/im10.png (1080,1920,1) 1
069/017/im11.png (1080,1920,1) 1
069/017/im12.png (1080,1920,1) 1
069/017/im13.png (1080,1920,1) 1
069/017/im14.png (1080,1920,1) 1
069/017/im15.png (1080,1920,1) 1
069/018/im1.png (1080,1920,1) 1
069/018/im2.png (1080,1920,1) 1
069/018/im3.png (1080,1920,1) 1
069/018/im4.png (1080,1920,1) 1
069/018/im5.png (1080,1920,1) 1
069/018/im6.png (1080,1920,1) 1
069/018/im7.png (1080,1920,1) 1
069/018/im8.png (1080,1920,1) 1
069/018/im9.png (1080,1920,1) 1
069/018/im10.png (1080,1920,1) 1
069/018/im11.png (1080,1920,1) 1
069/018/im12.png (1080,1920,1) 1
069/018/im13.png (1080,1920,1) 1
069/018/im14.png (1080,1920,1) 1
069/018/im15.png (1080,1920,1) 1
069/019/im1.png (1080,1920,1) 1
069/019/im2.png (1080,1920,1) 1
069/019/im3.png (1080,1920,1) 1
069/019/im4.png (1080,1920,1) 1
069/019/im5.png (1080,1920,1) 1
069/019/im6.png (1080,1920,1) 1
069/019/im7.png (1080,1920,1) 1
069/019/im8.png (1080,1920,1) 1
069/019/im9.png (1080,1920,1) 1
069/019/im10.png (1080,1920,1) 1
069/019/im11.png (1080,1920,1) 1
069/019/im12.png (1080,1920,1) 1
069/019/im13.png (1080,1920,1) 1
069/019/im14.png (1080,1920,1) 1
069/019/im15.png (1080,1920,1) 1
069/020/im1.png (1080,1920,1) 1
069/020/im2.png (1080,1920,1) 1
069/020/im3.png (1080,1920,1) 1
069/020/im4.png (1080,1920,1) 1
069/020/im5.png (1080,1920,1) 1
069/020/im6.png (1080,1920,1) 1
069/020/im7.png (1080,1920,1) 1
069/020/im8.png (1080,1920,1) 1
069/020/im9.png (1080,1920,1) 1
069/020/im10.png (1080,1920,1) 1
069/020/im11.png (1080,1920,1) 1
069/020/im12.png (1080,1920,1) 1
069/020/im13.png (1080,1920,1) 1
069/020/im14.png (1080,1920,1) 1
069/020/im15.png (1080,1920,1) 1
070/001/im1.png (360,640,1) 1
070/001/im2.png (360,640,1) 1
070/001/im3.png (360,640,1) 1
070/001/im4.png (360,640,1) 1
070/001/im5.png (360,640,1) 1
070/001/im6.png (360,640,1) 1
070/001/im7.png (360,640,1) 1
070/001/im8.png (360,640,1) 1
070/001/im9.png (360,640,1) 1
070/001/im10.png (360,640,1) 1
070/001/im11.png (360,640,1) 1
070/001/im12.png (360,640,1) 1
070/001/im13.png (360,640,1) 1
070/001/im14.png (360,640,1) 1
070/001/im15.png (360,640,1) 1
070/002/im1.png (360,640,1) 1
070/002/im2.png (360,640,1) 1
070/002/im3.png (360,640,1) 1
070/002/im4.png (360,640,1) 1
070/002/im5.png (360,640,1) 1
070/002/im6.png (360,640,1) 1
070/002/im7.png (360,640,1) 1
070/002/im8.png (360,640,1) 1
070/002/im9.png (360,640,1) 1
070/002/im10.png (360,640,1) 1
070/002/im11.png (360,640,1) 1
070/002/im12.png (360,640,1) 1
070/002/im13.png (360,640,1) 1
070/002/im14.png (360,640,1) 1
070/002/im15.png (360,640,1) 1
070/003/im1.png (360,640,1) 1
070/003/im2.png (360,640,1) 1
070/003/im3.png (360,640,1) 1
070/003/im4.png (360,640,1) 1
070/003/im5.png (360,640,1) 1
070/003/im6.png (360,640,1) 1
070/003/im7.png (360,640,1) 1
070/003/im8.png (360,640,1) 1
070/003/im9.png (360,640,1) 1
070/003/im10.png (360,640,1) 1
070/003/im11.png (360,640,1) 1
070/003/im12.png (360,640,1) 1
070/003/im13.png (360,640,1) 1
070/003/im14.png (360,640,1) 1
070/003/im15.png (360,640,1) 1
070/004/im1.png (360,640,1) 1
070/004/im2.png (360,640,1) 1
070/004/im3.png (360,640,1) 1
070/004/im4.png (360,640,1) 1
070/004/im5.png (360,640,1) 1
070/004/im6.png (360,640,1) 1
070/004/im7.png (360,640,1) 1
070/004/im8.png (360,640,1) 1
070/004/im9.png (360,640,1) 1
070/004/im10.png (360,640,1) 1
070/004/im11.png (360,640,1) 1
070/004/im12.png (360,640,1) 1
070/004/im13.png (360,640,1) 1
070/004/im14.png (360,640,1) 1
070/004/im15.png (360,640,1) 1
070/005/im1.png (360,640,1) 1
070/005/im2.png (360,640,1) 1
070/005/im3.png (360,640,1) 1
070/005/im4.png (360,640,1) 1
070/005/im5.png (360,640,1) 1
070/005/im6.png (360,640,1) 1
070/005/im7.png (360,640,1) 1
070/005/im8.png (360,640,1) 1
070/005/im9.png (360,640,1) 1
070/005/im10.png (360,640,1) 1
070/005/im11.png (360,640,1) 1
070/005/im12.png (360,640,1) 1
070/005/im13.png (360,640,1) 1
070/005/im14.png (360,640,1) 1
070/005/im15.png (360,640,1) 1
070/006/im1.png (360,640,1) 1
070/006/im2.png (360,640,1) 1
070/006/im3.png (360,640,1) 1
070/006/im4.png (360,640,1) 1
070/006/im5.png (360,640,1) 1
070/006/im6.png (360,640,1) 1
070/006/im7.png (360,640,1) 1
070/006/im8.png (360,640,1) 1
070/006/im9.png (360,640,1) 1
070/006/im10.png (360,640,1) 1
070/006/im11.png (360,640,1) 1
070/006/im12.png (360,640,1) 1
070/006/im13.png (360,640,1) 1
070/006/im14.png (360,640,1) 1
070/006/im15.png (360,640,1) 1
070/007/im1.png (360,640,1) 1
070/007/im2.png (360,640,1) 1
070/007/im3.png (360,640,1) 1
070/007/im4.png (360,640,1) 1
070/007/im5.png (360,640,1) 1
070/007/im6.png (360,640,1) 1
070/007/im7.png (360,640,1) 1
070/007/im8.png (360,640,1) 1
070/007/im9.png (360,640,1) 1
070/007/im10.png (360,640,1) 1
070/007/im11.png (360,640,1) 1
070/007/im12.png (360,640,1) 1
070/007/im13.png (360,640,1) 1
070/007/im14.png (360,640,1) 1
070/007/im15.png (360,640,1) 1
070/008/im1.png (360,640,1) 1
070/008/im2.png (360,640,1) 1
070/008/im3.png (360,640,1) 1
070/008/im4.png (360,640,1) 1
070/008/im5.png (360,640,1) 1
070/008/im6.png (360,640,1) 1
070/008/im7.png (360,640,1) 1
070/008/im8.png (360,640,1) 1
070/008/im9.png (360,640,1) 1
070/008/im10.png (360,640,1) 1
070/008/im11.png (360,640,1) 1
070/008/im12.png (360,640,1) 1
070/008/im13.png (360,640,1) 1
070/008/im14.png (360,640,1) 1
070/008/im15.png (360,640,1) 1
070/009/im1.png (360,640,1) 1
070/009/im2.png (360,640,1) 1
070/009/im3.png (360,640,1) 1
070/009/im4.png (360,640,1) 1
070/009/im5.png (360,640,1) 1
070/009/im6.png (360,640,1) 1
070/009/im7.png (360,640,1) 1
070/009/im8.png (360,640,1) 1
070/009/im9.png (360,640,1) 1
070/009/im10.png (360,640,1) 1
070/009/im11.png (360,640,1) 1
070/009/im12.png (360,640,1) 1
070/009/im13.png (360,640,1) 1
070/009/im14.png (360,640,1) 1
070/009/im15.png (360,640,1) 1
070/010/im1.png (360,640,1) 1
070/010/im2.png (360,640,1) 1
070/010/im3.png (360,640,1) 1
070/010/im4.png (360,640,1) 1
070/010/im5.png (360,640,1) 1
070/010/im6.png (360,640,1) 1
070/010/im7.png (360,640,1) 1
070/010/im8.png (360,640,1) 1
070/010/im9.png (360,640,1) 1
070/010/im10.png (360,640,1) 1
070/010/im11.png (360,640,1) 1
070/010/im12.png (360,640,1) 1
070/010/im13.png (360,640,1) 1
070/010/im14.png (360,640,1) 1
070/010/im15.png (360,640,1) 1
071/001/im1.png (360,640,1) 1
071/001/im2.png (360,640,1) 1
071/001/im3.png (360,640,1) 1
071/001/im4.png (360,640,1) 1
071/001/im5.png (360,640,1) 1
071/001/im6.png (360,640,1) 1
071/001/im7.png (360,640,1) 1
071/001/im8.png (360,640,1) 1
071/001/im9.png (360,640,1) 1
071/001/im10.png (360,640,1) 1
071/001/im11.png (360,640,1) 1
071/001/im12.png (360,640,1) 1
071/001/im13.png (360,640,1) 1
071/001/im14.png (360,640,1) 1
071/001/im15.png (360,640,1) 1
071/002/im1.png (360,640,1) 1
071/002/im2.png (360,640,1) 1
071/002/im3.png (360,640,1) 1
071/002/im4.png (360,640,1) 1
071/002/im5.png (360,640,1) 1
071/002/im6.png (360,640,1) 1
071/002/im7.png (360,640,1) 1
071/002/im8.png (360,640,1) 1
071/002/im9.png (360,640,1) 1
071/002/im10.png (360,640,1) 1
071/002/im11.png (360,640,1) 1
071/002/im12.png (360,640,1) 1
071/002/im13.png (360,640,1) 1
071/002/im14.png (360,640,1) 1
071/002/im15.png (360,640,1) 1
071/003/im1.png (360,640,1) 1
071/003/im2.png (360,640,1) 1
071/003/im3.png (360,640,1) 1
071/003/im4.png (360,640,1) 1
071/003/im5.png (360,640,1) 1
071/003/im6.png (360,640,1) 1
071/003/im7.png (360,640,1) 1
071/003/im8.png (360,640,1) 1
071/003/im9.png (360,640,1) 1
071/003/im10.png (360,640,1) 1
071/003/im11.png (360,640,1) 1
071/003/im12.png (360,640,1) 1
071/003/im13.png (360,640,1) 1
071/003/im14.png (360,640,1) 1
071/003/im15.png (360,640,1) 1
071/004/im1.png (360,640,1) 1
071/004/im2.png (360,640,1) 1
071/004/im3.png (360,640,1) 1
071/004/im4.png (360,640,1) 1
071/004/im5.png (360,640,1) 1
071/004/im6.png (360,640,1) 1
071/004/im7.png (360,640,1) 1
071/004/im8.png (360,640,1) 1
071/004/im9.png (360,640,1) 1
071/004/im10.png (360,640,1) 1
071/004/im11.png (360,640,1) 1
071/004/im12.png (360,640,1) 1
071/004/im13.png (360,640,1) 1
071/004/im14.png (360,640,1) 1
071/004/im15.png (360,640,1) 1
071/005/im1.png (360,640,1) 1
071/005/im2.png (360,640,1) 1
071/005/im3.png (360,640,1) 1
071/005/im4.png (360,640,1) 1
071/005/im5.png (360,640,1) 1
071/005/im6.png (360,640,1) 1
071/005/im7.png (360,640,1) 1
071/005/im8.png (360,640,1) 1
071/005/im9.png (360,640,1) 1
071/005/im10.png (360,640,1) 1
071/005/im11.png (360,640,1) 1
071/005/im12.png (360,640,1) 1
071/005/im13.png (360,640,1) 1
071/005/im14.png (360,640,1) 1
071/005/im15.png (360,640,1) 1
071/006/im1.png (360,640,1) 1
071/006/im2.png (360,640,1) 1
071/006/im3.png (360,640,1) 1
071/006/im4.png (360,640,1) 1
071/006/im5.png (360,640,1) 1
071/006/im6.png (360,640,1) 1
071/006/im7.png (360,640,1) 1
071/006/im8.png (360,640,1) 1
071/006/im9.png (360,640,1) 1
071/006/im10.png (360,640,1) 1
071/006/im11.png (360,640,1) 1
071/006/im12.png (360,640,1) 1
071/006/im13.png (360,640,1) 1
071/006/im14.png (360,640,1) 1
071/006/im15.png (360,640,1) 1
071/007/im1.png (360,640,1) 1
071/007/im2.png (360,640,1) 1
071/007/im3.png (360,640,1) 1
071/007/im4.png (360,640,1) 1
071/007/im5.png (360,640,1) 1
071/007/im6.png (360,640,1) 1
071/007/im7.png (360,640,1) 1
071/007/im8.png (360,640,1) 1
071/007/im9.png (360,640,1) 1
071/007/im10.png (360,640,1) 1
071/007/im11.png (360,640,1) 1
071/007/im12.png (360,640,1) 1
071/007/im13.png (360,640,1) 1
071/007/im14.png (360,640,1) 1
071/007/im15.png (360,640,1) 1
071/008/im1.png (360,640,1) 1
071/008/im2.png (360,640,1) 1
071/008/im3.png (360,640,1) 1
071/008/im4.png (360,640,1) 1
071/008/im5.png (360,640,1) 1
071/008/im6.png (360,640,1) 1
071/008/im7.png (360,640,1) 1
071/008/im8.png (360,640,1) 1
071/008/im9.png (360,640,1) 1
071/008/im10.png (360,640,1) 1
071/008/im11.png (360,640,1) 1
071/008/im12.png (360,640,1) 1
071/008/im13.png (360,640,1) 1
071/008/im14.png (360,640,1) 1
071/008/im15.png (360,640,1) 1
071/009/im1.png (360,640,1) 1
071/009/im2.png (360,640,1) 1
071/009/im3.png (360,640,1) 1
071/009/im4.png (360,640,1) 1
071/009/im5.png (360,640,1) 1
071/009/im6.png (360,640,1) 1
071/009/im7.png (360,640,1) 1
071/009/im8.png (360,640,1) 1
071/009/im9.png (360,640,1) 1
071/009/im10.png (360,640,1) 1
071/009/im11.png (360,640,1) 1
071/009/im12.png (360,640,1) 1
071/009/im13.png (360,640,1) 1
071/009/im14.png (360,640,1) 1
071/009/im15.png (360,640,1) 1
071/010/im1.png (360,640,1) 1
071/010/im2.png (360,640,1) 1
071/010/im3.png (360,640,1) 1
071/010/im4.png (360,640,1) 1
071/010/im5.png (360,640,1) 1
071/010/im6.png (360,640,1) 1
071/010/im7.png (360,640,1) 1
071/010/im8.png (360,640,1) 1
071/010/im9.png (360,640,1) 1
071/010/im10.png (360,640,1) 1
071/010/im11.png (360,640,1) 1
071/010/im12.png (360,640,1) 1
071/010/im13.png (360,640,1) 1
071/010/im14.png (360,640,1) 1
071/010/im15.png (360,640,1) 1
072/001/im1.png (360,640,1) 1
072/001/im2.png (360,640,1) 1
072/001/im3.png (360,640,1) 1
072/001/im4.png (360,640,1) 1
072/001/im5.png (360,640,1) 1
072/001/im6.png (360,640,1) 1
072/001/im7.png (360,640,1) 1
072/001/im8.png (360,640,1) 1
072/001/im9.png (360,640,1) 1
072/001/im10.png (360,640,1) 1
072/001/im11.png (360,640,1) 1
072/001/im12.png (360,640,1) 1
072/001/im13.png (360,640,1) 1
072/001/im14.png (360,640,1) 1
072/001/im15.png (360,640,1) 1
072/002/im1.png (360,640,1) 1
072/002/im2.png (360,640,1) 1
072/002/im3.png (360,640,1) 1
072/002/im4.png (360,640,1) 1
072/002/im5.png (360,640,1) 1
072/002/im6.png (360,640,1) 1
072/002/im7.png (360,640,1) 1
072/002/im8.png (360,640,1) 1
072/002/im9.png (360,640,1) 1
072/002/im10.png (360,640,1) 1
072/002/im11.png (360,640,1) 1
072/002/im12.png (360,640,1) 1
072/002/im13.png (360,640,1) 1
072/002/im14.png (360,640,1) 1
072/002/im15.png (360,640,1) 1
072/003/im1.png (360,640,1) 1
072/003/im2.png (360,640,1) 1
072/003/im3.png (360,640,1) 1
072/003/im4.png (360,640,1) 1
072/003/im5.png (360,640,1) 1
072/003/im6.png (360,640,1) 1
072/003/im7.png (360,640,1) 1
072/003/im8.png (360,640,1) 1
072/003/im9.png (360,640,1) 1
072/003/im10.png (360,640,1) 1
072/003/im11.png (360,640,1) 1
072/003/im12.png (360,640,1) 1
072/003/im13.png (360,640,1) 1
072/003/im14.png (360,640,1) 1
072/003/im15.png (360,640,1) 1
072/004/im1.png (360,640,1) 1
072/004/im2.png (360,640,1) 1
072/004/im3.png (360,640,1) 1
072/004/im4.png (360,640,1) 1
072/004/im5.png (360,640,1) 1
072/004/im6.png (360,640,1) 1
072/004/im7.png (360,640,1) 1
072/004/im8.png (360,640,1) 1
072/004/im9.png (360,640,1) 1
072/004/im10.png (360,640,1) 1
072/004/im11.png (360,640,1) 1
072/004/im12.png (360,640,1) 1
072/004/im13.png (360,640,1) 1
072/004/im14.png (360,640,1) 1
072/004/im15.png (360,640,1) 1
072/005/im1.png (360,640,1) 1
072/005/im2.png (360,640,1) 1
072/005/im3.png (360,640,1) 1
072/005/im4.png (360,640,1) 1
072/005/im5.png (360,640,1) 1
072/005/im6.png (360,640,1) 1
072/005/im7.png (360,640,1) 1
072/005/im8.png (360,640,1) 1
072/005/im9.png (360,640,1) 1
072/005/im10.png (360,640,1) 1
072/005/im11.png (360,640,1) 1
072/005/im12.png (360,640,1) 1
072/005/im13.png (360,640,1) 1
072/005/im14.png (360,640,1) 1
072/005/im15.png (360,640,1) 1
072/006/im1.png (360,640,1) 1
072/006/im2.png (360,640,1) 1
072/006/im3.png (360,640,1) 1
072/006/im4.png (360,640,1) 1
072/006/im5.png (360,640,1) 1
072/006/im6.png (360,640,1) 1
072/006/im7.png (360,640,1) 1
072/006/im8.png (360,640,1) 1
072/006/im9.png (360,640,1) 1
072/006/im10.png (360,640,1) 1
072/006/im11.png (360,640,1) 1
072/006/im12.png (360,640,1) 1
072/006/im13.png (360,640,1) 1
072/006/im14.png (360,640,1) 1
072/006/im15.png (360,640,1) 1
072/007/im1.png (360,640,1) 1
072/007/im2.png (360,640,1) 1
072/007/im3.png (360,640,1) 1
072/007/im4.png (360,640,1) 1
072/007/im5.png (360,640,1) 1
072/007/im6.png (360,640,1) 1
072/007/im7.png (360,640,1) 1
072/007/im8.png (360,640,1) 1
072/007/im9.png (360,640,1) 1
072/007/im10.png (360,640,1) 1
072/007/im11.png (360,640,1) 1
072/007/im12.png (360,640,1) 1
072/007/im13.png (360,640,1) 1
072/007/im14.png (360,640,1) 1
072/007/im15.png (360,640,1) 1
072/008/im1.png (360,640,1) 1
072/008/im2.png (360,640,1) 1
072/008/im3.png (360,640,1) 1
072/008/im4.png (360,640,1) 1
072/008/im5.png (360,640,1) 1
072/008/im6.png (360,640,1) 1
072/008/im7.png (360,640,1) 1
072/008/im8.png (360,640,1) 1
072/008/im9.png (360,640,1) 1
072/008/im10.png (360,640,1) 1
072/008/im11.png (360,640,1) 1
072/008/im12.png (360,640,1) 1
072/008/im13.png (360,640,1) 1
072/008/im14.png (360,640,1) 1
072/008/im15.png (360,640,1) 1
072/009/im1.png (360,640,1) 1
072/009/im2.png (360,640,1) 1
072/009/im3.png (360,640,1) 1
072/009/im4.png (360,640,1) 1
072/009/im5.png (360,640,1) 1
072/009/im6.png (360,640,1) 1
072/009/im7.png (360,640,1) 1
072/009/im8.png (360,640,1) 1
072/009/im9.png (360,640,1) 1
072/009/im10.png (360,640,1) 1
072/009/im11.png (360,640,1) 1
072/009/im12.png (360,640,1) 1
072/009/im13.png (360,640,1) 1
072/009/im14.png (360,640,1) 1
072/009/im15.png (360,640,1) 1
072/010/im1.png (360,640,1) 1
072/010/im2.png (360,640,1) 1
072/010/im3.png (360,640,1) 1
072/010/im4.png (360,640,1) 1
072/010/im5.png (360,640,1) 1
072/010/im6.png (360,640,1) 1
072/010/im7.png (360,640,1) 1
072/010/im8.png (360,640,1) 1
072/010/im9.png (360,640,1) 1
072/010/im10.png (360,640,1) 1
072/010/im11.png (360,640,1) 1
072/010/im12.png (360,640,1) 1
072/010/im13.png (360,640,1) 1
072/010/im14.png (360,640,1) 1
072/010/im15.png (360,640,1) 1
073/001/im1.png (360,640,1) 1
073/001/im2.png (360,640,1) 1
073/001/im3.png (360,640,1) 1
073/001/im4.png (360,640,1) 1
073/001/im5.png (360,640,1) 1
073/001/im6.png (360,640,1) 1
073/001/im7.png (360,640,1) 1
073/001/im8.png (360,640,1) 1
073/001/im9.png (360,640,1) 1
073/001/im10.png (360,640,1) 1
073/001/im11.png (360,640,1) 1
073/001/im12.png (360,640,1) 1
073/001/im13.png (360,640,1) 1
073/001/im14.png (360,640,1) 1
073/001/im15.png (360,640,1) 1
073/002/im1.png (360,640,1) 1
073/002/im2.png (360,640,1) 1
073/002/im3.png (360,640,1) 1
073/002/im4.png (360,640,1) 1
073/002/im5.png (360,640,1) 1
073/002/im6.png (360,640,1) 1
073/002/im7.png (360,640,1) 1
073/002/im8.png (360,640,1) 1
073/002/im9.png (360,640,1) 1
073/002/im10.png (360,640,1) 1
073/002/im11.png (360,640,1) 1
073/002/im12.png (360,640,1) 1
073/002/im13.png (360,640,1) 1
073/002/im14.png (360,640,1) 1
073/002/im15.png (360,640,1) 1
073/003/im1.png (360,640,1) 1
073/003/im2.png (360,640,1) 1
073/003/im3.png (360,640,1) 1
073/003/im4.png (360,640,1) 1
073/003/im5.png (360,640,1) 1
073/003/im6.png (360,640,1) 1
073/003/im7.png (360,640,1) 1
073/003/im8.png (360,640,1) 1
073/003/im9.png (360,640,1) 1
073/003/im10.png (360,640,1) 1
073/003/im11.png (360,640,1) 1
073/003/im12.png (360,640,1) 1
073/003/im13.png (360,640,1) 1
073/003/im14.png (360,640,1) 1
073/003/im15.png (360,640,1) 1
073/004/im1.png (360,640,1) 1
073/004/im2.png (360,640,1) 1
073/004/im3.png (360,640,1) 1
073/004/im4.png (360,640,1) 1
073/004/im5.png (360,640,1) 1
073/004/im6.png (360,640,1) 1
073/004/im7.png (360,640,1) 1
073/004/im8.png (360,640,1) 1
073/004/im9.png (360,640,1) 1
073/004/im10.png (360,640,1) 1
073/004/im11.png (360,640,1) 1
073/004/im12.png (360,640,1) 1
073/004/im13.png (360,640,1) 1
073/004/im14.png (360,640,1) 1
073/004/im15.png (360,640,1) 1
073/005/im1.png (360,640,1) 1
073/005/im2.png (360,640,1) 1
073/005/im3.png (360,640,1) 1
073/005/im4.png (360,640,1) 1
073/005/im5.png (360,640,1) 1
073/005/im6.png (360,640,1) 1
073/005/im7.png (360,640,1) 1
073/005/im8.png (360,640,1) 1
073/005/im9.png (360,640,1) 1
073/005/im10.png (360,640,1) 1
073/005/im11.png (360,640,1) 1
073/005/im12.png (360,640,1) 1
073/005/im13.png (360,640,1) 1
073/005/im14.png (360,640,1) 1
073/005/im15.png (360,640,1) 1
073/006/im1.png (360,640,1) 1
073/006/im2.png (360,640,1) 1
073/006/im3.png (360,640,1) 1
073/006/im4.png (360,640,1) 1
073/006/im5.png (360,640,1) 1
073/006/im6.png (360,640,1) 1
073/006/im7.png (360,640,1) 1
073/006/im8.png (360,640,1) 1
073/006/im9.png (360,640,1) 1
073/006/im10.png (360,640,1) 1
073/006/im11.png (360,640,1) 1
073/006/im12.png (360,640,1) 1
073/006/im13.png (360,640,1) 1
073/006/im14.png (360,640,1) 1
073/006/im15.png (360,640,1) 1
073/007/im1.png (360,640,1) 1
073/007/im2.png (360,640,1) 1
073/007/im3.png (360,640,1) 1
073/007/im4.png (360,640,1) 1
073/007/im5.png (360,640,1) 1
073/007/im6.png (360,640,1) 1
073/007/im7.png (360,640,1) 1
073/007/im8.png (360,640,1) 1
073/007/im9.png (360,640,1) 1
073/007/im10.png (360,640,1) 1
073/007/im11.png (360,640,1) 1
073/007/im12.png (360,640,1) 1
073/007/im13.png (360,640,1) 1
073/007/im14.png (360,640,1) 1
073/007/im15.png (360,640,1) 1
073/008/im1.png (360,640,1) 1
073/008/im2.png (360,640,1) 1
073/008/im3.png (360,640,1) 1
073/008/im4.png (360,640,1) 1
073/008/im5.png (360,640,1) 1
073/008/im6.png (360,640,1) 1
073/008/im7.png (360,640,1) 1
073/008/im8.png (360,640,1) 1
073/008/im9.png (360,640,1) 1
073/008/im10.png (360,640,1) 1
073/008/im11.png (360,640,1) 1
073/008/im12.png (360,640,1) 1
073/008/im13.png (360,640,1) 1
073/008/im14.png (360,640,1) 1
073/008/im15.png (360,640,1) 1
073/009/im1.png (360,640,1) 1
073/009/im2.png (360,640,1) 1
073/009/im3.png (360,640,1) 1
073/009/im4.png (360,640,1) 1
073/009/im5.png (360,640,1) 1
073/009/im6.png (360,640,1) 1
073/009/im7.png (360,640,1) 1
073/009/im8.png (360,640,1) 1
073/009/im9.png (360,640,1) 1
073/009/im10.png (360,640,1) 1
073/009/im11.png (360,640,1) 1
073/009/im12.png (360,640,1) 1
073/009/im13.png (360,640,1) 1
073/009/im14.png (360,640,1) 1
073/009/im15.png (360,640,1) 1
073/010/im1.png (360,640,1) 1
073/010/im2.png (360,640,1) 1
073/010/im3.png (360,640,1) 1
073/010/im4.png (360,640,1) 1
073/010/im5.png (360,640,1) 1
073/010/im6.png (360,640,1) 1
073/010/im7.png (360,640,1) 1
073/010/im8.png (360,640,1) 1
073/010/im9.png (360,640,1) 1
073/010/im10.png (360,640,1) 1
073/010/im11.png (360,640,1) 1
073/010/im12.png (360,640,1) 1
073/010/im13.png (360,640,1) 1
073/010/im14.png (360,640,1) 1
073/010/im15.png (360,640,1) 1
074/001/im1.png (360,640,1) 1
074/001/im2.png (360,640,1) 1
074/001/im3.png (360,640,1) 1
074/001/im4.png (360,640,1) 1
074/001/im5.png (360,640,1) 1
074/001/im6.png (360,640,1) 1
074/001/im7.png (360,640,1) 1
074/001/im8.png (360,640,1) 1
074/001/im9.png (360,640,1) 1
074/001/im10.png (360,640,1) 1
074/001/im11.png (360,640,1) 1
074/001/im12.png (360,640,1) 1
074/001/im13.png (360,640,1) 1
074/001/im14.png (360,640,1) 1
074/001/im15.png (360,640,1) 1
074/002/im1.png (360,640,1) 1
074/002/im2.png (360,640,1) 1
074/002/im3.png (360,640,1) 1
074/002/im4.png (360,640,1) 1
074/002/im5.png (360,640,1) 1
074/002/im6.png (360,640,1) 1
074/002/im7.png (360,640,1) 1
074/002/im8.png (360,640,1) 1
074/002/im9.png (360,640,1) 1
074/002/im10.png (360,640,1) 1
074/002/im11.png (360,640,1) 1
074/002/im12.png (360,640,1) 1
074/002/im13.png (360,640,1) 1
074/002/im14.png (360,640,1) 1
074/002/im15.png (360,640,1) 1
074/003/im1.png (360,640,1) 1
074/003/im2.png (360,640,1) 1
074/003/im3.png (360,640,1) 1
074/003/im4.png (360,640,1) 1
074/003/im5.png (360,640,1) 1
074/003/im6.png (360,640,1) 1
074/003/im7.png (360,640,1) 1
074/003/im8.png (360,640,1) 1
074/003/im9.png (360,640,1) 1
074/003/im10.png (360,640,1) 1
074/003/im11.png (360,640,1) 1
074/003/im12.png (360,640,1) 1
074/003/im13.png (360,640,1) 1
074/003/im14.png (360,640,1) 1
074/003/im15.png (360,640,1) 1
074/004/im1.png (360,640,1) 1
074/004/im2.png (360,640,1) 1
074/004/im3.png (360,640,1) 1
074/004/im4.png (360,640,1) 1
074/004/im5.png (360,640,1) 1
074/004/im6.png (360,640,1) 1
074/004/im7.png (360,640,1) 1
074/004/im8.png (360,640,1) 1
074/004/im9.png (360,640,1) 1
074/004/im10.png (360,640,1) 1
074/004/im11.png (360,640,1) 1
074/004/im12.png (360,640,1) 1
074/004/im13.png (360,640,1) 1
074/004/im14.png (360,640,1) 1
074/004/im15.png (360,640,1) 1
074/005/im1.png (360,640,1) 1
074/005/im2.png (360,640,1) 1
074/005/im3.png (360,640,1) 1
074/005/im4.png (360,640,1) 1
074/005/im5.png (360,640,1) 1
074/005/im6.png (360,640,1) 1
074/005/im7.png (360,640,1) 1
074/005/im8.png (360,640,1) 1
074/005/im9.png (360,640,1) 1
074/005/im10.png (360,640,1) 1
074/005/im11.png (360,640,1) 1
074/005/im12.png (360,640,1) 1
074/005/im13.png (360,640,1) 1
074/005/im14.png (360,640,1) 1
074/005/im15.png (360,640,1) 1
074/006/im1.png (360,640,1) 1
074/006/im2.png (360,640,1) 1
074/006/im3.png (360,640,1) 1
074/006/im4.png (360,640,1) 1
074/006/im5.png (360,640,1) 1
074/006/im6.png (360,640,1) 1
074/006/im7.png (360,640,1) 1
074/006/im8.png (360,640,1) 1
074/006/im9.png (360,640,1) 1
074/006/im10.png (360,640,1) 1
074/006/im11.png (360,640,1) 1
074/006/im12.png (360,640,1) 1
074/006/im13.png (360,640,1) 1
074/006/im14.png (360,640,1) 1
074/006/im15.png (360,640,1) 1
074/007/im1.png (360,640,1) 1
074/007/im2.png (360,640,1) 1
074/007/im3.png (360,640,1) 1
074/007/im4.png (360,640,1) 1
074/007/im5.png (360,640,1) 1
074/007/im6.png (360,640,1) 1
074/007/im7.png (360,640,1) 1
074/007/im8.png (360,640,1) 1
074/007/im9.png (360,640,1) 1
074/007/im10.png (360,640,1) 1
074/007/im11.png (360,640,1) 1
074/007/im12.png (360,640,1) 1
074/007/im13.png (360,640,1) 1
074/007/im14.png (360,640,1) 1
074/007/im15.png (360,640,1) 1
074/008/im1.png (360,640,1) 1
074/008/im2.png (360,640,1) 1
074/008/im3.png (360,640,1) 1
074/008/im4.png (360,640,1) 1
074/008/im5.png (360,640,1) 1
074/008/im6.png (360,640,1) 1
074/008/im7.png (360,640,1) 1
074/008/im8.png (360,640,1) 1
074/008/im9.png (360,640,1) 1
074/008/im10.png (360,640,1) 1
074/008/im11.png (360,640,1) 1
074/008/im12.png (360,640,1) 1
074/008/im13.png (360,640,1) 1
074/008/im14.png (360,640,1) 1
074/008/im15.png (360,640,1) 1
074/009/im1.png (360,640,1) 1
074/009/im2.png (360,640,1) 1
074/009/im3.png (360,640,1) 1
074/009/im4.png (360,640,1) 1
074/009/im5.png (360,640,1) 1
074/009/im6.png (360,640,1) 1
074/009/im7.png (360,640,1) 1
074/009/im8.png (360,640,1) 1
074/009/im9.png (360,640,1) 1
074/009/im10.png (360,640,1) 1
074/009/im11.png (360,640,1) 1
074/009/im12.png (360,640,1) 1
074/009/im13.png (360,640,1) 1
074/009/im14.png (360,640,1) 1
074/009/im15.png (360,640,1) 1
074/010/im1.png (360,640,1) 1
074/010/im2.png (360,640,1) 1
074/010/im3.png (360,640,1) 1
074/010/im4.png (360,640,1) 1
074/010/im5.png (360,640,1) 1
074/010/im6.png (360,640,1) 1
074/010/im7.png (360,640,1) 1
074/010/im8.png (360,640,1) 1
074/010/im9.png (360,640,1) 1
074/010/im10.png (360,640,1) 1
074/010/im11.png (360,640,1) 1
074/010/im12.png (360,640,1) 1
074/010/im13.png (360,640,1) 1
074/010/im14.png (360,640,1) 1
074/010/im15.png (360,640,1) 1
075/001/im1.png (360,640,1) 1
075/001/im2.png (360,640,1) 1
075/001/im3.png (360,640,1) 1
075/001/im4.png (360,640,1) 1
075/001/im5.png (360,640,1) 1
075/001/im6.png (360,640,1) 1
075/001/im7.png (360,640,1) 1
075/001/im8.png (360,640,1) 1
075/001/im9.png (360,640,1) 1
075/001/im10.png (360,640,1) 1
075/001/im11.png (360,640,1) 1
075/001/im12.png (360,640,1) 1
075/001/im13.png (360,640,1) 1
075/001/im14.png (360,640,1) 1
075/001/im15.png (360,640,1) 1
075/002/im1.png (360,640,1) 1
075/002/im2.png (360,640,1) 1
075/002/im3.png (360,640,1) 1
075/002/im4.png (360,640,1) 1
075/002/im5.png (360,640,1) 1
075/002/im6.png (360,640,1) 1
075/002/im7.png (360,640,1) 1
075/002/im8.png (360,640,1) 1
075/002/im9.png (360,640,1) 1
075/002/im10.png (360,640,1) 1
075/002/im11.png (360,640,1) 1
075/002/im12.png (360,640,1) 1
075/002/im13.png (360,640,1) 1
075/002/im14.png (360,640,1) 1
075/002/im15.png (360,640,1) 1
075/003/im1.png (360,640,1) 1
075/003/im2.png (360,640,1) 1
075/003/im3.png (360,640,1) 1
075/003/im4.png (360,640,1) 1
075/003/im5.png (360,640,1) 1
075/003/im6.png (360,640,1) 1
075/003/im7.png (360,640,1) 1
075/003/im8.png (360,640,1) 1
075/003/im9.png (360,640,1) 1
075/003/im10.png (360,640,1) 1
075/003/im11.png (360,640,1) 1
075/003/im12.png (360,640,1) 1
075/003/im13.png (360,640,1) 1
075/003/im14.png (360,640,1) 1
075/003/im15.png (360,640,1) 1
075/004/im1.png (360,640,1) 1
075/004/im2.png (360,640,1) 1
075/004/im3.png (360,640,1) 1
075/004/im4.png (360,640,1) 1
075/004/im5.png (360,640,1) 1
075/004/im6.png (360,640,1) 1
075/004/im7.png (360,640,1) 1
075/004/im8.png (360,640,1) 1
075/004/im9.png (360,640,1) 1
075/004/im10.png (360,640,1) 1
075/004/im11.png (360,640,1) 1
075/004/im12.png (360,640,1) 1
075/004/im13.png (360,640,1) 1
075/004/im14.png (360,640,1) 1
075/004/im15.png (360,640,1) 1
075/005/im1.png (360,640,1) 1
075/005/im2.png (360,640,1) 1
075/005/im3.png (360,640,1) 1
075/005/im4.png (360,640,1) 1
075/005/im5.png (360,640,1) 1
075/005/im6.png (360,640,1) 1
075/005/im7.png (360,640,1) 1
075/005/im8.png (360,640,1) 1
075/005/im9.png (360,640,1) 1
075/005/im10.png (360,640,1) 1
075/005/im11.png (360,640,1) 1
075/005/im12.png (360,640,1) 1
075/005/im13.png (360,640,1) 1
075/005/im14.png (360,640,1) 1
075/005/im15.png (360,640,1) 1
075/006/im1.png (360,640,1) 1
075/006/im2.png (360,640,1) 1
075/006/im3.png (360,640,1) 1
075/006/im4.png (360,640,1) 1
075/006/im5.png (360,640,1) 1
075/006/im6.png (360,640,1) 1
075/006/im7.png (360,640,1) 1
075/006/im8.png (360,640,1) 1
075/006/im9.png (360,640,1) 1
075/006/im10.png (360,640,1) 1
075/006/im11.png (360,640,1) 1
075/006/im12.png (360,640,1) 1
075/006/im13.png (360,640,1) 1
075/006/im14.png (360,640,1) 1
075/006/im15.png (360,640,1) 1
075/007/im1.png (360,640,1) 1
075/007/im2.png (360,640,1) 1
075/007/im3.png (360,640,1) 1
075/007/im4.png (360,640,1) 1
075/007/im5.png (360,640,1) 1
075/007/im6.png (360,640,1) 1
075/007/im7.png (360,640,1) 1
075/007/im8.png (360,640,1) 1
075/007/im9.png (360,640,1) 1
075/007/im10.png (360,640,1) 1
075/007/im11.png (360,640,1) 1
075/007/im12.png (360,640,1) 1
075/007/im13.png (360,640,1) 1
075/007/im14.png (360,640,1) 1
075/007/im15.png (360,640,1) 1
075/008/im1.png (360,640,1) 1
075/008/im2.png (360,640,1) 1
075/008/im3.png (360,640,1) 1
075/008/im4.png (360,640,1) 1
075/008/im5.png (360,640,1) 1
075/008/im6.png (360,640,1) 1
075/008/im7.png (360,640,1) 1
075/008/im8.png (360,640,1) 1
075/008/im9.png (360,640,1) 1
075/008/im10.png (360,640,1) 1
075/008/im11.png (360,640,1) 1
075/008/im12.png (360,640,1) 1
075/008/im13.png (360,640,1) 1
075/008/im14.png (360,640,1) 1
075/008/im15.png (360,640,1) 1
075/009/im1.png (360,640,1) 1
075/009/im2.png (360,640,1) 1
075/009/im3.png (360,640,1) 1
075/009/im4.png (360,640,1) 1
075/009/im5.png (360,640,1) 1
075/009/im6.png (360,640,1) 1
075/009/im7.png (360,640,1) 1
075/009/im8.png (360,640,1) 1
075/009/im9.png (360,640,1) 1
075/009/im10.png (360,640,1) 1
075/009/im11.png (360,640,1) 1
075/009/im12.png (360,640,1) 1
075/009/im13.png (360,640,1) 1
075/009/im14.png (360,640,1) 1
075/009/im15.png (360,640,1) 1
075/010/im1.png (360,640,1) 1
075/010/im2.png (360,640,1) 1
075/010/im3.png (360,640,1) 1
075/010/im4.png (360,640,1) 1
075/010/im5.png (360,640,1) 1
075/010/im6.png (360,640,1) 1
075/010/im7.png (360,640,1) 1
075/010/im8.png (360,640,1) 1
075/010/im9.png (360,640,1) 1
075/010/im10.png (360,640,1) 1
075/010/im11.png (360,640,1) 1
075/010/im12.png (360,640,1) 1
075/010/im13.png (360,640,1) 1
075/010/im14.png (360,640,1) 1
075/010/im15.png (360,640,1) 1
076/001/im1.png (360,640,1) 1
076/001/im2.png (360,640,1) 1
076/001/im3.png (360,640,1) 1
076/001/im4.png (360,640,1) 1
076/001/im5.png (360,640,1) 1
076/001/im6.png (360,640,1) 1
076/001/im7.png (360,640,1) 1
076/001/im8.png (360,640,1) 1
076/001/im9.png (360,640,1) 1
076/001/im10.png (360,640,1) 1
076/001/im11.png (360,640,1) 1
076/001/im12.png (360,640,1) 1
076/001/im13.png (360,640,1) 1
076/001/im14.png (360,640,1) 1
076/001/im15.png (360,640,1) 1
076/002/im1.png (360,640,1) 1
076/002/im2.png (360,640,1) 1
076/002/im3.png (360,640,1) 1
076/002/im4.png (360,640,1) 1
076/002/im5.png (360,640,1) 1
076/002/im6.png (360,640,1) 1
076/002/im7.png (360,640,1) 1
076/002/im8.png (360,640,1) 1
076/002/im9.png (360,640,1) 1
076/002/im10.png (360,640,1) 1
076/002/im11.png (360,640,1) 1
076/002/im12.png (360,640,1) 1
076/002/im13.png (360,640,1) 1
076/002/im14.png (360,640,1) 1
076/002/im15.png (360,640,1) 1
076/003/im1.png (360,640,1) 1
076/003/im2.png (360,640,1) 1
076/003/im3.png (360,640,1) 1
076/003/im4.png (360,640,1) 1
076/003/im5.png (360,640,1) 1
076/003/im6.png (360,640,1) 1
076/003/im7.png (360,640,1) 1
076/003/im8.png (360,640,1) 1
076/003/im9.png (360,640,1) 1
076/003/im10.png (360,640,1) 1
076/003/im11.png (360,640,1) 1
076/003/im12.png (360,640,1) 1
076/003/im13.png (360,640,1) 1
076/003/im14.png (360,640,1) 1
076/003/im15.png (360,640,1) 1
076/004/im1.png (360,640,1) 1
076/004/im2.png (360,640,1) 1
076/004/im3.png (360,640,1) 1
076/004/im4.png (360,640,1) 1
076/004/im5.png (360,640,1) 1
076/004/im6.png (360,640,1) 1
076/004/im7.png (360,640,1) 1
076/004/im8.png (360,640,1) 1
076/004/im9.png (360,640,1) 1
076/004/im10.png (360,640,1) 1
076/004/im11.png (360,640,1) 1
076/004/im12.png (360,640,1) 1
076/004/im13.png (360,640,1) 1
076/004/im14.png (360,640,1) 1
076/004/im15.png (360,640,1) 1
076/005/im1.png (360,640,1) 1
076/005/im2.png (360,640,1) 1
076/005/im3.png (360,640,1) 1
076/005/im4.png (360,640,1) 1
076/005/im5.png (360,640,1) 1
076/005/im6.png (360,640,1) 1
076/005/im7.png (360,640,1) 1
076/005/im8.png (360,640,1) 1
076/005/im9.png (360,640,1) 1
076/005/im10.png (360,640,1) 1
076/005/im11.png (360,640,1) 1
076/005/im12.png (360,640,1) 1
076/005/im13.png (360,640,1) 1
076/005/im14.png (360,640,1) 1
076/005/im15.png (360,640,1) 1
076/006/im1.png (360,640,1) 1
076/006/im2.png (360,640,1) 1
076/006/im3.png (360,640,1) 1
076/006/im4.png (360,640,1) 1
076/006/im5.png (360,640,1) 1
076/006/im6.png (360,640,1) 1
076/006/im7.png (360,640,1) 1
076/006/im8.png (360,640,1) 1
076/006/im9.png (360,640,1) 1
076/006/im10.png (360,640,1) 1
076/006/im11.png (360,640,1) 1
076/006/im12.png (360,640,1) 1
076/006/im13.png (360,640,1) 1
076/006/im14.png (360,640,1) 1
076/006/im15.png (360,640,1) 1
076/007/im1.png (360,640,1) 1
076/007/im2.png (360,640,1) 1
076/007/im3.png (360,640,1) 1
076/007/im4.png (360,640,1) 1
076/007/im5.png (360,640,1) 1
076/007/im6.png (360,640,1) 1
076/007/im7.png (360,640,1) 1
076/007/im8.png (360,640,1) 1
076/007/im9.png (360,640,1) 1
076/007/im10.png (360,640,1) 1
076/007/im11.png (360,640,1) 1
076/007/im12.png (360,640,1) 1
076/007/im13.png (360,640,1) 1
076/007/im14.png (360,640,1) 1
076/007/im15.png (360,640,1) 1
076/008/im1.png (360,640,1) 1
076/008/im2.png (360,640,1) 1
076/008/im3.png (360,640,1) 1
076/008/im4.png (360,640,1) 1
076/008/im5.png (360,640,1) 1
076/008/im6.png (360,640,1) 1
076/008/im7.png (360,640,1) 1
076/008/im8.png (360,640,1) 1
076/008/im9.png (360,640,1) 1
076/008/im10.png (360,640,1) 1
076/008/im11.png (360,640,1) 1
076/008/im12.png (360,640,1) 1
076/008/im13.png (360,640,1) 1
076/008/im14.png (360,640,1) 1
076/008/im15.png (360,640,1) 1
076/009/im1.png (360,640,1) 1
076/009/im2.png (360,640,1) 1
076/009/im3.png (360,640,1) 1
076/009/im4.png (360,640,1) 1
076/009/im5.png (360,640,1) 1
076/009/im6.png (360,640,1) 1
076/009/im7.png (360,640,1) 1
076/009/im8.png (360,640,1) 1
076/009/im9.png (360,640,1) 1
076/009/im10.png (360,640,1) 1
076/009/im11.png (360,640,1) 1
076/009/im12.png (360,640,1) 1
076/009/im13.png (360,640,1) 1
076/009/im14.png (360,640,1) 1
076/009/im15.png (360,640,1) 1
076/010/im1.png (360,640,1) 1
076/010/im2.png (360,640,1) 1
076/010/im3.png (360,640,1) 1
076/010/im4.png (360,640,1) 1
076/010/im5.png (360,640,1) 1
076/010/im6.png (360,640,1) 1
076/010/im7.png (360,640,1) 1
076/010/im8.png (360,640,1) 1
076/010/im9.png (360,640,1) 1
076/010/im10.png (360,640,1) 1
076/010/im11.png (360,640,1) 1
076/010/im12.png (360,640,1) 1
076/010/im13.png (360,640,1) 1
076/010/im14.png (360,640,1) 1
076/010/im15.png (360,640,1) 1
077/001/im1.png (360,640,1) 1
077/001/im2.png (360,640,1) 1
077/001/im3.png (360,640,1) 1
077/001/im4.png (360,640,1) 1
077/001/im5.png (360,640,1) 1
077/001/im6.png (360,640,1) 1
077/001/im7.png (360,640,1) 1
077/001/im8.png (360,640,1) 1
077/001/im9.png (360,640,1) 1
077/001/im10.png (360,640,1) 1
077/001/im11.png (360,640,1) 1
077/001/im12.png (360,640,1) 1
077/001/im13.png (360,640,1) 1
077/001/im14.png (360,640,1) 1
077/001/im15.png (360,640,1) 1
077/002/im1.png (360,640,1) 1
077/002/im2.png (360,640,1) 1
077/002/im3.png (360,640,1) 1
077/002/im4.png (360,640,1) 1
077/002/im5.png (360,640,1) 1
077/002/im6.png (360,640,1) 1
077/002/im7.png (360,640,1) 1
077/002/im8.png (360,640,1) 1
077/002/im9.png (360,640,1) 1
077/002/im10.png (360,640,1) 1
077/002/im11.png (360,640,1) 1
077/002/im12.png (360,640,1) 1
077/002/im13.png (360,640,1) 1
077/002/im14.png (360,640,1) 1
077/002/im15.png (360,640,1) 1
077/003/im1.png (360,640,1) 1
077/003/im2.png (360,640,1) 1
077/003/im3.png (360,640,1) 1
077/003/im4.png (360,640,1) 1
077/003/im5.png (360,640,1) 1
077/003/im6.png (360,640,1) 1
077/003/im7.png (360,640,1) 1
077/003/im8.png (360,640,1) 1
077/003/im9.png (360,640,1) 1
077/003/im10.png (360,640,1) 1
077/003/im11.png (360,640,1) 1
077/003/im12.png (360,640,1) 1
077/003/im13.png (360,640,1) 1
077/003/im14.png (360,640,1) 1
077/003/im15.png (360,640,1) 1
077/004/im1.png (360,640,1) 1
077/004/im2.png (360,640,1) 1
077/004/im3.png (360,640,1) 1
077/004/im4.png (360,640,1) 1
077/004/im5.png (360,640,1) 1
077/004/im6.png (360,640,1) 1
077/004/im7.png (360,640,1) 1
077/004/im8.png (360,640,1) 1
077/004/im9.png (360,640,1) 1
077/004/im10.png (360,640,1) 1
077/004/im11.png (360,640,1) 1
077/004/im12.png (360,640,1) 1
077/004/im13.png (360,640,1) 1
077/004/im14.png (360,640,1) 1
077/004/im15.png (360,640,1) 1
077/005/im1.png (360,640,1) 1
077/005/im2.png (360,640,1) 1
077/005/im3.png (360,640,1) 1
077/005/im4.png (360,640,1) 1
077/005/im5.png (360,640,1) 1
077/005/im6.png (360,640,1) 1
077/005/im7.png (360,640,1) 1
077/005/im8.png (360,640,1) 1
077/005/im9.png (360,640,1) 1
077/005/im10.png (360,640,1) 1
077/005/im11.png (360,640,1) 1
077/005/im12.png (360,640,1) 1
077/005/im13.png (360,640,1) 1
077/005/im14.png (360,640,1) 1
077/005/im15.png (360,640,1) 1
077/006/im1.png (360,640,1) 1
077/006/im2.png (360,640,1) 1
077/006/im3.png (360,640,1) 1
077/006/im4.png (360,640,1) 1
077/006/im5.png (360,640,1) 1
077/006/im6.png (360,640,1) 1
077/006/im7.png (360,640,1) 1
077/006/im8.png (360,640,1) 1
077/006/im9.png (360,640,1) 1
077/006/im10.png (360,640,1) 1
077/006/im11.png (360,640,1) 1
077/006/im12.png (360,640,1) 1
077/006/im13.png (360,640,1) 1
077/006/im14.png (360,640,1) 1
077/006/im15.png (360,640,1) 1
077/007/im1.png (360,640,1) 1
077/007/im2.png (360,640,1) 1
077/007/im3.png (360,640,1) 1
077/007/im4.png (360,640,1) 1
077/007/im5.png (360,640,1) 1
077/007/im6.png (360,640,1) 1
077/007/im7.png (360,640,1) 1
077/007/im8.png (360,640,1) 1
077/007/im9.png (360,640,1) 1
077/007/im10.png (360,640,1) 1
077/007/im11.png (360,640,1) 1
077/007/im12.png (360,640,1) 1
077/007/im13.png (360,640,1) 1
077/007/im14.png (360,640,1) 1
077/007/im15.png (360,640,1) 1
077/008/im1.png (360,640,1) 1
077/008/im2.png (360,640,1) 1
077/008/im3.png (360,640,1) 1
077/008/im4.png (360,640,1) 1
077/008/im5.png (360,640,1) 1
077/008/im6.png (360,640,1) 1
077/008/im7.png (360,640,1) 1
077/008/im8.png (360,640,1) 1
077/008/im9.png (360,640,1) 1
077/008/im10.png (360,640,1) 1
077/008/im11.png (360,640,1) 1
077/008/im12.png (360,640,1) 1
077/008/im13.png (360,640,1) 1
077/008/im14.png (360,640,1) 1
077/008/im15.png (360,640,1) 1
077/009/im1.png (360,640,1) 1
077/009/im2.png (360,640,1) 1
077/009/im3.png (360,640,1) 1
077/009/im4.png (360,640,1) 1
077/009/im5.png (360,640,1) 1
077/009/im6.png (360,640,1) 1
077/009/im7.png (360,640,1) 1
077/009/im8.png (360,640,1) 1
077/009/im9.png (360,640,1) 1
077/009/im10.png (360,640,1) 1
077/009/im11.png (360,640,1) 1
077/009/im12.png (360,640,1) 1
077/009/im13.png (360,640,1) 1
077/009/im14.png (360,640,1) 1
077/009/im15.png (360,640,1) 1
077/010/im1.png (360,640,1) 1
077/010/im2.png (360,640,1) 1
077/010/im3.png (360,640,1) 1
077/010/im4.png (360,640,1) 1
077/010/im5.png (360,640,1) 1
077/010/im6.png (360,640,1) 1
077/010/im7.png (360,640,1) 1
077/010/im8.png (360,640,1) 1
077/010/im9.png (360,640,1) 1
077/010/im10.png (360,640,1) 1
077/010/im11.png (360,640,1) 1
077/010/im12.png (360,640,1) 1
077/010/im13.png (360,640,1) 1
077/010/im14.png (360,640,1) 1
077/010/im15.png (360,640,1) 1
078/001/im1.png (360,640,1) 1
078/001/im2.png (360,640,1) 1
078/001/im3.png (360,640,1) 1
078/001/im4.png (360,640,1) 1
078/001/im5.png (360,640,1) 1
078/001/im6.png (360,640,1) 1
078/001/im7.png (360,640,1) 1
078/001/im8.png (360,640,1) 1
078/001/im9.png (360,640,1) 1
078/001/im10.png (360,640,1) 1
078/001/im11.png (360,640,1) 1
078/001/im12.png (360,640,1) 1
078/001/im13.png (360,640,1) 1
078/001/im14.png (360,640,1) 1
078/001/im15.png (360,640,1) 1
078/002/im1.png (360,640,1) 1
078/002/im2.png (360,640,1) 1
078/002/im3.png (360,640,1) 1
078/002/im4.png (360,640,1) 1
078/002/im5.png (360,640,1) 1
078/002/im6.png (360,640,1) 1
078/002/im7.png (360,640,1) 1
078/002/im8.png (360,640,1) 1
078/002/im9.png (360,640,1) 1
078/002/im10.png (360,640,1) 1
078/002/im11.png (360,640,1) 1
078/002/im12.png (360,640,1) 1
078/002/im13.png (360,640,1) 1
078/002/im14.png (360,640,1) 1
078/002/im15.png (360,640,1) 1
078/003/im1.png (360,640,1) 1
078/003/im2.png (360,640,1) 1
078/003/im3.png (360,640,1) 1
078/003/im4.png (360,640,1) 1
078/003/im5.png (360,640,1) 1
078/003/im6.png (360,640,1) 1
078/003/im7.png (360,640,1) 1
078/003/im8.png (360,640,1) 1
078/003/im9.png (360,640,1) 1
078/003/im10.png (360,640,1) 1
078/003/im11.png (360,640,1) 1
078/003/im12.png (360,640,1) 1
078/003/im13.png (360,640,1) 1
078/003/im14.png (360,640,1) 1
078/003/im15.png (360,640,1) 1
078/004/im1.png (360,640,1) 1
078/004/im2.png (360,640,1) 1
078/004/im3.png (360,640,1) 1
078/004/im4.png (360,640,1) 1
078/004/im5.png (360,640,1) 1
078/004/im6.png (360,640,1) 1
078/004/im7.png (360,640,1) 1
078/004/im8.png (360,640,1) 1
078/004/im9.png (360,640,1) 1
078/004/im10.png (360,640,1) 1
078/004/im11.png (360,640,1) 1
078/004/im12.png (360,640,1) 1
078/004/im13.png (360,640,1) 1
078/004/im14.png (360,640,1) 1
078/004/im15.png (360,640,1) 1
078/005/im1.png (360,640,1) 1
078/005/im2.png (360,640,1) 1
078/005/im3.png (360,640,1) 1
078/005/im4.png (360,640,1) 1
078/005/im5.png (360,640,1) 1
078/005/im6.png (360,640,1) 1
078/005/im7.png (360,640,1) 1
078/005/im8.png (360,640,1) 1
078/005/im9.png (360,640,1) 1
078/005/im10.png (360,640,1) 1
078/005/im11.png (360,640,1) 1
078/005/im12.png (360,640,1) 1
078/005/im13.png (360,640,1) 1
078/005/im14.png (360,640,1) 1
078/005/im15.png (360,640,1) 1
078/006/im1.png (360,640,1) 1
078/006/im2.png (360,640,1) 1
078/006/im3.png (360,640,1) 1
078/006/im4.png (360,640,1) 1
078/006/im5.png (360,640,1) 1
078/006/im6.png (360,640,1) 1
078/006/im7.png (360,640,1) 1
078/006/im8.png (360,640,1) 1
078/006/im9.png (360,640,1) 1
078/006/im10.png (360,640,1) 1
078/006/im11.png (360,640,1) 1
078/006/im12.png (360,640,1) 1
078/006/im13.png (360,640,1) 1
078/006/im14.png (360,640,1) 1
078/006/im15.png (360,640,1) 1
078/007/im1.png (360,640,1) 1
078/007/im2.png (360,640,1) 1
078/007/im3.png (360,640,1) 1
078/007/im4.png (360,640,1) 1
078/007/im5.png (360,640,1) 1
078/007/im6.png (360,640,1) 1
078/007/im7.png (360,640,1) 1
078/007/im8.png (360,640,1) 1
078/007/im9.png (360,640,1) 1
078/007/im10.png (360,640,1) 1
078/007/im11.png (360,640,1) 1
078/007/im12.png (360,640,1) 1
078/007/im13.png (360,640,1) 1
078/007/im14.png (360,640,1) 1
078/007/im15.png (360,640,1) 1
078/008/im1.png (360,640,1) 1
078/008/im2.png (360,640,1) 1
078/008/im3.png (360,640,1) 1
078/008/im4.png (360,640,1) 1
078/008/im5.png (360,640,1) 1
078/008/im6.png (360,640,1) 1
078/008/im7.png (360,640,1) 1
078/008/im8.png (360,640,1) 1
078/008/im9.png (360,640,1) 1
078/008/im10.png (360,640,1) 1
078/008/im11.png (360,640,1) 1
078/008/im12.png (360,640,1) 1
078/008/im13.png (360,640,1) 1
078/008/im14.png (360,640,1) 1
078/008/im15.png (360,640,1) 1
078/009/im1.png (360,640,1) 1
078/009/im2.png (360,640,1) 1
078/009/im3.png (360,640,1) 1
078/009/im4.png (360,640,1) 1
078/009/im5.png (360,640,1) 1
078/009/im6.png (360,640,1) 1
078/009/im7.png (360,640,1) 1
078/009/im8.png (360,640,1) 1
078/009/im9.png (360,640,1) 1
078/009/im10.png (360,640,1) 1
078/009/im11.png (360,640,1) 1
078/009/im12.png (360,640,1) 1
078/009/im13.png (360,640,1) 1
078/009/im14.png (360,640,1) 1
078/009/im15.png (360,640,1) 1
078/010/im1.png (360,640,1) 1
078/010/im2.png (360,640,1) 1
078/010/im3.png (360,640,1) 1
078/010/im4.png (360,640,1) 1
078/010/im5.png (360,640,1) 1
078/010/im6.png (360,640,1) 1
078/010/im7.png (360,640,1) 1
078/010/im8.png (360,640,1) 1
078/010/im9.png (360,640,1) 1
078/010/im10.png (360,640,1) 1
078/010/im11.png (360,640,1) 1
078/010/im12.png (360,640,1) 1
078/010/im13.png (360,640,1) 1
078/010/im14.png (360,640,1) 1
078/010/im15.png (360,640,1) 1
079/001/im1.png (360,640,1) 1
079/001/im2.png (360,640,1) 1
079/001/im3.png (360,640,1) 1
079/001/im4.png (360,640,1) 1
079/001/im5.png (360,640,1) 1
079/001/im6.png (360,640,1) 1
079/001/im7.png (360,640,1) 1
079/001/im8.png (360,640,1) 1
079/001/im9.png (360,640,1) 1
079/001/im10.png (360,640,1) 1
079/001/im11.png (360,640,1) 1
079/001/im12.png (360,640,1) 1
079/001/im13.png (360,640,1) 1
079/001/im14.png (360,640,1) 1
079/001/im15.png (360,640,1) 1
079/002/im1.png (360,640,1) 1
079/002/im2.png (360,640,1) 1
079/002/im3.png (360,640,1) 1
079/002/im4.png (360,640,1) 1
079/002/im5.png (360,640,1) 1
079/002/im6.png (360,640,1) 1
079/002/im7.png (360,640,1) 1
079/002/im8.png (360,640,1) 1
079/002/im9.png (360,640,1) 1
079/002/im10.png (360,640,1) 1
079/002/im11.png (360,640,1) 1
079/002/im12.png (360,640,1) 1
079/002/im13.png (360,640,1) 1
079/002/im14.png (360,640,1) 1
079/002/im15.png (360,640,1) 1
079/003/im1.png (360,640,1) 1
079/003/im2.png (360,640,1) 1
079/003/im3.png (360,640,1) 1
079/003/im4.png (360,640,1) 1
079/003/im5.png (360,640,1) 1
079/003/im6.png (360,640,1) 1
079/003/im7.png (360,640,1) 1
079/003/im8.png (360,640,1) 1
079/003/im9.png (360,640,1) 1
079/003/im10.png (360,640,1) 1
079/003/im11.png (360,640,1) 1
079/003/im12.png (360,640,1) 1
079/003/im13.png (360,640,1) 1
079/003/im14.png (360,640,1) 1
079/003/im15.png (360,640,1) 1
079/004/im1.png (360,640,1) 1
079/004/im2.png (360,640,1) 1
079/004/im3.png (360,640,1) 1
079/004/im4.png (360,640,1) 1
079/004/im5.png (360,640,1) 1
079/004/im6.png (360,640,1) 1
079/004/im7.png (360,640,1) 1
079/004/im8.png (360,640,1) 1
079/004/im9.png (360,640,1) 1
079/004/im10.png (360,640,1) 1
079/004/im11.png (360,640,1) 1
079/004/im12.png (360,640,1) 1
079/004/im13.png (360,640,1) 1
079/004/im14.png (360,640,1) 1
079/004/im15.png (360,640,1) 1
079/005/im1.png (360,640,1) 1
079/005/im2.png (360,640,1) 1
079/005/im3.png (360,640,1) 1
079/005/im4.png (360,640,1) 1
079/005/im5.png (360,640,1) 1
079/005/im6.png (360,640,1) 1
079/005/im7.png (360,640,1) 1
079/005/im8.png (360,640,1) 1
079/005/im9.png (360,640,1) 1
079/005/im10.png (360,640,1) 1
079/005/im11.png (360,640,1) 1
079/005/im12.png (360,640,1) 1
079/005/im13.png (360,640,1) 1
079/005/im14.png (360,640,1) 1
079/005/im15.png (360,640,1) 1
079/006/im1.png (360,640,1) 1
079/006/im2.png (360,640,1) 1
079/006/im3.png (360,640,1) 1
079/006/im4.png (360,640,1) 1
079/006/im5.png (360,640,1) 1
079/006/im6.png (360,640,1) 1
079/006/im7.png (360,640,1) 1
079/006/im8.png (360,640,1) 1
079/006/im9.png (360,640,1) 1
079/006/im10.png (360,640,1) 1
079/006/im11.png (360,640,1) 1
079/006/im12.png (360,640,1) 1
079/006/im13.png (360,640,1) 1
079/006/im14.png (360,640,1) 1
079/006/im15.png (360,640,1) 1
079/007/im1.png (360,640,1) 1
079/007/im2.png (360,640,1) 1
079/007/im3.png (360,640,1) 1
079/007/im4.png (360,640,1) 1
079/007/im5.png (360,640,1) 1
079/007/im6.png (360,640,1) 1
079/007/im7.png (360,640,1) 1
079/007/im8.png (360,640,1) 1
079/007/im9.png (360,640,1) 1
079/007/im10.png (360,640,1) 1
079/007/im11.png (360,640,1) 1
079/007/im12.png (360,640,1) 1
079/007/im13.png (360,640,1) 1
079/007/im14.png (360,640,1) 1
079/007/im15.png (360,640,1) 1
079/008/im1.png (360,640,1) 1
079/008/im2.png (360,640,1) 1
079/008/im3.png (360,640,1) 1
079/008/im4.png (360,640,1) 1
079/008/im5.png (360,640,1) 1
079/008/im6.png (360,640,1) 1
079/008/im7.png (360,640,1) 1
079/008/im8.png (360,640,1) 1
079/008/im9.png (360,640,1) 1
079/008/im10.png (360,640,1) 1
079/008/im11.png (360,640,1) 1
079/008/im12.png (360,640,1) 1
079/008/im13.png (360,640,1) 1
079/008/im14.png (360,640,1) 1
079/008/im15.png (360,640,1) 1
079/009/im1.png (360,640,1) 1
079/009/im2.png (360,640,1) 1
079/009/im3.png (360,640,1) 1
079/009/im4.png (360,640,1) 1
079/009/im5.png (360,640,1) 1
079/009/im6.png (360,640,1) 1
079/009/im7.png (360,640,1) 1
079/009/im8.png (360,640,1) 1
079/009/im9.png (360,640,1) 1
079/009/im10.png (360,640,1) 1
079/009/im11.png (360,640,1) 1
079/009/im12.png (360,640,1) 1
079/009/im13.png (360,640,1) 1
079/009/im14.png (360,640,1) 1
079/009/im15.png (360,640,1) 1
079/010/im1.png (360,640,1) 1
079/010/im2.png (360,640,1) 1
079/010/im3.png (360,640,1) 1
079/010/im4.png (360,640,1) 1
079/010/im5.png (360,640,1) 1
079/010/im6.png (360,640,1) 1
079/010/im7.png (360,640,1) 1
079/010/im8.png (360,640,1) 1
079/010/im9.png (360,640,1) 1
079/010/im10.png (360,640,1) 1
079/010/im11.png (360,640,1) 1
079/010/im12.png (360,640,1) 1
079/010/im13.png (360,640,1) 1
079/010/im14.png (360,640,1) 1
079/010/im15.png (360,640,1) 1
080/001/im1.png (360,640,1) 1
080/001/im2.png (360,640,1) 1
080/001/im3.png (360,640,1) 1
080/001/im4.png (360,640,1) 1
080/001/im5.png (360,640,1) 1
080/001/im6.png (360,640,1) 1
080/001/im7.png (360,640,1) 1
080/001/im8.png (360,640,1) 1
080/001/im9.png (360,640,1) 1
080/001/im10.png (360,640,1) 1
080/001/im11.png (360,640,1) 1
080/001/im12.png (360,640,1) 1
080/001/im13.png (360,640,1) 1
080/001/im14.png (360,640,1) 1
080/001/im15.png (360,640,1) 1
080/002/im1.png (360,640,1) 1
080/002/im2.png (360,640,1) 1
080/002/im3.png (360,640,1) 1
080/002/im4.png (360,640,1) 1
080/002/im5.png (360,640,1) 1
080/002/im6.png (360,640,1) 1
080/002/im7.png (360,640,1) 1
080/002/im8.png (360,640,1) 1
080/002/im9.png (360,640,1) 1
080/002/im10.png (360,640,1) 1
080/002/im11.png (360,640,1) 1
080/002/im12.png (360,640,1) 1
080/002/im13.png (360,640,1) 1
080/002/im14.png (360,640,1) 1
080/002/im15.png (360,640,1) 1
080/003/im1.png (360,640,1) 1
080/003/im2.png (360,640,1) 1
080/003/im3.png (360,640,1) 1
080/003/im4.png (360,640,1) 1
080/003/im5.png (360,640,1) 1
080/003/im6.png (360,640,1) 1
080/003/im7.png (360,640,1) 1
080/003/im8.png (360,640,1) 1
080/003/im9.png (360,640,1) 1
080/003/im10.png (360,640,1) 1
080/003/im11.png (360,640,1) 1
080/003/im12.png (360,640,1) 1
080/003/im13.png (360,640,1) 1
080/003/im14.png (360,640,1) 1
080/003/im15.png (360,640,1) 1
080/004/im1.png (360,640,1) 1
080/004/im2.png (360,640,1) 1
080/004/im3.png (360,640,1) 1
080/004/im4.png (360,640,1) 1
080/004/im5.png (360,640,1) 1
080/004/im6.png (360,640,1) 1
080/004/im7.png (360,640,1) 1
080/004/im8.png (360,640,1) 1
080/004/im9.png (360,640,1) 1
080/004/im10.png (360,640,1) 1
080/004/im11.png (360,640,1) 1
080/004/im12.png (360,640,1) 1
080/004/im13.png (360,640,1) 1
080/004/im14.png (360,640,1) 1
080/004/im15.png (360,640,1) 1
080/005/im1.png (360,640,1) 1
080/005/im2.png (360,640,1) 1
080/005/im3.png (360,640,1) 1
080/005/im4.png (360,640,1) 1
080/005/im5.png (360,640,1) 1
080/005/im6.png (360,640,1) 1
080/005/im7.png (360,640,1) 1
080/005/im8.png (360,640,1) 1
080/005/im9.png (360,640,1) 1
080/005/im10.png (360,640,1) 1
080/005/im11.png (360,640,1) 1
080/005/im12.png (360,640,1) 1
080/005/im13.png (360,640,1) 1
080/005/im14.png (360,640,1) 1
080/005/im15.png (360,640,1) 1
080/006/im1.png (360,640,1) 1
080/006/im2.png (360,640,1) 1
080/006/im3.png (360,640,1) 1
080/006/im4.png (360,640,1) 1
080/006/im5.png (360,640,1) 1
080/006/im6.png (360,640,1) 1
080/006/im7.png (360,640,1) 1
080/006/im8.png (360,640,1) 1
080/006/im9.png (360,640,1) 1
080/006/im10.png (360,640,1) 1
080/006/im11.png (360,640,1) 1
080/006/im12.png (360,640,1) 1
080/006/im13.png (360,640,1) 1
080/006/im14.png (360,640,1) 1
080/006/im15.png (360,640,1) 1
080/007/im1.png (360,640,1) 1
080/007/im2.png (360,640,1) 1
080/007/im3.png (360,640,1) 1
080/007/im4.png (360,640,1) 1
080/007/im5.png (360,640,1) 1
080/007/im6.png (360,640,1) 1
080/007/im7.png (360,640,1) 1
080/007/im8.png (360,640,1) 1
080/007/im9.png (360,640,1) 1
080/007/im10.png (360,640,1) 1
080/007/im11.png (360,640,1) 1
080/007/im12.png (360,640,1) 1
080/007/im13.png (360,640,1) 1
080/007/im14.png (360,640,1) 1
080/007/im15.png (360,640,1) 1
080/008/im1.png (360,640,1) 1
080/008/im2.png (360,640,1) 1
080/008/im3.png (360,640,1) 1
080/008/im4.png (360,640,1) 1
080/008/im5.png (360,640,1) 1
080/008/im6.png (360,640,1) 1
080/008/im7.png (360,640,1) 1
080/008/im8.png (360,640,1) 1
080/008/im9.png (360,640,1) 1
080/008/im10.png (360,640,1) 1
080/008/im11.png (360,640,1) 1
080/008/im12.png (360,640,1) 1
080/008/im13.png (360,640,1) 1
080/008/im14.png (360,640,1) 1
080/008/im15.png (360,640,1) 1
080/009/im1.png (360,640,1) 1
080/009/im2.png (360,640,1) 1
080/009/im3.png (360,640,1) 1
080/009/im4.png (360,640,1) 1
080/009/im5.png (360,640,1) 1
080/009/im6.png (360,640,1) 1
080/009/im7.png (360,640,1) 1
080/009/im8.png (360,640,1) 1
080/009/im9.png (360,640,1) 1
080/009/im10.png (360,640,1) 1
080/009/im11.png (360,640,1) 1
080/009/im12.png (360,640,1) 1
080/009/im13.png (360,640,1) 1
080/009/im14.png (360,640,1) 1
080/009/im15.png (360,640,1) 1
080/010/im1.png (360,640,1) 1
080/010/im2.png (360,640,1) 1
080/010/im3.png (360,640,1) 1
080/010/im4.png (360,640,1) 1
080/010/im5.png (360,640,1) 1
080/010/im6.png (360,640,1) 1
080/010/im7.png (360,640,1) 1
080/010/im8.png (360,640,1) 1
080/010/im9.png (360,640,1) 1
080/010/im10.png (360,640,1) 1
080/010/im11.png (360,640,1) 1
080/010/im12.png (360,640,1) 1
080/010/im13.png (360,640,1) 1
080/010/im14.png (360,640,1) 1
080/010/im15.png (360,640,1) 1
081/001/im1.png (360,640,1) 1
081/001/im2.png (360,640,1) 1
081/001/im3.png (360,640,1) 1
081/001/im4.png (360,640,1) 1
081/001/im5.png (360,640,1) 1
081/001/im6.png (360,640,1) 1
081/001/im7.png (360,640,1) 1
081/001/im8.png (360,640,1) 1
081/001/im9.png (360,640,1) 1
081/001/im10.png (360,640,1) 1
081/001/im11.png (360,640,1) 1
081/001/im12.png (360,640,1) 1
081/001/im13.png (360,640,1) 1
081/001/im14.png (360,640,1) 1
081/001/im15.png (360,640,1) 1
081/002/im1.png (360,640,1) 1
081/002/im2.png (360,640,1) 1
081/002/im3.png (360,640,1) 1
081/002/im4.png (360,640,1) 1
081/002/im5.png (360,640,1) 1
081/002/im6.png (360,640,1) 1
081/002/im7.png (360,640,1) 1
081/002/im8.png (360,640,1) 1
081/002/im9.png (360,640,1) 1
081/002/im10.png (360,640,1) 1
081/002/im11.png (360,640,1) 1
081/002/im12.png (360,640,1) 1
081/002/im13.png (360,640,1) 1
081/002/im14.png (360,640,1) 1
081/002/im15.png (360,640,1) 1
081/003/im1.png (360,640,1) 1
081/003/im2.png (360,640,1) 1
081/003/im3.png (360,640,1) 1
081/003/im4.png (360,640,1) 1
081/003/im5.png (360,640,1) 1
081/003/im6.png (360,640,1) 1
081/003/im7.png (360,640,1) 1
081/003/im8.png (360,640,1) 1
081/003/im9.png (360,640,1) 1
081/003/im10.png (360,640,1) 1
081/003/im11.png (360,640,1) 1
081/003/im12.png (360,640,1) 1
081/003/im13.png (360,640,1) 1
081/003/im14.png (360,640,1) 1
081/003/im15.png (360,640,1) 1
081/004/im1.png (360,640,1) 1
081/004/im2.png (360,640,1) 1
081/004/im3.png (360,640,1) 1
081/004/im4.png (360,640,1) 1
081/004/im5.png (360,640,1) 1
081/004/im6.png (360,640,1) 1
081/004/im7.png (360,640,1) 1
081/004/im8.png (360,640,1) 1
081/004/im9.png (360,640,1) 1
081/004/im10.png (360,640,1) 1
081/004/im11.png (360,640,1) 1
081/004/im12.png (360,640,1) 1
081/004/im13.png (360,640,1) 1
081/004/im14.png (360,640,1) 1
081/004/im15.png (360,640,1) 1
081/005/im1.png (360,640,1) 1
081/005/im2.png (360,640,1) 1
081/005/im3.png (360,640,1) 1
081/005/im4.png (360,640,1) 1
081/005/im5.png (360,640,1) 1
081/005/im6.png (360,640,1) 1
081/005/im7.png (360,640,1) 1
081/005/im8.png (360,640,1) 1
081/005/im9.png (360,640,1) 1
081/005/im10.png (360,640,1) 1
081/005/im11.png (360,640,1) 1
081/005/im12.png (360,640,1) 1
081/005/im13.png (360,640,1) 1
081/005/im14.png (360,640,1) 1
081/005/im15.png (360,640,1) 1
081/006/im1.png (360,640,1) 1
081/006/im2.png (360,640,1) 1
081/006/im3.png (360,640,1) 1
081/006/im4.png (360,640,1) 1
081/006/im5.png (360,640,1) 1
081/006/im6.png (360,640,1) 1
081/006/im7.png (360,640,1) 1
081/006/im8.png (360,640,1) 1
081/006/im9.png (360,640,1) 1
081/006/im10.png (360,640,1) 1
081/006/im11.png (360,640,1) 1
081/006/im12.png (360,640,1) 1
081/006/im13.png (360,640,1) 1
081/006/im14.png (360,640,1) 1
081/006/im15.png (360,640,1) 1
081/007/im1.png (360,640,1) 1
081/007/im2.png (360,640,1) 1
081/007/im3.png (360,640,1) 1
081/007/im4.png (360,640,1) 1
081/007/im5.png (360,640,1) 1
081/007/im6.png (360,640,1) 1
081/007/im7.png (360,640,1) 1
081/007/im8.png (360,640,1) 1
081/007/im9.png (360,640,1) 1
081/007/im10.png (360,640,1) 1
081/007/im11.png (360,640,1) 1
081/007/im12.png (360,640,1) 1
081/007/im13.png (360,640,1) 1
081/007/im14.png (360,640,1) 1
081/007/im15.png (360,640,1) 1
081/008/im1.png (360,640,1) 1
081/008/im2.png (360,640,1) 1
081/008/im3.png (360,640,1) 1
081/008/im4.png (360,640,1) 1
081/008/im5.png (360,640,1) 1
081/008/im6.png (360,640,1) 1
081/008/im7.png (360,640,1) 1
081/008/im8.png (360,640,1) 1
081/008/im9.png (360,640,1) 1
081/008/im10.png (360,640,1) 1
081/008/im11.png (360,640,1) 1
081/008/im12.png (360,640,1) 1
081/008/im13.png (360,640,1) 1
081/008/im14.png (360,640,1) 1
081/008/im15.png (360,640,1) 1
081/009/im1.png (360,640,1) 1
081/009/im2.png (360,640,1) 1
081/009/im3.png (360,640,1) 1
081/009/im4.png (360,640,1) 1
081/009/im5.png (360,640,1) 1
081/009/im6.png (360,640,1) 1
081/009/im7.png (360,640,1) 1
081/009/im8.png (360,640,1) 1
081/009/im9.png (360,640,1) 1
081/009/im10.png (360,640,1) 1
081/009/im11.png (360,640,1) 1
081/009/im12.png (360,640,1) 1
081/009/im13.png (360,640,1) 1
081/009/im14.png (360,640,1) 1
081/009/im15.png (360,640,1) 1
081/010/im1.png (360,640,1) 1
081/010/im2.png (360,640,1) 1
081/010/im3.png (360,640,1) 1
081/010/im4.png (360,640,1) 1
081/010/im5.png (360,640,1) 1
081/010/im6.png (360,640,1) 1
081/010/im7.png (360,640,1) 1
081/010/im8.png (360,640,1) 1
081/010/im9.png (360,640,1) 1
081/010/im10.png (360,640,1) 1
081/010/im11.png (360,640,1) 1
081/010/im12.png (360,640,1) 1
081/010/im13.png (360,640,1) 1
081/010/im14.png (360,640,1) 1
081/010/im15.png (360,640,1) 1
082/001/im1.png (360,640,1) 1
082/001/im2.png (360,640,1) 1
082/001/im3.png (360,640,1) 1
082/001/im4.png (360,640,1) 1
082/001/im5.png (360,640,1) 1
082/001/im6.png (360,640,1) 1
082/001/im7.png (360,640,1) 1
082/001/im8.png (360,640,1) 1
082/001/im9.png (360,640,1) 1
082/001/im10.png (360,640,1) 1
082/001/im11.png (360,640,1) 1
082/001/im12.png (360,640,1) 1
082/001/im13.png (360,640,1) 1
082/001/im14.png (360,640,1) 1
082/001/im15.png (360,640,1) 1
082/002/im1.png (360,640,1) 1
082/002/im2.png (360,640,1) 1
082/002/im3.png (360,640,1) 1
082/002/im4.png (360,640,1) 1
082/002/im5.png (360,640,1) 1
082/002/im6.png (360,640,1) 1
082/002/im7.png (360,640,1) 1
082/002/im8.png (360,640,1) 1
082/002/im9.png (360,640,1) 1
082/002/im10.png (360,640,1) 1
082/002/im11.png (360,640,1) 1
082/002/im12.png (360,640,1) 1
082/002/im13.png (360,640,1) 1
082/002/im14.png (360,640,1) 1
082/002/im15.png (360,640,1) 1
082/003/im1.png (360,640,1) 1
082/003/im2.png (360,640,1) 1
082/003/im3.png (360,640,1) 1
082/003/im4.png (360,640,1) 1
082/003/im5.png (360,640,1) 1
082/003/im6.png (360,640,1) 1
082/003/im7.png (360,640,1) 1
082/003/im8.png (360,640,1) 1
082/003/im9.png (360,640,1) 1
082/003/im10.png (360,640,1) 1
082/003/im11.png (360,640,1) 1
082/003/im12.png (360,640,1) 1
082/003/im13.png (360,640,1) 1
082/003/im14.png (360,640,1) 1
082/003/im15.png (360,640,1) 1
082/004/im1.png (360,640,1) 1
082/004/im2.png (360,640,1) 1
082/004/im3.png (360,640,1) 1
082/004/im4.png (360,640,1) 1
082/004/im5.png (360,640,1) 1
082/004/im6.png (360,640,1) 1
082/004/im7.png (360,640,1) 1
082/004/im8.png (360,640,1) 1
082/004/im9.png (360,640,1) 1
082/004/im10.png (360,640,1) 1
082/004/im11.png (360,640,1) 1
082/004/im12.png (360,640,1) 1
082/004/im13.png (360,640,1) 1
082/004/im14.png (360,640,1) 1
082/004/im15.png (360,640,1) 1
082/005/im1.png (360,640,1) 1
082/005/im2.png (360,640,1) 1
082/005/im3.png (360,640,1) 1
082/005/im4.png (360,640,1) 1
082/005/im5.png (360,640,1) 1
082/005/im6.png (360,640,1) 1
082/005/im7.png (360,640,1) 1
082/005/im8.png (360,640,1) 1
082/005/im9.png (360,640,1) 1
082/005/im10.png (360,640,1) 1
082/005/im11.png (360,640,1) 1
082/005/im12.png (360,640,1) 1
082/005/im13.png (360,640,1) 1
082/005/im14.png (360,640,1) 1
082/005/im15.png (360,640,1) 1
082/006/im1.png (360,640,1) 1
082/006/im2.png (360,640,1) 1
082/006/im3.png (360,640,1) 1
082/006/im4.png (360,640,1) 1
082/006/im5.png (360,640,1) 1
082/006/im6.png (360,640,1) 1
082/006/im7.png (360,640,1) 1
082/006/im8.png (360,640,1) 1
082/006/im9.png (360,640,1) 1
082/006/im10.png (360,640,1) 1
082/006/im11.png (360,640,1) 1
082/006/im12.png (360,640,1) 1
082/006/im13.png (360,640,1) 1
082/006/im14.png (360,640,1) 1
082/006/im15.png (360,640,1) 1
082/007/im1.png (360,640,1) 1
082/007/im2.png (360,640,1) 1
082/007/im3.png (360,640,1) 1
082/007/im4.png (360,640,1) 1
082/007/im5.png (360,640,1) 1
082/007/im6.png (360,640,1) 1
082/007/im7.png (360,640,1) 1
082/007/im8.png (360,640,1) 1
082/007/im9.png (360,640,1) 1
082/007/im10.png (360,640,1) 1
082/007/im11.png (360,640,1) 1
082/007/im12.png (360,640,1) 1
082/007/im13.png (360,640,1) 1
082/007/im14.png (360,640,1) 1
082/007/im15.png (360,640,1) 1
082/008/im1.png (360,640,1) 1
082/008/im2.png (360,640,1) 1
082/008/im3.png (360,640,1) 1
082/008/im4.png (360,640,1) 1
082/008/im5.png (360,640,1) 1
082/008/im6.png (360,640,1) 1
082/008/im7.png (360,640,1) 1
082/008/im8.png (360,640,1) 1
082/008/im9.png (360,640,1) 1
082/008/im10.png (360,640,1) 1
082/008/im11.png (360,640,1) 1
082/008/im12.png (360,640,1) 1
082/008/im13.png (360,640,1) 1
082/008/im14.png (360,640,1) 1
082/008/im15.png (360,640,1) 1
082/009/im1.png (360,640,1) 1
082/009/im2.png (360,640,1) 1
082/009/im3.png (360,640,1) 1
082/009/im4.png (360,640,1) 1
082/009/im5.png (360,640,1) 1
082/009/im6.png (360,640,1) 1
082/009/im7.png (360,640,1) 1
082/009/im8.png (360,640,1) 1
082/009/im9.png (360,640,1) 1
082/009/im10.png (360,640,1) 1
082/009/im11.png (360,640,1) 1
082/009/im12.png (360,640,1) 1
082/009/im13.png (360,640,1) 1
082/009/im14.png (360,640,1) 1
082/009/im15.png (360,640,1) 1
082/010/im1.png (360,640,1) 1
082/010/im2.png (360,640,1) 1
082/010/im3.png (360,640,1) 1
082/010/im4.png (360,640,1) 1
082/010/im5.png (360,640,1) 1
082/010/im6.png (360,640,1) 1
082/010/im7.png (360,640,1) 1
082/010/im8.png (360,640,1) 1
082/010/im9.png (360,640,1) 1
082/010/im10.png (360,640,1) 1
082/010/im11.png (360,640,1) 1
082/010/im12.png (360,640,1) 1
082/010/im13.png (360,640,1) 1
082/010/im14.png (360,640,1) 1
082/010/im15.png (360,640,1) 1
083/001/im1.png (360,640,1) 1
083/001/im2.png (360,640,1) 1
083/001/im3.png (360,640,1) 1
083/001/im4.png (360,640,1) 1
083/001/im5.png (360,640,1) 1
083/001/im6.png (360,640,1) 1
083/001/im7.png (360,640,1) 1
083/001/im8.png (360,640,1) 1
083/001/im9.png (360,640,1) 1
083/001/im10.png (360,640,1) 1
083/001/im11.png (360,640,1) 1
083/001/im12.png (360,640,1) 1
083/001/im13.png (360,640,1) 1
083/001/im14.png (360,640,1) 1
083/001/im15.png (360,640,1) 1
083/002/im1.png (360,640,1) 1
083/002/im2.png (360,640,1) 1
083/002/im3.png (360,640,1) 1
083/002/im4.png (360,640,1) 1
083/002/im5.png (360,640,1) 1
083/002/im6.png (360,640,1) 1
083/002/im7.png (360,640,1) 1
083/002/im8.png (360,640,1) 1
083/002/im9.png (360,640,1) 1
083/002/im10.png (360,640,1) 1
083/002/im11.png (360,640,1) 1
083/002/im12.png (360,640,1) 1
083/002/im13.png (360,640,1) 1
083/002/im14.png (360,640,1) 1
083/002/im15.png (360,640,1) 1
083/003/im1.png (360,640,1) 1
083/003/im2.png (360,640,1) 1
083/003/im3.png (360,640,1) 1
083/003/im4.png (360,640,1) 1
083/003/im5.png (360,640,1) 1
083/003/im6.png (360,640,1) 1
083/003/im7.png (360,640,1) 1
083/003/im8.png (360,640,1) 1
083/003/im9.png (360,640,1) 1
083/003/im10.png (360,640,1) 1
083/003/im11.png (360,640,1) 1
083/003/im12.png (360,640,1) 1
083/003/im13.png (360,640,1) 1
083/003/im14.png (360,640,1) 1
083/003/im15.png (360,640,1) 1
083/004/im1.png (360,640,1) 1
083/004/im2.png (360,640,1) 1
083/004/im3.png (360,640,1) 1
083/004/im4.png (360,640,1) 1
083/004/im5.png (360,640,1) 1
083/004/im6.png (360,640,1) 1
083/004/im7.png (360,640,1) 1
083/004/im8.png (360,640,1) 1
083/004/im9.png (360,640,1) 1
083/004/im10.png (360,640,1) 1
083/004/im11.png (360,640,1) 1
083/004/im12.png (360,640,1) 1
083/004/im13.png (360,640,1) 1
083/004/im14.png (360,640,1) 1
083/004/im15.png (360,640,1) 1
083/005/im1.png (360,640,1) 1
083/005/im2.png (360,640,1) 1
083/005/im3.png (360,640,1) 1
083/005/im4.png (360,640,1) 1
083/005/im5.png (360,640,1) 1
083/005/im6.png (360,640,1) 1
083/005/im7.png (360,640,1) 1
083/005/im8.png (360,640,1) 1
083/005/im9.png (360,640,1) 1
083/005/im10.png (360,640,1) 1
083/005/im11.png (360,640,1) 1
083/005/im12.png (360,640,1) 1
083/005/im13.png (360,640,1) 1
083/005/im14.png (360,640,1) 1
083/005/im15.png (360,640,1) 1
083/006/im1.png (360,640,1) 1
083/006/im2.png (360,640,1) 1
083/006/im3.png (360,640,1) 1
083/006/im4.png (360,640,1) 1
083/006/im5.png (360,640,1) 1
083/006/im6.png (360,640,1) 1
083/006/im7.png (360,640,1) 1
083/006/im8.png (360,640,1) 1
083/006/im9.png (360,640,1) 1
083/006/im10.png (360,640,1) 1
083/006/im11.png (360,640,1) 1
083/006/im12.png (360,640,1) 1
083/006/im13.png (360,640,1) 1
083/006/im14.png (360,640,1) 1
083/006/im15.png (360,640,1) 1
083/007/im1.png (360,640,1) 1
083/007/im2.png (360,640,1) 1
083/007/im3.png (360,640,1) 1
083/007/im4.png (360,640,1) 1
083/007/im5.png (360,640,1) 1
083/007/im6.png (360,640,1) 1
083/007/im7.png (360,640,1) 1
083/007/im8.png (360,640,1) 1
083/007/im9.png (360,640,1) 1
083/007/im10.png (360,640,1) 1
083/007/im11.png (360,640,1) 1
083/007/im12.png (360,640,1) 1
083/007/im13.png (360,640,1) 1
083/007/im14.png (360,640,1) 1
083/007/im15.png (360,640,1) 1
083/008/im1.png (360,640,1) 1
083/008/im2.png (360,640,1) 1
083/008/im3.png (360,640,1) 1
083/008/im4.png (360,640,1) 1
083/008/im5.png (360,640,1) 1
083/008/im6.png (360,640,1) 1
083/008/im7.png (360,640,1) 1
083/008/im8.png (360,640,1) 1
083/008/im9.png (360,640,1) 1
083/008/im10.png (360,640,1) 1
083/008/im11.png (360,640,1) 1
083/008/im12.png (360,640,1) 1
083/008/im13.png (360,640,1) 1
083/008/im14.png (360,640,1) 1
083/008/im15.png (360,640,1) 1
083/009/im1.png (360,640,1) 1
083/009/im2.png (360,640,1) 1
083/009/im3.png (360,640,1) 1
083/009/im4.png (360,640,1) 1
083/009/im5.png (360,640,1) 1
083/009/im6.png (360,640,1) 1
083/009/im7.png (360,640,1) 1
083/009/im8.png (360,640,1) 1
083/009/im9.png (360,640,1) 1
083/009/im10.png (360,640,1) 1
083/009/im11.png (360,640,1) 1
083/009/im12.png (360,640,1) 1
083/009/im13.png (360,640,1) 1
083/009/im14.png (360,640,1) 1
083/009/im15.png (360,640,1) 1
083/010/im1.png (360,640,1) 1
083/010/im2.png (360,640,1) 1
083/010/im3.png (360,640,1) 1
083/010/im4.png (360,640,1) 1
083/010/im5.png (360,640,1) 1
083/010/im6.png (360,640,1) 1
083/010/im7.png (360,640,1) 1
083/010/im8.png (360,640,1) 1
083/010/im9.png (360,640,1) 1
083/010/im10.png (360,640,1) 1
083/010/im11.png (360,640,1) 1
083/010/im12.png (360,640,1) 1
083/010/im13.png (360,640,1) 1
083/010/im14.png (360,640,1) 1
083/010/im15.png (360,640,1) 1
084/001/im1.png (360,640,1) 1
084/001/im2.png (360,640,1) 1
084/001/im3.png (360,640,1) 1
084/001/im4.png (360,640,1) 1
084/001/im5.png (360,640,1) 1
084/001/im6.png (360,640,1) 1
084/001/im7.png (360,640,1) 1
084/001/im8.png (360,640,1) 1
084/001/im9.png (360,640,1) 1
084/001/im10.png (360,640,1) 1
084/001/im11.png (360,640,1) 1
084/001/im12.png (360,640,1) 1
084/001/im13.png (360,640,1) 1
084/001/im14.png (360,640,1) 1
084/001/im15.png (360,640,1) 1
084/002/im1.png (360,640,1) 1
084/002/im2.png (360,640,1) 1
084/002/im3.png (360,640,1) 1
084/002/im4.png (360,640,1) 1
084/002/im5.png (360,640,1) 1
084/002/im6.png (360,640,1) 1
084/002/im7.png (360,640,1) 1
084/002/im8.png (360,640,1) 1
084/002/im9.png (360,640,1) 1
084/002/im10.png (360,640,1) 1
084/002/im11.png (360,640,1) 1
084/002/im12.png (360,640,1) 1
084/002/im13.png (360,640,1) 1
084/002/im14.png (360,640,1) 1
084/002/im15.png (360,640,1) 1
084/003/im1.png (360,640,1) 1
084/003/im2.png (360,640,1) 1
084/003/im3.png (360,640,1) 1
084/003/im4.png (360,640,1) 1
084/003/im5.png (360,640,1) 1
084/003/im6.png (360,640,1) 1
084/003/im7.png (360,640,1) 1
084/003/im8.png (360,640,1) 1
084/003/im9.png (360,640,1) 1
084/003/im10.png (360,640,1) 1
084/003/im11.png (360,640,1) 1
084/003/im12.png (360,640,1) 1
084/003/im13.png (360,640,1) 1
084/003/im14.png (360,640,1) 1
084/003/im15.png (360,640,1) 1
084/004/im1.png (360,640,1) 1
084/004/im2.png (360,640,1) 1
084/004/im3.png (360,640,1) 1
084/004/im4.png (360,640,1) 1
084/004/im5.png (360,640,1) 1
084/004/im6.png (360,640,1) 1
084/004/im7.png (360,640,1) 1
084/004/im8.png (360,640,1) 1
084/004/im9.png (360,640,1) 1
084/004/im10.png (360,640,1) 1
084/004/im11.png (360,640,1) 1
084/004/im12.png (360,640,1) 1
084/004/im13.png (360,640,1) 1
084/004/im14.png (360,640,1) 1
084/004/im15.png (360,640,1) 1
084/005/im1.png (360,640,1) 1
084/005/im2.png (360,640,1) 1
084/005/im3.png (360,640,1) 1
084/005/im4.png (360,640,1) 1
084/005/im5.png (360,640,1) 1
084/005/im6.png (360,640,1) 1
084/005/im7.png (360,640,1) 1
084/005/im8.png (360,640,1) 1
084/005/im9.png (360,640,1) 1
084/005/im10.png (360,640,1) 1
084/005/im11.png (360,640,1) 1
084/005/im12.png (360,640,1) 1
084/005/im13.png (360,640,1) 1
084/005/im14.png (360,640,1) 1
084/005/im15.png (360,640,1) 1
084/006/im1.png (360,640,1) 1
084/006/im2.png (360,640,1) 1
084/006/im3.png (360,640,1) 1
084/006/im4.png (360,640,1) 1
084/006/im5.png (360,640,1) 1
084/006/im6.png (360,640,1) 1
084/006/im7.png (360,640,1) 1
084/006/im8.png (360,640,1) 1
084/006/im9.png (360,640,1) 1
084/006/im10.png (360,640,1) 1
084/006/im11.png (360,640,1) 1
084/006/im12.png (360,640,1) 1
084/006/im13.png (360,640,1) 1
084/006/im14.png (360,640,1) 1
084/006/im15.png (360,640,1) 1
084/007/im1.png (360,640,1) 1
084/007/im2.png (360,640,1) 1
084/007/im3.png (360,640,1) 1
084/007/im4.png (360,640,1) 1
084/007/im5.png (360,640,1) 1
084/007/im6.png (360,640,1) 1
084/007/im7.png (360,640,1) 1
084/007/im8.png (360,640,1) 1
084/007/im9.png (360,640,1) 1
084/007/im10.png (360,640,1) 1
084/007/im11.png (360,640,1) 1
084/007/im12.png (360,640,1) 1
084/007/im13.png (360,640,1) 1
084/007/im14.png (360,640,1) 1
084/007/im15.png (360,640,1) 1
084/008/im1.png (360,640,1) 1
084/008/im2.png (360,640,1) 1
084/008/im3.png (360,640,1) 1
084/008/im4.png (360,640,1) 1
084/008/im5.png (360,640,1) 1
084/008/im6.png (360,640,1) 1
084/008/im7.png (360,640,1) 1
084/008/im8.png (360,640,1) 1
084/008/im9.png (360,640,1) 1
084/008/im10.png (360,640,1) 1
084/008/im11.png (360,640,1) 1
084/008/im12.png (360,640,1) 1
084/008/im13.png (360,640,1) 1
084/008/im14.png (360,640,1) 1
084/008/im15.png (360,640,1) 1
084/009/im1.png (360,640,1) 1
084/009/im2.png (360,640,1) 1
084/009/im3.png (360,640,1) 1
084/009/im4.png (360,640,1) 1
084/009/im5.png (360,640,1) 1
084/009/im6.png (360,640,1) 1
084/009/im7.png (360,640,1) 1
084/009/im8.png (360,640,1) 1
084/009/im9.png (360,640,1) 1
084/009/im10.png (360,640,1) 1
084/009/im11.png (360,640,1) 1
084/009/im12.png (360,640,1) 1
084/009/im13.png (360,640,1) 1
084/009/im14.png (360,640,1) 1
084/009/im15.png (360,640,1) 1
084/010/im1.png (360,640,1) 1
084/010/im2.png (360,640,1) 1
084/010/im3.png (360,640,1) 1
084/010/im4.png (360,640,1) 1
084/010/im5.png (360,640,1) 1
084/010/im6.png (360,640,1) 1
084/010/im7.png (360,640,1) 1
084/010/im8.png (360,640,1) 1
084/010/im9.png (360,640,1) 1
084/010/im10.png (360,640,1) 1
084/010/im11.png (360,640,1) 1
084/010/im12.png (360,640,1) 1
084/010/im13.png (360,640,1) 1
084/010/im14.png (360,640,1) 1
084/010/im15.png (360,640,1) 1
085/001/im1.png (360,640,1) 1
085/001/im2.png (360,640,1) 1
085/001/im3.png (360,640,1) 1
085/001/im4.png (360,640,1) 1
085/001/im5.png (360,640,1) 1
085/001/im6.png (360,640,1) 1
085/001/im7.png (360,640,1) 1
085/001/im8.png (360,640,1) 1
085/001/im9.png (360,640,1) 1
085/001/im10.png (360,640,1) 1
085/001/im11.png (360,640,1) 1
085/001/im12.png (360,640,1) 1
085/001/im13.png (360,640,1) 1
085/001/im14.png (360,640,1) 1
085/001/im15.png (360,640,1) 1
085/002/im1.png (360,640,1) 1
085/002/im2.png (360,640,1) 1
085/002/im3.png (360,640,1) 1
085/002/im4.png (360,640,1) 1
085/002/im5.png (360,640,1) 1
085/002/im6.png (360,640,1) 1
085/002/im7.png (360,640,1) 1
085/002/im8.png (360,640,1) 1
085/002/im9.png (360,640,1) 1
085/002/im10.png (360,640,1) 1
085/002/im11.png (360,640,1) 1
085/002/im12.png (360,640,1) 1
085/002/im13.png (360,640,1) 1
085/002/im14.png (360,640,1) 1
085/002/im15.png (360,640,1) 1
085/003/im1.png (360,640,1) 1
085/003/im2.png (360,640,1) 1
085/003/im3.png (360,640,1) 1
085/003/im4.png (360,640,1) 1
085/003/im5.png (360,640,1) 1
085/003/im6.png (360,640,1) 1
085/003/im7.png (360,640,1) 1
085/003/im8.png (360,640,1) 1
085/003/im9.png (360,640,1) 1
085/003/im10.png (360,640,1) 1
085/003/im11.png (360,640,1) 1
085/003/im12.png (360,640,1) 1
085/003/im13.png (360,640,1) 1
085/003/im14.png (360,640,1) 1
085/003/im15.png (360,640,1) 1
085/004/im1.png (360,640,1) 1
085/004/im2.png (360,640,1) 1
085/004/im3.png (360,640,1) 1
085/004/im4.png (360,640,1) 1
085/004/im5.png (360,640,1) 1
085/004/im6.png (360,640,1) 1
085/004/im7.png (360,640,1) 1
085/004/im8.png (360,640,1) 1
085/004/im9.png (360,640,1) 1
085/004/im10.png (360,640,1) 1
085/004/im11.png (360,640,1) 1
085/004/im12.png (360,640,1) 1
085/004/im13.png (360,640,1) 1
085/004/im14.png (360,640,1) 1
085/004/im15.png (360,640,1) 1
085/005/im1.png (360,640,1) 1
085/005/im2.png (360,640,1) 1
085/005/im3.png (360,640,1) 1
085/005/im4.png (360,640,1) 1
085/005/im5.png (360,640,1) 1
085/005/im6.png (360,640,1) 1
085/005/im7.png (360,640,1) 1
085/005/im8.png (360,640,1) 1
085/005/im9.png (360,640,1) 1
085/005/im10.png (360,640,1) 1
085/005/im11.png (360,640,1) 1
085/005/im12.png (360,640,1) 1
085/005/im13.png (360,640,1) 1
085/005/im14.png (360,640,1) 1
085/005/im15.png (360,640,1) 1
085/006/im1.png (360,640,1) 1
085/006/im2.png (360,640,1) 1
085/006/im3.png (360,640,1) 1
085/006/im4.png (360,640,1) 1
085/006/im5.png (360,640,1) 1
085/006/im6.png (360,640,1) 1
085/006/im7.png (360,640,1) 1
085/006/im8.png (360,640,1) 1
085/006/im9.png (360,640,1) 1
085/006/im10.png (360,640,1) 1
085/006/im11.png (360,640,1) 1
085/006/im12.png (360,640,1) 1
085/006/im13.png (360,640,1) 1
085/006/im14.png (360,640,1) 1
085/006/im15.png (360,640,1) 1
085/007/im1.png (360,640,1) 1
085/007/im2.png (360,640,1) 1
085/007/im3.png (360,640,1) 1
085/007/im4.png (360,640,1) 1
085/007/im5.png (360,640,1) 1
085/007/im6.png (360,640,1) 1
085/007/im7.png (360,640,1) 1
085/007/im8.png (360,640,1) 1
085/007/im9.png (360,640,1) 1
085/007/im10.png (360,640,1) 1
085/007/im11.png (360,640,1) 1
085/007/im12.png (360,640,1) 1
085/007/im13.png (360,640,1) 1
085/007/im14.png (360,640,1) 1
085/007/im15.png (360,640,1) 1
085/008/im1.png (360,640,1) 1
085/008/im2.png (360,640,1) 1
085/008/im3.png (360,640,1) 1
085/008/im4.png (360,640,1) 1
085/008/im5.png (360,640,1) 1
085/008/im6.png (360,640,1) 1
085/008/im7.png (360,640,1) 1
085/008/im8.png (360,640,1) 1
085/008/im9.png (360,640,1) 1
085/008/im10.png (360,640,1) 1
085/008/im11.png (360,640,1) 1
085/008/im12.png (360,640,1) 1
085/008/im13.png (360,640,1) 1
085/008/im14.png (360,640,1) 1
085/008/im15.png (360,640,1) 1
085/009/im1.png (360,640,1) 1
085/009/im2.png (360,640,1) 1
085/009/im3.png (360,640,1) 1
085/009/im4.png (360,640,1) 1
085/009/im5.png (360,640,1) 1
085/009/im6.png (360,640,1) 1
085/009/im7.png (360,640,1) 1
085/009/im8.png (360,640,1) 1
085/009/im9.png (360,640,1) 1
085/009/im10.png (360,640,1) 1
085/009/im11.png (360,640,1) 1
085/009/im12.png (360,640,1) 1
085/009/im13.png (360,640,1) 1
085/009/im14.png (360,640,1) 1
085/009/im15.png (360,640,1) 1
085/010/im1.png (360,640,1) 1
085/010/im2.png (360,640,1) 1
085/010/im3.png (360,640,1) 1
085/010/im4.png (360,640,1) 1
085/010/im5.png (360,640,1) 1
085/010/im6.png (360,640,1) 1
085/010/im7.png (360,640,1) 1
085/010/im8.png (360,640,1) 1
085/010/im9.png (360,640,1) 1
085/010/im10.png (360,640,1) 1
085/010/im11.png (360,640,1) 1
085/010/im12.png (360,640,1) 1
085/010/im13.png (360,640,1) 1
085/010/im14.png (360,640,1) 1
085/010/im15.png (360,640,1) 1
086/001/im1.png (360,640,1) 1
086/001/im2.png (360,640,1) 1
086/001/im3.png (360,640,1) 1
086/001/im4.png (360,640,1) 1
086/001/im5.png (360,640,1) 1
086/001/im6.png (360,640,1) 1
086/001/im7.png (360,640,1) 1
086/001/im8.png (360,640,1) 1
086/001/im9.png (360,640,1) 1
086/001/im10.png (360,640,1) 1
086/001/im11.png (360,640,1) 1
086/001/im12.png (360,640,1) 1
086/001/im13.png (360,640,1) 1
086/001/im14.png (360,640,1) 1
086/001/im15.png (360,640,1) 1
086/002/im1.png (360,640,1) 1
086/002/im2.png (360,640,1) 1
086/002/im3.png (360,640,1) 1
086/002/im4.png (360,640,1) 1
086/002/im5.png (360,640,1) 1
086/002/im6.png (360,640,1) 1
086/002/im7.png (360,640,1) 1
086/002/im8.png (360,640,1) 1
086/002/im9.png (360,640,1) 1
086/002/im10.png (360,640,1) 1
086/002/im11.png (360,640,1) 1
086/002/im12.png (360,640,1) 1
086/002/im13.png (360,640,1) 1
086/002/im14.png (360,640,1) 1
086/002/im15.png (360,640,1) 1
086/003/im1.png (360,640,1) 1
086/003/im2.png (360,640,1) 1
086/003/im3.png (360,640,1) 1
086/003/im4.png (360,640,1) 1
086/003/im5.png (360,640,1) 1
086/003/im6.png (360,640,1) 1
086/003/im7.png (360,640,1) 1
086/003/im8.png (360,640,1) 1
086/003/im9.png (360,640,1) 1
086/003/im10.png (360,640,1) 1
086/003/im11.png (360,640,1) 1
086/003/im12.png (360,640,1) 1
086/003/im13.png (360,640,1) 1
086/003/im14.png (360,640,1) 1
086/003/im15.png (360,640,1) 1
086/004/im1.png (360,640,1) 1
086/004/im2.png (360,640,1) 1
086/004/im3.png (360,640,1) 1
086/004/im4.png (360,640,1) 1
086/004/im5.png (360,640,1) 1
086/004/im6.png (360,640,1) 1
086/004/im7.png (360,640,1) 1
086/004/im8.png (360,640,1) 1
086/004/im9.png (360,640,1) 1
086/004/im10.png (360,640,1) 1
086/004/im11.png (360,640,1) 1
086/004/im12.png (360,640,1) 1
086/004/im13.png (360,640,1) 1
086/004/im14.png (360,640,1) 1
086/004/im15.png (360,640,1) 1
086/005/im1.png (360,640,1) 1
086/005/im2.png (360,640,1) 1
086/005/im3.png (360,640,1) 1
086/005/im4.png (360,640,1) 1
086/005/im5.png (360,640,1) 1
086/005/im6.png (360,640,1) 1
086/005/im7.png (360,640,1) 1
086/005/im8.png (360,640,1) 1
086/005/im9.png (360,640,1) 1
086/005/im10.png (360,640,1) 1
086/005/im11.png (360,640,1) 1
086/005/im12.png (360,640,1) 1
086/005/im13.png (360,640,1) 1
086/005/im14.png (360,640,1) 1
086/005/im15.png (360,640,1) 1
086/006/im1.png (360,640,1) 1
086/006/im2.png (360,640,1) 1
086/006/im3.png (360,640,1) 1
086/006/im4.png (360,640,1) 1
086/006/im5.png (360,640,1) 1
086/006/im6.png (360,640,1) 1
086/006/im7.png (360,640,1) 1
086/006/im8.png (360,640,1) 1
086/006/im9.png (360,640,1) 1
086/006/im10.png (360,640,1) 1
086/006/im11.png (360,640,1) 1
086/006/im12.png (360,640,1) 1
086/006/im13.png (360,640,1) 1
086/006/im14.png (360,640,1) 1
086/006/im15.png (360,640,1) 1
086/007/im1.png (360,640,1) 1
086/007/im2.png (360,640,1) 1
086/007/im3.png (360,640,1) 1
086/007/im4.png (360,640,1) 1
086/007/im5.png (360,640,1) 1
086/007/im6.png (360,640,1) 1
086/007/im7.png (360,640,1) 1
086/007/im8.png (360,640,1) 1
086/007/im9.png (360,640,1) 1
086/007/im10.png (360,640,1) 1
086/007/im11.png (360,640,1) 1
086/007/im12.png (360,640,1) 1
086/007/im13.png (360,640,1) 1
086/007/im14.png (360,640,1) 1
086/007/im15.png (360,640,1) 1
086/008/im1.png (360,640,1) 1
086/008/im2.png (360,640,1) 1
086/008/im3.png (360,640,1) 1
086/008/im4.png (360,640,1) 1
086/008/im5.png (360,640,1) 1
086/008/im6.png (360,640,1) 1
086/008/im7.png (360,640,1) 1
086/008/im8.png (360,640,1) 1
086/008/im9.png (360,640,1) 1
086/008/im10.png (360,640,1) 1
086/008/im11.png (360,640,1) 1
086/008/im12.png (360,640,1) 1
086/008/im13.png (360,640,1) 1
086/008/im14.png (360,640,1) 1
086/008/im15.png (360,640,1) 1
087/001/im1.png (360,640,1) 1
087/001/im2.png (360,640,1) 1
087/001/im3.png (360,640,1) 1
087/001/im4.png (360,640,1) 1
087/001/im5.png (360,640,1) 1
087/001/im6.png (360,640,1) 1
087/001/im7.png (360,640,1) 1
087/001/im8.png (360,640,1) 1
087/001/im9.png (360,640,1) 1
087/001/im10.png (360,640,1) 1
087/001/im11.png (360,640,1) 1
087/001/im12.png (360,640,1) 1
087/001/im13.png (360,640,1) 1
087/001/im14.png (360,640,1) 1
087/001/im15.png (360,640,1) 1
087/002/im1.png (360,640,1) 1
087/002/im2.png (360,640,1) 1
087/002/im3.png (360,640,1) 1
087/002/im4.png (360,640,1) 1
087/002/im5.png (360,640,1) 1
087/002/im6.png (360,640,1) 1
087/002/im7.png (360,640,1) 1
087/002/im8.png (360,640,1) 1
087/002/im9.png (360,640,1) 1
087/002/im10.png (360,640,1) 1
087/002/im11.png (360,640,1) 1
087/002/im12.png (360,640,1) 1
087/002/im13.png (360,640,1) 1
087/002/im14.png (360,640,1) 1
087/002/im15.png (360,640,1) 1
087/003/im1.png (360,640,1) 1
087/003/im2.png (360,640,1) 1
087/003/im3.png (360,640,1) 1
087/003/im4.png (360,640,1) 1
087/003/im5.png (360,640,1) 1
087/003/im6.png (360,640,1) 1
087/003/im7.png (360,640,1) 1
087/003/im8.png (360,640,1) 1
087/003/im9.png (360,640,1) 1
087/003/im10.png (360,640,1) 1
087/003/im11.png (360,640,1) 1
087/003/im12.png (360,640,1) 1
087/003/im13.png (360,640,1) 1
087/003/im14.png (360,640,1) 1
087/003/im15.png (360,640,1) 1
087/004/im1.png (360,640,1) 1
087/004/im2.png (360,640,1) 1
087/004/im3.png (360,640,1) 1
087/004/im4.png (360,640,1) 1
087/004/im5.png (360,640,1) 1
087/004/im6.png (360,640,1) 1
087/004/im7.png (360,640,1) 1
087/004/im8.png (360,640,1) 1
087/004/im9.png (360,640,1) 1
087/004/im10.png (360,640,1) 1
087/004/im11.png (360,640,1) 1
087/004/im12.png (360,640,1) 1
087/004/im13.png (360,640,1) 1
087/004/im14.png (360,640,1) 1
087/004/im15.png (360,640,1) 1
087/005/im1.png (360,640,1) 1
087/005/im2.png (360,640,1) 1
087/005/im3.png (360,640,1) 1
087/005/im4.png (360,640,1) 1
087/005/im5.png (360,640,1) 1
087/005/im6.png (360,640,1) 1
087/005/im7.png (360,640,1) 1
087/005/im8.png (360,640,1) 1
087/005/im9.png (360,640,1) 1
087/005/im10.png (360,640,1) 1
087/005/im11.png (360,640,1) 1
087/005/im12.png (360,640,1) 1
087/005/im13.png (360,640,1) 1
087/005/im14.png (360,640,1) 1
087/005/im15.png (360,640,1) 1
087/006/im1.png (360,640,1) 1
087/006/im2.png (360,640,1) 1
087/006/im3.png (360,640,1) 1
087/006/im4.png (360,640,1) 1
087/006/im5.png (360,640,1) 1
087/006/im6.png (360,640,1) 1
087/006/im7.png (360,640,1) 1
087/006/im8.png (360,640,1) 1
087/006/im9.png (360,640,1) 1
087/006/im10.png (360,640,1) 1
087/006/im11.png (360,640,1) 1
087/006/im12.png (360,640,1) 1
087/006/im13.png (360,640,1) 1
087/006/im14.png (360,640,1) 1
087/006/im15.png (360,640,1) 1
087/007/im1.png (360,640,1) 1
087/007/im2.png (360,640,1) 1
087/007/im3.png (360,640,1) 1
087/007/im4.png (360,640,1) 1
087/007/im5.png (360,640,1) 1
087/007/im6.png (360,640,1) 1
087/007/im7.png (360,640,1) 1
087/007/im8.png (360,640,1) 1
087/007/im9.png (360,640,1) 1
087/007/im10.png (360,640,1) 1
087/007/im11.png (360,640,1) 1
087/007/im12.png (360,640,1) 1
087/007/im13.png (360,640,1) 1
087/007/im14.png (360,640,1) 1
087/007/im15.png (360,640,1) 1
087/008/im1.png (360,640,1) 1
087/008/im2.png (360,640,1) 1
087/008/im3.png (360,640,1) 1
087/008/im4.png (360,640,1) 1
087/008/im5.png (360,640,1) 1
087/008/im6.png (360,640,1) 1
087/008/im7.png (360,640,1) 1
087/008/im8.png (360,640,1) 1
087/008/im9.png (360,640,1) 1
087/008/im10.png (360,640,1) 1
087/008/im11.png (360,640,1) 1
087/008/im12.png (360,640,1) 1
087/008/im13.png (360,640,1) 1
087/008/im14.png (360,640,1) 1
087/008/im15.png (360,640,1) 1
088/001/im1.png (360,640,1) 1
088/001/im2.png (360,640,1) 1
088/001/im3.png (360,640,1) 1
088/001/im4.png (360,640,1) 1
088/001/im5.png (360,640,1) 1
088/001/im6.png (360,640,1) 1
088/001/im7.png (360,640,1) 1
088/001/im8.png (360,640,1) 1
088/001/im9.png (360,640,1) 1
088/001/im10.png (360,640,1) 1
088/001/im11.png (360,640,1) 1
088/001/im12.png (360,640,1) 1
088/001/im13.png (360,640,1) 1
088/001/im14.png (360,640,1) 1
088/001/im15.png (360,640,1) 1
088/002/im1.png (360,640,1) 1
088/002/im2.png (360,640,1) 1
088/002/im3.png (360,640,1) 1
088/002/im4.png (360,640,1) 1
088/002/im5.png (360,640,1) 1
088/002/im6.png (360,640,1) 1
088/002/im7.png (360,640,1) 1
088/002/im8.png (360,640,1) 1
088/002/im9.png (360,640,1) 1
088/002/im10.png (360,640,1) 1
088/002/im11.png (360,640,1) 1
088/002/im12.png (360,640,1) 1
088/002/im13.png (360,640,1) 1
088/002/im14.png (360,640,1) 1
088/002/im15.png (360,640,1) 1
088/003/im1.png (360,640,1) 1
088/003/im2.png (360,640,1) 1
088/003/im3.png (360,640,1) 1
088/003/im4.png (360,640,1) 1
088/003/im5.png (360,640,1) 1
088/003/im6.png (360,640,1) 1
088/003/im7.png (360,640,1) 1
088/003/im8.png (360,640,1) 1
088/003/im9.png (360,640,1) 1
088/003/im10.png (360,640,1) 1
088/003/im11.png (360,640,1) 1
088/003/im12.png (360,640,1) 1
088/003/im13.png (360,640,1) 1
088/003/im14.png (360,640,1) 1
088/003/im15.png (360,640,1) 1
088/004/im1.png (360,640,1) 1
088/004/im2.png (360,640,1) 1
088/004/im3.png (360,640,1) 1
088/004/im4.png (360,640,1) 1
088/004/im5.png (360,640,1) 1
088/004/im6.png (360,640,1) 1
088/004/im7.png (360,640,1) 1
088/004/im8.png (360,640,1) 1
088/004/im9.png (360,640,1) 1
088/004/im10.png (360,640,1) 1
088/004/im11.png (360,640,1) 1
088/004/im12.png (360,640,1) 1
088/004/im13.png (360,640,1) 1
088/004/im14.png (360,640,1) 1
088/004/im15.png (360,640,1) 1
088/005/im1.png (360,640,1) 1
088/005/im2.png (360,640,1) 1
088/005/im3.png (360,640,1) 1
088/005/im4.png (360,640,1) 1
088/005/im5.png (360,640,1) 1
088/005/im6.png (360,640,1) 1
088/005/im7.png (360,640,1) 1
088/005/im8.png (360,640,1) 1
088/005/im9.png (360,640,1) 1
088/005/im10.png (360,640,1) 1
088/005/im11.png (360,640,1) 1
088/005/im12.png (360,640,1) 1
088/005/im13.png (360,640,1) 1
088/005/im14.png (360,640,1) 1
088/005/im15.png (360,640,1) 1
088/006/im1.png (360,640,1) 1
088/006/im2.png (360,640,1) 1
088/006/im3.png (360,640,1) 1
088/006/im4.png (360,640,1) 1
088/006/im5.png (360,640,1) 1
088/006/im6.png (360,640,1) 1
088/006/im7.png (360,640,1) 1
088/006/im8.png (360,640,1) 1
088/006/im9.png (360,640,1) 1
088/006/im10.png (360,640,1) 1
088/006/im11.png (360,640,1) 1
088/006/im12.png (360,640,1) 1
088/006/im13.png (360,640,1) 1
088/006/im14.png (360,640,1) 1
088/006/im15.png (360,640,1) 1
088/007/im1.png (360,640,1) 1
088/007/im2.png (360,640,1) 1
088/007/im3.png (360,640,1) 1
088/007/im4.png (360,640,1) 1
088/007/im5.png (360,640,1) 1
088/007/im6.png (360,640,1) 1
088/007/im7.png (360,640,1) 1
088/007/im8.png (360,640,1) 1
088/007/im9.png (360,640,1) 1
088/007/im10.png (360,640,1) 1
088/007/im11.png (360,640,1) 1
088/007/im12.png (360,640,1) 1
088/007/im13.png (360,640,1) 1
088/007/im14.png (360,640,1) 1
088/007/im15.png (360,640,1) 1
088/008/im1.png (360,640,1) 1
088/008/im2.png (360,640,1) 1
088/008/im3.png (360,640,1) 1
088/008/im4.png (360,640,1) 1
088/008/im5.png (360,640,1) 1
088/008/im6.png (360,640,1) 1
088/008/im7.png (360,640,1) 1
088/008/im8.png (360,640,1) 1
088/008/im9.png (360,640,1) 1
088/008/im10.png (360,640,1) 1
088/008/im11.png (360,640,1) 1
088/008/im12.png (360,640,1) 1
088/008/im13.png (360,640,1) 1
088/008/im14.png (360,640,1) 1
088/008/im15.png (360,640,1) 1
089/001/im1.png (360,640,1) 1
089/001/im2.png (360,640,1) 1
089/001/im3.png (360,640,1) 1
089/001/im4.png (360,640,1) 1
089/001/im5.png (360,640,1) 1
089/001/im6.png (360,640,1) 1
089/001/im7.png (360,640,1) 1
089/001/im8.png (360,640,1) 1
089/001/im9.png (360,640,1) 1
089/001/im10.png (360,640,1) 1
089/001/im11.png (360,640,1) 1
089/001/im12.png (360,640,1) 1
089/001/im13.png (360,640,1) 1
089/001/im14.png (360,640,1) 1
089/001/im15.png (360,640,1) 1
089/002/im1.png (360,640,1) 1
089/002/im2.png (360,640,1) 1
089/002/im3.png (360,640,1) 1
089/002/im4.png (360,640,1) 1
089/002/im5.png (360,640,1) 1
089/002/im6.png (360,640,1) 1
089/002/im7.png (360,640,1) 1
089/002/im8.png (360,640,1) 1
089/002/im9.png (360,640,1) 1
089/002/im10.png (360,640,1) 1
089/002/im11.png (360,640,1) 1
089/002/im12.png (360,640,1) 1
089/002/im13.png (360,640,1) 1
089/002/im14.png (360,640,1) 1
089/002/im15.png (360,640,1) 1
089/003/im1.png (360,640,1) 1
089/003/im2.png (360,640,1) 1
089/003/im3.png (360,640,1) 1
089/003/im4.png (360,640,1) 1
089/003/im5.png (360,640,1) 1
089/003/im6.png (360,640,1) 1
089/003/im7.png (360,640,1) 1
089/003/im8.png (360,640,1) 1
089/003/im9.png (360,640,1) 1
089/003/im10.png (360,640,1) 1
089/003/im11.png (360,640,1) 1
089/003/im12.png (360,640,1) 1
089/003/im13.png (360,640,1) 1
089/003/im14.png (360,640,1) 1
089/003/im15.png (360,640,1) 1
089/004/im1.png (360,640,1) 1
089/004/im2.png (360,640,1) 1
089/004/im3.png (360,640,1) 1
089/004/im4.png (360,640,1) 1
089/004/im5.png (360,640,1) 1
089/004/im6.png (360,640,1) 1
089/004/im7.png (360,640,1) 1
089/004/im8.png (360,640,1) 1
089/004/im9.png (360,640,1) 1
089/004/im10.png (360,640,1) 1
089/004/im11.png (360,640,1) 1
089/004/im12.png (360,640,1) 1
089/004/im13.png (360,640,1) 1
089/004/im14.png (360,640,1) 1
089/004/im15.png (360,640,1) 1
089/005/im1.png (360,640,1) 1
089/005/im2.png (360,640,1) 1
089/005/im3.png (360,640,1) 1
089/005/im4.png (360,640,1) 1
089/005/im5.png (360,640,1) 1
089/005/im6.png (360,640,1) 1
089/005/im7.png (360,640,1) 1
089/005/im8.png (360,640,1) 1
089/005/im9.png (360,640,1) 1
089/005/im10.png (360,640,1) 1
089/005/im11.png (360,640,1) 1
089/005/im12.png (360,640,1) 1
089/005/im13.png (360,640,1) 1
089/005/im14.png (360,640,1) 1
089/005/im15.png (360,640,1) 1
089/006/im1.png (360,640,1) 1
089/006/im2.png (360,640,1) 1
089/006/im3.png (360,640,1) 1
089/006/im4.png (360,640,1) 1
089/006/im5.png (360,640,1) 1
089/006/im6.png (360,640,1) 1
089/006/im7.png (360,640,1) 1
089/006/im8.png (360,640,1) 1
089/006/im9.png (360,640,1) 1
089/006/im10.png (360,640,1) 1
089/006/im11.png (360,640,1) 1
089/006/im12.png (360,640,1) 1
089/006/im13.png (360,640,1) 1
089/006/im14.png (360,640,1) 1
089/006/im15.png (360,640,1) 1
089/007/im1.png (360,640,1) 1
089/007/im2.png (360,640,1) 1
089/007/im3.png (360,640,1) 1
089/007/im4.png (360,640,1) 1
089/007/im5.png (360,640,1) 1
089/007/im6.png (360,640,1) 1
089/007/im7.png (360,640,1) 1
089/007/im8.png (360,640,1) 1
089/007/im9.png (360,640,1) 1
089/007/im10.png (360,640,1) 1
089/007/im11.png (360,640,1) 1
089/007/im12.png (360,640,1) 1
089/007/im13.png (360,640,1) 1
089/007/im14.png (360,640,1) 1
089/007/im15.png (360,640,1) 1
089/008/im1.png (360,640,1) 1
089/008/im2.png (360,640,1) 1
089/008/im3.png (360,640,1) 1
089/008/im4.png (360,640,1) 1
089/008/im5.png (360,640,1) 1
089/008/im6.png (360,640,1) 1
089/008/im7.png (360,640,1) 1
089/008/im8.png (360,640,1) 1
089/008/im9.png (360,640,1) 1
089/008/im10.png (360,640,1) 1
089/008/im11.png (360,640,1) 1
089/008/im12.png (360,640,1) 1
089/008/im13.png (360,640,1) 1
089/008/im14.png (360,640,1) 1
089/008/im15.png (360,640,1) 1
090/001/im1.png (360,640,1) 1
090/001/im2.png (360,640,1) 1
090/001/im3.png (360,640,1) 1
090/001/im4.png (360,640,1) 1
090/001/im5.png (360,640,1) 1
090/001/im6.png (360,640,1) 1
090/001/im7.png (360,640,1) 1
090/001/im8.png (360,640,1) 1
090/001/im9.png (360,640,1) 1
090/001/im10.png (360,640,1) 1
090/001/im11.png (360,640,1) 1
090/001/im12.png (360,640,1) 1
090/001/im13.png (360,640,1) 1
090/001/im14.png (360,640,1) 1
090/001/im15.png (360,640,1) 1
090/002/im1.png (360,640,1) 1
090/002/im2.png (360,640,1) 1
090/002/im3.png (360,640,1) 1
090/002/im4.png (360,640,1) 1
090/002/im5.png (360,640,1) 1
090/002/im6.png (360,640,1) 1
090/002/im7.png (360,640,1) 1
090/002/im8.png (360,640,1) 1
090/002/im9.png (360,640,1) 1
090/002/im10.png (360,640,1) 1
090/002/im11.png (360,640,1) 1
090/002/im12.png (360,640,1) 1
090/002/im13.png (360,640,1) 1
090/002/im14.png (360,640,1) 1
090/002/im15.png (360,640,1) 1
090/003/im1.png (360,640,1) 1
090/003/im2.png (360,640,1) 1
090/003/im3.png (360,640,1) 1
090/003/im4.png (360,640,1) 1
090/003/im5.png (360,640,1) 1
090/003/im6.png (360,640,1) 1
090/003/im7.png (360,640,1) 1
090/003/im8.png (360,640,1) 1
090/003/im9.png (360,640,1) 1
090/003/im10.png (360,640,1) 1
090/003/im11.png (360,640,1) 1
090/003/im12.png (360,640,1) 1
090/003/im13.png (360,640,1) 1
090/003/im14.png (360,640,1) 1
090/003/im15.png (360,640,1) 1
090/004/im1.png (360,640,1) 1
090/004/im2.png (360,640,1) 1
090/004/im3.png (360,640,1) 1
090/004/im4.png (360,640,1) 1
090/004/im5.png (360,640,1) 1
090/004/im6.png (360,640,1) 1
090/004/im7.png (360,640,1) 1
090/004/im8.png (360,640,1) 1
090/004/im9.png (360,640,1) 1
090/004/im10.png (360,640,1) 1
090/004/im11.png (360,640,1) 1
090/004/im12.png (360,640,1) 1
090/004/im13.png (360,640,1) 1
090/004/im14.png (360,640,1) 1
090/004/im15.png (360,640,1) 1
090/005/im1.png (360,640,1) 1
090/005/im2.png (360,640,1) 1
090/005/im3.png (360,640,1) 1
090/005/im4.png (360,640,1) 1
090/005/im5.png (360,640,1) 1
090/005/im6.png (360,640,1) 1
090/005/im7.png (360,640,1) 1
090/005/im8.png (360,640,1) 1
090/005/im9.png (360,640,1) 1
090/005/im10.png (360,640,1) 1
090/005/im11.png (360,640,1) 1
090/005/im12.png (360,640,1) 1
090/005/im13.png (360,640,1) 1
090/005/im14.png (360,640,1) 1
090/005/im15.png (360,640,1) 1
090/006/im1.png (360,640,1) 1
090/006/im2.png (360,640,1) 1
090/006/im3.png (360,640,1) 1
090/006/im4.png (360,640,1) 1
090/006/im5.png (360,640,1) 1
090/006/im6.png (360,640,1) 1
090/006/im7.png (360,640,1) 1
090/006/im8.png (360,640,1) 1
090/006/im9.png (360,640,1) 1
090/006/im10.png (360,640,1) 1
090/006/im11.png (360,640,1) 1
090/006/im12.png (360,640,1) 1
090/006/im13.png (360,640,1) 1
090/006/im14.png (360,640,1) 1
090/006/im15.png (360,640,1) 1
090/007/im1.png (360,640,1) 1
090/007/im2.png (360,640,1) 1
090/007/im3.png (360,640,1) 1
090/007/im4.png (360,640,1) 1
090/007/im5.png (360,640,1) 1
090/007/im6.png (360,640,1) 1
090/007/im7.png (360,640,1) 1
090/007/im8.png (360,640,1) 1
090/007/im9.png (360,640,1) 1
090/007/im10.png (360,640,1) 1
090/007/im11.png (360,640,1) 1
090/007/im12.png (360,640,1) 1
090/007/im13.png (360,640,1) 1
090/007/im14.png (360,640,1) 1
090/007/im15.png (360,640,1) 1
090/008/im1.png (360,640,1) 1
090/008/im2.png (360,640,1) 1
090/008/im3.png (360,640,1) 1
090/008/im4.png (360,640,1) 1
090/008/im5.png (360,640,1) 1
090/008/im6.png (360,640,1) 1
090/008/im7.png (360,640,1) 1
090/008/im8.png (360,640,1) 1
090/008/im9.png (360,640,1) 1
090/008/im10.png (360,640,1) 1
090/008/im11.png (360,640,1) 1
090/008/im12.png (360,640,1) 1
090/008/im13.png (360,640,1) 1
090/008/im14.png (360,640,1) 1
090/008/im15.png (360,640,1) 1
090/009/im1.png (360,640,1) 1
090/009/im2.png (360,640,1) 1
090/009/im3.png (360,640,1) 1
090/009/im4.png (360,640,1) 1
090/009/im5.png (360,640,1) 1
090/009/im6.png (360,640,1) 1
090/009/im7.png (360,640,1) 1
090/009/im8.png (360,640,1) 1
090/009/im9.png (360,640,1) 1
090/009/im10.png (360,640,1) 1
090/009/im11.png (360,640,1) 1
090/009/im12.png (360,640,1) 1
090/009/im13.png (360,640,1) 1
090/009/im14.png (360,640,1) 1
090/009/im15.png (360,640,1) 1
090/010/im1.png (360,640,1) 1
090/010/im2.png (360,640,1) 1
090/010/im3.png (360,640,1) 1
090/010/im4.png (360,640,1) 1
090/010/im5.png (360,640,1) 1
090/010/im6.png (360,640,1) 1
090/010/im7.png (360,640,1) 1
090/010/im8.png (360,640,1) 1
090/010/im9.png (360,640,1) 1
090/010/im10.png (360,640,1) 1
090/010/im11.png (360,640,1) 1
090/010/im12.png (360,640,1) 1
090/010/im13.png (360,640,1) 1
090/010/im14.png (360,640,1) 1
090/010/im15.png (360,640,1) 1
091/001/im1.png (360,640,1) 1
091/001/im2.png (360,640,1) 1
091/001/im3.png (360,640,1) 1
091/001/im4.png (360,640,1) 1
091/001/im5.png (360,640,1) 1
091/001/im6.png (360,640,1) 1
091/001/im7.png (360,640,1) 1
091/001/im8.png (360,640,1) 1
091/001/im9.png (360,640,1) 1
091/001/im10.png (360,640,1) 1
091/001/im11.png (360,640,1) 1
091/001/im12.png (360,640,1) 1
091/001/im13.png (360,640,1) 1
091/001/im14.png (360,640,1) 1
091/001/im15.png (360,640,1) 1
091/002/im1.png (360,640,1) 1
091/002/im2.png (360,640,1) 1
091/002/im3.png (360,640,1) 1
091/002/im4.png (360,640,1) 1
091/002/im5.png (360,640,1) 1
091/002/im6.png (360,640,1) 1
091/002/im7.png (360,640,1) 1
091/002/im8.png (360,640,1) 1
091/002/im9.png (360,640,1) 1
091/002/im10.png (360,640,1) 1
091/002/im11.png (360,640,1) 1
091/002/im12.png (360,640,1) 1
091/002/im13.png (360,640,1) 1
091/002/im14.png (360,640,1) 1
091/002/im15.png (360,640,1) 1
091/003/im1.png (360,640,1) 1
091/003/im2.png (360,640,1) 1
091/003/im3.png (360,640,1) 1
091/003/im4.png (360,640,1) 1
091/003/im5.png (360,640,1) 1
091/003/im6.png (360,640,1) 1
091/003/im7.png (360,640,1) 1
091/003/im8.png (360,640,1) 1
091/003/im9.png (360,640,1) 1
091/003/im10.png (360,640,1) 1
091/003/im11.png (360,640,1) 1
091/003/im12.png (360,640,1) 1
091/003/im13.png (360,640,1) 1
091/003/im14.png (360,640,1) 1
091/003/im15.png (360,640,1) 1
091/004/im1.png (360,640,1) 1
091/004/im2.png (360,640,1) 1
091/004/im3.png (360,640,1) 1
091/004/im4.png (360,640,1) 1
091/004/im5.png (360,640,1) 1
091/004/im6.png (360,640,1) 1
091/004/im7.png (360,640,1) 1
091/004/im8.png (360,640,1) 1
091/004/im9.png (360,640,1) 1
091/004/im10.png (360,640,1) 1
091/004/im11.png (360,640,1) 1
091/004/im12.png (360,640,1) 1
091/004/im13.png (360,640,1) 1
091/004/im14.png (360,640,1) 1
091/004/im15.png (360,640,1) 1
091/005/im1.png (360,640,1) 1
091/005/im2.png (360,640,1) 1
091/005/im3.png (360,640,1) 1
091/005/im4.png (360,640,1) 1
091/005/im5.png (360,640,1) 1
091/005/im6.png (360,640,1) 1
091/005/im7.png (360,640,1) 1
091/005/im8.png (360,640,1) 1
091/005/im9.png (360,640,1) 1
091/005/im10.png (360,640,1) 1
091/005/im11.png (360,640,1) 1
091/005/im12.png (360,640,1) 1
091/005/im13.png (360,640,1) 1
091/005/im14.png (360,640,1) 1
091/005/im15.png (360,640,1) 1
091/006/im1.png (360,640,1) 1
091/006/im2.png (360,640,1) 1
091/006/im3.png (360,640,1) 1
091/006/im4.png (360,640,1) 1
091/006/im5.png (360,640,1) 1
091/006/im6.png (360,640,1) 1
091/006/im7.png (360,640,1) 1
091/006/im8.png (360,640,1) 1
091/006/im9.png (360,640,1) 1
091/006/im10.png (360,640,1) 1
091/006/im11.png (360,640,1) 1
091/006/im12.png (360,640,1) 1
091/006/im13.png (360,640,1) 1
091/006/im14.png (360,640,1) 1
091/006/im15.png (360,640,1) 1
091/007/im1.png (360,640,1) 1
091/007/im2.png (360,640,1) 1
091/007/im3.png (360,640,1) 1
091/007/im4.png (360,640,1) 1
091/007/im5.png (360,640,1) 1
091/007/im6.png (360,640,1) 1
091/007/im7.png (360,640,1) 1
091/007/im8.png (360,640,1) 1
091/007/im9.png (360,640,1) 1
091/007/im10.png (360,640,1) 1
091/007/im11.png (360,640,1) 1
091/007/im12.png (360,640,1) 1
091/007/im13.png (360,640,1) 1
091/007/im14.png (360,640,1) 1
091/007/im15.png (360,640,1) 1
091/008/im1.png (360,640,1) 1
091/008/im2.png (360,640,1) 1
091/008/im3.png (360,640,1) 1
091/008/im4.png (360,640,1) 1
091/008/im5.png (360,640,1) 1
091/008/im6.png (360,640,1) 1
091/008/im7.png (360,640,1) 1
091/008/im8.png (360,640,1) 1
091/008/im9.png (360,640,1) 1
091/008/im10.png (360,640,1) 1
091/008/im11.png (360,640,1) 1
091/008/im12.png (360,640,1) 1
091/008/im13.png (360,640,1) 1
091/008/im14.png (360,640,1) 1
091/008/im15.png (360,640,1) 1
092/001/im1.png (360,640,1) 1
092/001/im2.png (360,640,1) 1
092/001/im3.png (360,640,1) 1
092/001/im4.png (360,640,1) 1
092/001/im5.png (360,640,1) 1
092/001/im6.png (360,640,1) 1
092/001/im7.png (360,640,1) 1
092/001/im8.png (360,640,1) 1
092/001/im9.png (360,640,1) 1
092/001/im10.png (360,640,1) 1
092/001/im11.png (360,640,1) 1
092/001/im12.png (360,640,1) 1
092/001/im13.png (360,640,1) 1
092/001/im14.png (360,640,1) 1
092/001/im15.png (360,640,1) 1
092/002/im1.png (360,640,1) 1
092/002/im2.png (360,640,1) 1
092/002/im3.png (360,640,1) 1
092/002/im4.png (360,640,1) 1
092/002/im5.png (360,640,1) 1
092/002/im6.png (360,640,1) 1
092/002/im7.png (360,640,1) 1
092/002/im8.png (360,640,1) 1
092/002/im9.png (360,640,1) 1
092/002/im10.png (360,640,1) 1
092/002/im11.png (360,640,1) 1
092/002/im12.png (360,640,1) 1
092/002/im13.png (360,640,1) 1
092/002/im14.png (360,640,1) 1
092/002/im15.png (360,640,1) 1
092/003/im1.png (360,640,1) 1
092/003/im2.png (360,640,1) 1
092/003/im3.png (360,640,1) 1
092/003/im4.png (360,640,1) 1
092/003/im5.png (360,640,1) 1
092/003/im6.png (360,640,1) 1
092/003/im7.png (360,640,1) 1
092/003/im8.png (360,640,1) 1
092/003/im9.png (360,640,1) 1
092/003/im10.png (360,640,1) 1
092/003/im11.png (360,640,1) 1
092/003/im12.png (360,640,1) 1
092/003/im13.png (360,640,1) 1
092/003/im14.png (360,640,1) 1
092/003/im15.png (360,640,1) 1
092/004/im1.png (360,640,1) 1
092/004/im2.png (360,640,1) 1
092/004/im3.png (360,640,1) 1
092/004/im4.png (360,640,1) 1
092/004/im5.png (360,640,1) 1
092/004/im6.png (360,640,1) 1
092/004/im7.png (360,640,1) 1
092/004/im8.png (360,640,1) 1
092/004/im9.png (360,640,1) 1
092/004/im10.png (360,640,1) 1
092/004/im11.png (360,640,1) 1
092/004/im12.png (360,640,1) 1
092/004/im13.png (360,640,1) 1
092/004/im14.png (360,640,1) 1
092/004/im15.png (360,640,1) 1
092/005/im1.png (360,640,1) 1
092/005/im2.png (360,640,1) 1
092/005/im3.png (360,640,1) 1
092/005/im4.png (360,640,1) 1
092/005/im5.png (360,640,1) 1
092/005/im6.png (360,640,1) 1
092/005/im7.png (360,640,1) 1
092/005/im8.png (360,640,1) 1
092/005/im9.png (360,640,1) 1
092/005/im10.png (360,640,1) 1
092/005/im11.png (360,640,1) 1
092/005/im12.png (360,640,1) 1
092/005/im13.png (360,640,1) 1
092/005/im14.png (360,640,1) 1
092/005/im15.png (360,640,1) 1
092/006/im1.png (360,640,1) 1
092/006/im2.png (360,640,1) 1
092/006/im3.png (360,640,1) 1
092/006/im4.png (360,640,1) 1
092/006/im5.png (360,640,1) 1
092/006/im6.png (360,640,1) 1
092/006/im7.png (360,640,1) 1
092/006/im8.png (360,640,1) 1
092/006/im9.png (360,640,1) 1
092/006/im10.png (360,640,1) 1
092/006/im11.png (360,640,1) 1
092/006/im12.png (360,640,1) 1
092/006/im13.png (360,640,1) 1
092/006/im14.png (360,640,1) 1
092/006/im15.png (360,640,1) 1
092/007/im1.png (360,640,1) 1
092/007/im2.png (360,640,1) 1
092/007/im3.png (360,640,1) 1
092/007/im4.png (360,640,1) 1
092/007/im5.png (360,640,1) 1
092/007/im6.png (360,640,1) 1
092/007/im7.png (360,640,1) 1
092/007/im8.png (360,640,1) 1
092/007/im9.png (360,640,1) 1
092/007/im10.png (360,640,1) 1
092/007/im11.png (360,640,1) 1
092/007/im12.png (360,640,1) 1
092/007/im13.png (360,640,1) 1
092/007/im14.png (360,640,1) 1
092/007/im15.png (360,640,1) 1
092/008/im1.png (360,640,1) 1
092/008/im2.png (360,640,1) 1
092/008/im3.png (360,640,1) 1
092/008/im4.png (360,640,1) 1
092/008/im5.png (360,640,1) 1
092/008/im6.png (360,640,1) 1
092/008/im7.png (360,640,1) 1
092/008/im8.png (360,640,1) 1
092/008/im9.png (360,640,1) 1
092/008/im10.png (360,640,1) 1
092/008/im11.png (360,640,1) 1
092/008/im12.png (360,640,1) 1
092/008/im13.png (360,640,1) 1
092/008/im14.png (360,640,1) 1
092/008/im15.png (360,640,1) 1
093/001/im1.png (360,640,1) 1
093/001/im2.png (360,640,1) 1
093/001/im3.png (360,640,1) 1
093/001/im4.png (360,640,1) 1
093/001/im5.png (360,640,1) 1
093/001/im6.png (360,640,1) 1
093/001/im7.png (360,640,1) 1
093/001/im8.png (360,640,1) 1
093/001/im9.png (360,640,1) 1
093/001/im10.png (360,640,1) 1
093/001/im11.png (360,640,1) 1
093/001/im12.png (360,640,1) 1
093/001/im13.png (360,640,1) 1
093/001/im14.png (360,640,1) 1
093/001/im15.png (360,640,1) 1
093/002/im1.png (360,640,1) 1
093/002/im2.png (360,640,1) 1
093/002/im3.png (360,640,1) 1
093/002/im4.png (360,640,1) 1
093/002/im5.png (360,640,1) 1
093/002/im6.png (360,640,1) 1
093/002/im7.png (360,640,1) 1
093/002/im8.png (360,640,1) 1
093/002/im9.png (360,640,1) 1
093/002/im10.png (360,640,1) 1
093/002/im11.png (360,640,1) 1
093/002/im12.png (360,640,1) 1
093/002/im13.png (360,640,1) 1
093/002/im14.png (360,640,1) 1
093/002/im15.png (360,640,1) 1
093/003/im1.png (360,640,1) 1
093/003/im2.png (360,640,1) 1
093/003/im3.png (360,640,1) 1
093/003/im4.png (360,640,1) 1
093/003/im5.png (360,640,1) 1
093/003/im6.png (360,640,1) 1
093/003/im7.png (360,640,1) 1
093/003/im8.png (360,640,1) 1
093/003/im9.png (360,640,1) 1
093/003/im10.png (360,640,1) 1
093/003/im11.png (360,640,1) 1
093/003/im12.png (360,640,1) 1
093/003/im13.png (360,640,1) 1
093/003/im14.png (360,640,1) 1
093/003/im15.png (360,640,1) 1
093/004/im1.png (360,640,1) 1
093/004/im2.png (360,640,1) 1
093/004/im3.png (360,640,1) 1
093/004/im4.png (360,640,1) 1
093/004/im5.png (360,640,1) 1
093/004/im6.png (360,640,1) 1
093/004/im7.png (360,640,1) 1
093/004/im8.png (360,640,1) 1
093/004/im9.png (360,640,1) 1
093/004/im10.png (360,640,1) 1
093/004/im11.png (360,640,1) 1
093/004/im12.png (360,640,1) 1
093/004/im13.png (360,640,1) 1
093/004/im14.png (360,640,1) 1
093/004/im15.png (360,640,1) 1
093/005/im1.png (360,640,1) 1
093/005/im2.png (360,640,1) 1
093/005/im3.png (360,640,1) 1
093/005/im4.png (360,640,1) 1
093/005/im5.png (360,640,1) 1
093/005/im6.png (360,640,1) 1
093/005/im7.png (360,640,1) 1
093/005/im8.png (360,640,1) 1
093/005/im9.png (360,640,1) 1
093/005/im10.png (360,640,1) 1
093/005/im11.png (360,640,1) 1
093/005/im12.png (360,640,1) 1
093/005/im13.png (360,640,1) 1
093/005/im14.png (360,640,1) 1
093/005/im15.png (360,640,1) 1
093/006/im1.png (360,640,1) 1
093/006/im2.png (360,640,1) 1
093/006/im3.png (360,640,1) 1
093/006/im4.png (360,640,1) 1
093/006/im5.png (360,640,1) 1
093/006/im6.png (360,640,1) 1
093/006/im7.png (360,640,1) 1
093/006/im8.png (360,640,1) 1
093/006/im9.png (360,640,1) 1
093/006/im10.png (360,640,1) 1
093/006/im11.png (360,640,1) 1
093/006/im12.png (360,640,1) 1
093/006/im13.png (360,640,1) 1
093/006/im14.png (360,640,1) 1
093/006/im15.png (360,640,1) 1
093/007/im1.png (360,640,1) 1
093/007/im2.png (360,640,1) 1
093/007/im3.png (360,640,1) 1
093/007/im4.png (360,640,1) 1
093/007/im5.png (360,640,1) 1
093/007/im6.png (360,640,1) 1
093/007/im7.png (360,640,1) 1
093/007/im8.png (360,640,1) 1
093/007/im9.png (360,640,1) 1
093/007/im10.png (360,640,1) 1
093/007/im11.png (360,640,1) 1
093/007/im12.png (360,640,1) 1
093/007/im13.png (360,640,1) 1
093/007/im14.png (360,640,1) 1
093/007/im15.png (360,640,1) 1
093/008/im1.png (360,640,1) 1
093/008/im2.png (360,640,1) 1
093/008/im3.png (360,640,1) 1
093/008/im4.png (360,640,1) 1
093/008/im5.png (360,640,1) 1
093/008/im6.png (360,640,1) 1
093/008/im7.png (360,640,1) 1
093/008/im8.png (360,640,1) 1
093/008/im9.png (360,640,1) 1
093/008/im10.png (360,640,1) 1
093/008/im11.png (360,640,1) 1
093/008/im12.png (360,640,1) 1
093/008/im13.png (360,640,1) 1
093/008/im14.png (360,640,1) 1
093/008/im15.png (360,640,1) 1
093/009/im1.png (360,640,1) 1
093/009/im2.png (360,640,1) 1
093/009/im3.png (360,640,1) 1
093/009/im4.png (360,640,1) 1
093/009/im5.png (360,640,1) 1
093/009/im6.png (360,640,1) 1
093/009/im7.png (360,640,1) 1
093/009/im8.png (360,640,1) 1
093/009/im9.png (360,640,1) 1
093/009/im10.png (360,640,1) 1
093/009/im11.png (360,640,1) 1
093/009/im12.png (360,640,1) 1
093/009/im13.png (360,640,1) 1
093/009/im14.png (360,640,1) 1
093/009/im15.png (360,640,1) 1
093/010/im1.png (360,640,1) 1
093/010/im2.png (360,640,1) 1
093/010/im3.png (360,640,1) 1
093/010/im4.png (360,640,1) 1
093/010/im5.png (360,640,1) 1
093/010/im6.png (360,640,1) 1
093/010/im7.png (360,640,1) 1
093/010/im8.png (360,640,1) 1
093/010/im9.png (360,640,1) 1
093/010/im10.png (360,640,1) 1
093/010/im11.png (360,640,1) 1
093/010/im12.png (360,640,1) 1
093/010/im13.png (360,640,1) 1
093/010/im14.png (360,640,1) 1
093/010/im15.png (360,640,1) 1
094/001/im1.png (360,640,1) 1
094/001/im2.png (360,640,1) 1
094/001/im3.png (360,640,1) 1
094/001/im4.png (360,640,1) 1
094/001/im5.png (360,640,1) 1
094/001/im6.png (360,640,1) 1
094/001/im7.png (360,640,1) 1
094/001/im8.png (360,640,1) 1
094/001/im9.png (360,640,1) 1
094/001/im10.png (360,640,1) 1
094/001/im11.png (360,640,1) 1
094/001/im12.png (360,640,1) 1
094/001/im13.png (360,640,1) 1
094/001/im14.png (360,640,1) 1
094/001/im15.png (360,640,1) 1
094/002/im1.png (360,640,1) 1
094/002/im2.png (360,640,1) 1
094/002/im3.png (360,640,1) 1
094/002/im4.png (360,640,1) 1
094/002/im5.png (360,640,1) 1
094/002/im6.png (360,640,1) 1
094/002/im7.png (360,640,1) 1
094/002/im8.png (360,640,1) 1
094/002/im9.png (360,640,1) 1
094/002/im10.png (360,640,1) 1
094/002/im11.png (360,640,1) 1
094/002/im12.png (360,640,1) 1
094/002/im13.png (360,640,1) 1
094/002/im14.png (360,640,1) 1
094/002/im15.png (360,640,1) 1
094/003/im1.png (360,640,1) 1
094/003/im2.png (360,640,1) 1
094/003/im3.png (360,640,1) 1
094/003/im4.png (360,640,1) 1
094/003/im5.png (360,640,1) 1
094/003/im6.png (360,640,1) 1
094/003/im7.png (360,640,1) 1
094/003/im8.png (360,640,1) 1
094/003/im9.png (360,640,1) 1
094/003/im10.png (360,640,1) 1
094/003/im11.png (360,640,1) 1
094/003/im12.png (360,640,1) 1
094/003/im13.png (360,640,1) 1
094/003/im14.png (360,640,1) 1
094/003/im15.png (360,640,1) 1
094/004/im1.png (360,640,1) 1
094/004/im2.png (360,640,1) 1
094/004/im3.png (360,640,1) 1
094/004/im4.png (360,640,1) 1
094/004/im5.png (360,640,1) 1
094/004/im6.png (360,640,1) 1
094/004/im7.png (360,640,1) 1
094/004/im8.png (360,640,1) 1
094/004/im9.png (360,640,1) 1
094/004/im10.png (360,640,1) 1
094/004/im11.png (360,640,1) 1
094/004/im12.png (360,640,1) 1
094/004/im13.png (360,640,1) 1
094/004/im14.png (360,640,1) 1
094/004/im15.png (360,640,1) 1
094/005/im1.png (360,640,1) 1
094/005/im2.png (360,640,1) 1
094/005/im3.png (360,640,1) 1
094/005/im4.png (360,640,1) 1
094/005/im5.png (360,640,1) 1
094/005/im6.png (360,640,1) 1
094/005/im7.png (360,640,1) 1
094/005/im8.png (360,640,1) 1
094/005/im9.png (360,640,1) 1
094/005/im10.png (360,640,1) 1
094/005/im11.png (360,640,1) 1
094/005/im12.png (360,640,1) 1
094/005/im13.png (360,640,1) 1
094/005/im14.png (360,640,1) 1
094/005/im15.png (360,640,1) 1
094/006/im1.png (360,640,1) 1
094/006/im2.png (360,640,1) 1
094/006/im3.png (360,640,1) 1
094/006/im4.png (360,640,1) 1
094/006/im5.png (360,640,1) 1
094/006/im6.png (360,640,1) 1
094/006/im7.png (360,640,1) 1
094/006/im8.png (360,640,1) 1
094/006/im9.png (360,640,1) 1
094/006/im10.png (360,640,1) 1
094/006/im11.png (360,640,1) 1
094/006/im12.png (360,640,1) 1
094/006/im13.png (360,640,1) 1
094/006/im14.png (360,640,1) 1
094/006/im15.png (360,640,1) 1
094/007/im1.png (360,640,1) 1
094/007/im2.png (360,640,1) 1
094/007/im3.png (360,640,1) 1
094/007/im4.png (360,640,1) 1
094/007/im5.png (360,640,1) 1
094/007/im6.png (360,640,1) 1
094/007/im7.png (360,640,1) 1
094/007/im8.png (360,640,1) 1
094/007/im9.png (360,640,1) 1
094/007/im10.png (360,640,1) 1
094/007/im11.png (360,640,1) 1
094/007/im12.png (360,640,1) 1
094/007/im13.png (360,640,1) 1
094/007/im14.png (360,640,1) 1
094/007/im15.png (360,640,1) 1
094/008/im1.png (360,640,1) 1
094/008/im2.png (360,640,1) 1
094/008/im3.png (360,640,1) 1
094/008/im4.png (360,640,1) 1
094/008/im5.png (360,640,1) 1
094/008/im6.png (360,640,1) 1
094/008/im7.png (360,640,1) 1
094/008/im8.png (360,640,1) 1
094/008/im9.png (360,640,1) 1
094/008/im10.png (360,640,1) 1
094/008/im11.png (360,640,1) 1
094/008/im12.png (360,640,1) 1
094/008/im13.png (360,640,1) 1
094/008/im14.png (360,640,1) 1
094/008/im15.png (360,640,1) 1
094/009/im1.png (360,640,1) 1
094/009/im2.png (360,640,1) 1
094/009/im3.png (360,640,1) 1
094/009/im4.png (360,640,1) 1
094/009/im5.png (360,640,1) 1
094/009/im6.png (360,640,1) 1
094/009/im7.png (360,640,1) 1
094/009/im8.png (360,640,1) 1
094/009/im9.png (360,640,1) 1
094/009/im10.png (360,640,1) 1
094/009/im11.png (360,640,1) 1
094/009/im12.png (360,640,1) 1
094/009/im13.png (360,640,1) 1
094/009/im14.png (360,640,1) 1
094/009/im15.png (360,640,1) 1
094/010/im1.png (360,640,1) 1
094/010/im2.png (360,640,1) 1
094/010/im3.png (360,640,1) 1
094/010/im4.png (360,640,1) 1
094/010/im5.png (360,640,1) 1
094/010/im6.png (360,640,1) 1
094/010/im7.png (360,640,1) 1
094/010/im8.png (360,640,1) 1
094/010/im9.png (360,640,1) 1
094/010/im10.png (360,640,1) 1
094/010/im11.png (360,640,1) 1
094/010/im12.png (360,640,1) 1
094/010/im13.png (360,640,1) 1
094/010/im14.png (360,640,1) 1
094/010/im15.png (360,640,1) 1
095/001/im1.png (360,640,1) 1
095/001/im2.png (360,640,1) 1
095/001/im3.png (360,640,1) 1
095/001/im4.png (360,640,1) 1
095/001/im5.png (360,640,1) 1
095/001/im6.png (360,640,1) 1
095/001/im7.png (360,640,1) 1
095/001/im8.png (360,640,1) 1
095/001/im9.png (360,640,1) 1
095/001/im10.png (360,640,1) 1
095/001/im11.png (360,640,1) 1
095/001/im12.png (360,640,1) 1
095/001/im13.png (360,640,1) 1
095/001/im14.png (360,640,1) 1
095/001/im15.png (360,640,1) 1
095/002/im1.png (360,640,1) 1
095/002/im2.png (360,640,1) 1
095/002/im3.png (360,640,1) 1
095/002/im4.png (360,640,1) 1
095/002/im5.png (360,640,1) 1
095/002/im6.png (360,640,1) 1
095/002/im7.png (360,640,1) 1
095/002/im8.png (360,640,1) 1
095/002/im9.png (360,640,1) 1
095/002/im10.png (360,640,1) 1
095/002/im11.png (360,640,1) 1
095/002/im12.png (360,640,1) 1
095/002/im13.png (360,640,1) 1
095/002/im14.png (360,640,1) 1
095/002/im15.png (360,640,1) 1
095/003/im1.png (360,640,1) 1
095/003/im2.png (360,640,1) 1
095/003/im3.png (360,640,1) 1
095/003/im4.png (360,640,1) 1
095/003/im5.png (360,640,1) 1
095/003/im6.png (360,640,1) 1
095/003/im7.png (360,640,1) 1
095/003/im8.png (360,640,1) 1
095/003/im9.png (360,640,1) 1
095/003/im10.png (360,640,1) 1
095/003/im11.png (360,640,1) 1
095/003/im12.png (360,640,1) 1
095/003/im13.png (360,640,1) 1
095/003/im14.png (360,640,1) 1
095/003/im15.png (360,640,1) 1
095/004/im1.png (360,640,1) 1
095/004/im2.png (360,640,1) 1
095/004/im3.png (360,640,1) 1
095/004/im4.png (360,640,1) 1
095/004/im5.png (360,640,1) 1
095/004/im6.png (360,640,1) 1
095/004/im7.png (360,640,1) 1
095/004/im8.png (360,640,1) 1
095/004/im9.png (360,640,1) 1
095/004/im10.png (360,640,1) 1
095/004/im11.png (360,640,1) 1
095/004/im12.png (360,640,1) 1
095/004/im13.png (360,640,1) 1
095/004/im14.png (360,640,1) 1
095/004/im15.png (360,640,1) 1
095/005/im1.png (360,640,1) 1
095/005/im2.png (360,640,1) 1
095/005/im3.png (360,640,1) 1
095/005/im4.png (360,640,1) 1
095/005/im5.png (360,640,1) 1
095/005/im6.png (360,640,1) 1
095/005/im7.png (360,640,1) 1
095/005/im8.png (360,640,1) 1
095/005/im9.png (360,640,1) 1
095/005/im10.png (360,640,1) 1
095/005/im11.png (360,640,1) 1
095/005/im12.png (360,640,1) 1
095/005/im13.png (360,640,1) 1
095/005/im14.png (360,640,1) 1
095/005/im15.png (360,640,1) 1
095/006/im1.png (360,640,1) 1
095/006/im2.png (360,640,1) 1
095/006/im3.png (360,640,1) 1
095/006/im4.png (360,640,1) 1
095/006/im5.png (360,640,1) 1
095/006/im6.png (360,640,1) 1
095/006/im7.png (360,640,1) 1
095/006/im8.png (360,640,1) 1
095/006/im9.png (360,640,1) 1
095/006/im10.png (360,640,1) 1
095/006/im11.png (360,640,1) 1
095/006/im12.png (360,640,1) 1
095/006/im13.png (360,640,1) 1
095/006/im14.png (360,640,1) 1
095/006/im15.png (360,640,1) 1
095/007/im1.png (360,640,1) 1
095/007/im2.png (360,640,1) 1
095/007/im3.png (360,640,1) 1
095/007/im4.png (360,640,1) 1
095/007/im5.png (360,640,1) 1
095/007/im6.png (360,640,1) 1
095/007/im7.png (360,640,1) 1
095/007/im8.png (360,640,1) 1
095/007/im9.png (360,640,1) 1
095/007/im10.png (360,640,1) 1
095/007/im11.png (360,640,1) 1
095/007/im12.png (360,640,1) 1
095/007/im13.png (360,640,1) 1
095/007/im14.png (360,640,1) 1
095/007/im15.png (360,640,1) 1
095/008/im1.png (360,640,1) 1
095/008/im2.png (360,640,1) 1
095/008/im3.png (360,640,1) 1
095/008/im4.png (360,640,1) 1
095/008/im5.png (360,640,1) 1
095/008/im6.png (360,640,1) 1
095/008/im7.png (360,640,1) 1
095/008/im8.png (360,640,1) 1
095/008/im9.png (360,640,1) 1
095/008/im10.png (360,640,1) 1
095/008/im11.png (360,640,1) 1
095/008/im12.png (360,640,1) 1
095/008/im13.png (360,640,1) 1
095/008/im14.png (360,640,1) 1
095/008/im15.png (360,640,1) 1
095/009/im1.png (360,640,1) 1
095/009/im2.png (360,640,1) 1
095/009/im3.png (360,640,1) 1
095/009/im4.png (360,640,1) 1
095/009/im5.png (360,640,1) 1
095/009/im6.png (360,640,1) 1
095/009/im7.png (360,640,1) 1
095/009/im8.png (360,640,1) 1
095/009/im9.png (360,640,1) 1
095/009/im10.png (360,640,1) 1
095/009/im11.png (360,640,1) 1
095/009/im12.png (360,640,1) 1
095/009/im13.png (360,640,1) 1
095/009/im14.png (360,640,1) 1
095/009/im15.png (360,640,1) 1
095/010/im1.png (360,640,1) 1
095/010/im2.png (360,640,1) 1
095/010/im3.png (360,640,1) 1
095/010/im4.png (360,640,1) 1
095/010/im5.png (360,640,1) 1
095/010/im6.png (360,640,1) 1
095/010/im7.png (360,640,1) 1
095/010/im8.png (360,640,1) 1
095/010/im9.png (360,640,1) 1
095/010/im10.png (360,640,1) 1
095/010/im11.png (360,640,1) 1
095/010/im12.png (360,640,1) 1
095/010/im13.png (360,640,1) 1
095/010/im14.png (360,640,1) 1
095/010/im15.png (360,640,1) 1
096/001/im1.png (360,640,1) 1
096/001/im2.png (360,640,1) 1
096/001/im3.png (360,640,1) 1
096/001/im4.png (360,640,1) 1
096/001/im5.png (360,640,1) 1
096/001/im6.png (360,640,1) 1
096/001/im7.png (360,640,1) 1
096/001/im8.png (360,640,1) 1
096/001/im9.png (360,640,1) 1
096/001/im10.png (360,640,1) 1
096/001/im11.png (360,640,1) 1
096/001/im12.png (360,640,1) 1
096/001/im13.png (360,640,1) 1
096/001/im14.png (360,640,1) 1
096/001/im15.png (360,640,1) 1
096/002/im1.png (360,640,1) 1
096/002/im2.png (360,640,1) 1
096/002/im3.png (360,640,1) 1
096/002/im4.png (360,640,1) 1
096/002/im5.png (360,640,1) 1
096/002/im6.png (360,640,1) 1
096/002/im7.png (360,640,1) 1
096/002/im8.png (360,640,1) 1
096/002/im9.png (360,640,1) 1
096/002/im10.png (360,640,1) 1
096/002/im11.png (360,640,1) 1
096/002/im12.png (360,640,1) 1
096/002/im13.png (360,640,1) 1
096/002/im14.png (360,640,1) 1
096/002/im15.png (360,640,1) 1
096/003/im1.png (360,640,1) 1
096/003/im2.png (360,640,1) 1
096/003/im3.png (360,640,1) 1
096/003/im4.png (360,640,1) 1
096/003/im5.png (360,640,1) 1
096/003/im6.png (360,640,1) 1
096/003/im7.png (360,640,1) 1
096/003/im8.png (360,640,1) 1
096/003/im9.png (360,640,1) 1
096/003/im10.png (360,640,1) 1
096/003/im11.png (360,640,1) 1
096/003/im12.png (360,640,1) 1
096/003/im13.png (360,640,1) 1
096/003/im14.png (360,640,1) 1
096/003/im15.png (360,640,1) 1
096/004/im1.png (360,640,1) 1
096/004/im2.png (360,640,1) 1
096/004/im3.png (360,640,1) 1
096/004/im4.png (360,640,1) 1
096/004/im5.png (360,640,1) 1
096/004/im6.png (360,640,1) 1
096/004/im7.png (360,640,1) 1
096/004/im8.png (360,640,1) 1
096/004/im9.png (360,640,1) 1
096/004/im10.png (360,640,1) 1
096/004/im11.png (360,640,1) 1
096/004/im12.png (360,640,1) 1
096/004/im13.png (360,640,1) 1
096/004/im14.png (360,640,1) 1
096/004/im15.png (360,640,1) 1
096/005/im1.png (360,640,1) 1
096/005/im2.png (360,640,1) 1
096/005/im3.png (360,640,1) 1
096/005/im4.png (360,640,1) 1
096/005/im5.png (360,640,1) 1
096/005/im6.png (360,640,1) 1
096/005/im7.png (360,640,1) 1
096/005/im8.png (360,640,1) 1
096/005/im9.png (360,640,1) 1
096/005/im10.png (360,640,1) 1
096/005/im11.png (360,640,1) 1
096/005/im12.png (360,640,1) 1
096/005/im13.png (360,640,1) 1
096/005/im14.png (360,640,1) 1
096/005/im15.png (360,640,1) 1
096/006/im1.png (360,640,1) 1
096/006/im2.png (360,640,1) 1
096/006/im3.png (360,640,1) 1
096/006/im4.png (360,640,1) 1
096/006/im5.png (360,640,1) 1
096/006/im6.png (360,640,1) 1
096/006/im7.png (360,640,1) 1
096/006/im8.png (360,640,1) 1
096/006/im9.png (360,640,1) 1
096/006/im10.png (360,640,1) 1
096/006/im11.png (360,640,1) 1
096/006/im12.png (360,640,1) 1
096/006/im13.png (360,640,1) 1
096/006/im14.png (360,640,1) 1
096/006/im15.png (360,640,1) 1
096/007/im1.png (360,640,1) 1
096/007/im2.png (360,640,1) 1
096/007/im3.png (360,640,1) 1
096/007/im4.png (360,640,1) 1
096/007/im5.png (360,640,1) 1
096/007/im6.png (360,640,1) 1
096/007/im7.png (360,640,1) 1
096/007/im8.png (360,640,1) 1
096/007/im9.png (360,640,1) 1
096/007/im10.png (360,640,1) 1
096/007/im11.png (360,640,1) 1
096/007/im12.png (360,640,1) 1
096/007/im13.png (360,640,1) 1
096/007/im14.png (360,640,1) 1
096/007/im15.png (360,640,1) 1
096/008/im1.png (360,640,1) 1
096/008/im2.png (360,640,1) 1
096/008/im3.png (360,640,1) 1
096/008/im4.png (360,640,1) 1
096/008/im5.png (360,640,1) 1
096/008/im6.png (360,640,1) 1
096/008/im7.png (360,640,1) 1
096/008/im8.png (360,640,1) 1
096/008/im9.png (360,640,1) 1
096/008/im10.png (360,640,1) 1
096/008/im11.png (360,640,1) 1
096/008/im12.png (360,640,1) 1
096/008/im13.png (360,640,1) 1
096/008/im14.png (360,640,1) 1
096/008/im15.png (360,640,1) 1
097/001/im1.png (360,640,1) 1
097/001/im2.png (360,640,1) 1
097/001/im3.png (360,640,1) 1
097/001/im4.png (360,640,1) 1
097/001/im5.png (360,640,1) 1
097/001/im6.png (360,640,1) 1
097/001/im7.png (360,640,1) 1
097/001/im8.png (360,640,1) 1
097/001/im9.png (360,640,1) 1
097/001/im10.png (360,640,1) 1
097/001/im11.png (360,640,1) 1
097/001/im12.png (360,640,1) 1
097/001/im13.png (360,640,1) 1
097/001/im14.png (360,640,1) 1
097/001/im15.png (360,640,1) 1
097/002/im1.png (360,640,1) 1
097/002/im2.png (360,640,1) 1
097/002/im3.png (360,640,1) 1
097/002/im4.png (360,640,1) 1
097/002/im5.png (360,640,1) 1
097/002/im6.png (360,640,1) 1
097/002/im7.png (360,640,1) 1
097/002/im8.png (360,640,1) 1
097/002/im9.png (360,640,1) 1
097/002/im10.png (360,640,1) 1
097/002/im11.png (360,640,1) 1
097/002/im12.png (360,640,1) 1
097/002/im13.png (360,640,1) 1
097/002/im14.png (360,640,1) 1
097/002/im15.png (360,640,1) 1
097/003/im1.png (360,640,1) 1
097/003/im2.png (360,640,1) 1
097/003/im3.png (360,640,1) 1
097/003/im4.png (360,640,1) 1
097/003/im5.png (360,640,1) 1
097/003/im6.png (360,640,1) 1
097/003/im7.png (360,640,1) 1
097/003/im8.png (360,640,1) 1
097/003/im9.png (360,640,1) 1
097/003/im10.png (360,640,1) 1
097/003/im11.png (360,640,1) 1
097/003/im12.png (360,640,1) 1
097/003/im13.png (360,640,1) 1
097/003/im14.png (360,640,1) 1
097/003/im15.png (360,640,1) 1
097/004/im1.png (360,640,1) 1
097/004/im2.png (360,640,1) 1
097/004/im3.png (360,640,1) 1
097/004/im4.png (360,640,1) 1
097/004/im5.png (360,640,1) 1
097/004/im6.png (360,640,1) 1
097/004/im7.png (360,640,1) 1
097/004/im8.png (360,640,1) 1
097/004/im9.png (360,640,1) 1
097/004/im10.png (360,640,1) 1
097/004/im11.png (360,640,1) 1
097/004/im12.png (360,640,1) 1
097/004/im13.png (360,640,1) 1
097/004/im14.png (360,640,1) 1
097/004/im15.png (360,640,1) 1
097/005/im1.png (360,640,1) 1
097/005/im2.png (360,640,1) 1
097/005/im3.png (360,640,1) 1
097/005/im4.png (360,640,1) 1
097/005/im5.png (360,640,1) 1
097/005/im6.png (360,640,1) 1
097/005/im7.png (360,640,1) 1
097/005/im8.png (360,640,1) 1
097/005/im9.png (360,640,1) 1
097/005/im10.png (360,640,1) 1
097/005/im11.png (360,640,1) 1
097/005/im12.png (360,640,1) 1
097/005/im13.png (360,640,1) 1
097/005/im14.png (360,640,1) 1
097/005/im15.png (360,640,1) 1
097/006/im1.png (360,640,1) 1
097/006/im2.png (360,640,1) 1
097/006/im3.png (360,640,1) 1
097/006/im4.png (360,640,1) 1
097/006/im5.png (360,640,1) 1
097/006/im6.png (360,640,1) 1
097/006/im7.png (360,640,1) 1
097/006/im8.png (360,640,1) 1
097/006/im9.png (360,640,1) 1
097/006/im10.png (360,640,1) 1
097/006/im11.png (360,640,1) 1
097/006/im12.png (360,640,1) 1
097/006/im13.png (360,640,1) 1
097/006/im14.png (360,640,1) 1
097/006/im15.png (360,640,1) 1
097/007/im1.png (360,640,1) 1
097/007/im2.png (360,640,1) 1
097/007/im3.png (360,640,1) 1
097/007/im4.png (360,640,1) 1
097/007/im5.png (360,640,1) 1
097/007/im6.png (360,640,1) 1
097/007/im7.png (360,640,1) 1
097/007/im8.png (360,640,1) 1
097/007/im9.png (360,640,1) 1
097/007/im10.png (360,640,1) 1
097/007/im11.png (360,640,1) 1
097/007/im12.png (360,640,1) 1
097/007/im13.png (360,640,1) 1
097/007/im14.png (360,640,1) 1
097/007/im15.png (360,640,1) 1
097/008/im1.png (360,640,1) 1
097/008/im2.png (360,640,1) 1
097/008/im3.png (360,640,1) 1
097/008/im4.png (360,640,1) 1
097/008/im5.png (360,640,1) 1
097/008/im6.png (360,640,1) 1
097/008/im7.png (360,640,1) 1
097/008/im8.png (360,640,1) 1
097/008/im9.png (360,640,1) 1
097/008/im10.png (360,640,1) 1
097/008/im11.png (360,640,1) 1
097/008/im12.png (360,640,1) 1
097/008/im13.png (360,640,1) 1
097/008/im14.png (360,640,1) 1
097/008/im15.png (360,640,1) 1
098/001/im1.png (360,640,1) 1
098/001/im2.png (360,640,1) 1
098/001/im3.png (360,640,1) 1
098/001/im4.png (360,640,1) 1
098/001/im5.png (360,640,1) 1
098/001/im6.png (360,640,1) 1
098/001/im7.png (360,640,1) 1
098/001/im8.png (360,640,1) 1
098/001/im9.png (360,640,1) 1
098/001/im10.png (360,640,1) 1
098/001/im11.png (360,640,1) 1
098/001/im12.png (360,640,1) 1
098/001/im13.png (360,640,1) 1
098/001/im14.png (360,640,1) 1
098/001/im15.png (360,640,1) 1
098/002/im1.png (360,640,1) 1
098/002/im2.png (360,640,1) 1
098/002/im3.png (360,640,1) 1
098/002/im4.png (360,640,1) 1
098/002/im5.png (360,640,1) 1
098/002/im6.png (360,640,1) 1
098/002/im7.png (360,640,1) 1
098/002/im8.png (360,640,1) 1
098/002/im9.png (360,640,1) 1
098/002/im10.png (360,640,1) 1
098/002/im11.png (360,640,1) 1
098/002/im12.png (360,640,1) 1
098/002/im13.png (360,640,1) 1
098/002/im14.png (360,640,1) 1
098/002/im15.png (360,640,1) 1
098/003/im1.png (360,640,1) 1
098/003/im2.png (360,640,1) 1
098/003/im3.png (360,640,1) 1
098/003/im4.png (360,640,1) 1
098/003/im5.png (360,640,1) 1
098/003/im6.png (360,640,1) 1
098/003/im7.png (360,640,1) 1
098/003/im8.png (360,640,1) 1
098/003/im9.png (360,640,1) 1
098/003/im10.png (360,640,1) 1
098/003/im11.png (360,640,1) 1
098/003/im12.png (360,640,1) 1
098/003/im13.png (360,640,1) 1
098/003/im14.png (360,640,1) 1
098/003/im15.png (360,640,1) 1
098/004/im1.png (360,640,1) 1
098/004/im2.png (360,640,1) 1
098/004/im3.png (360,640,1) 1
098/004/im4.png (360,640,1) 1
098/004/im5.png (360,640,1) 1
098/004/im6.png (360,640,1) 1
098/004/im7.png (360,640,1) 1
098/004/im8.png (360,640,1) 1
098/004/im9.png (360,640,1) 1
098/004/im10.png (360,640,1) 1
098/004/im11.png (360,640,1) 1
098/004/im12.png (360,640,1) 1
098/004/im13.png (360,640,1) 1
098/004/im14.png (360,640,1) 1
098/004/im15.png (360,640,1) 1
098/005/im1.png (360,640,1) 1
098/005/im2.png (360,640,1) 1
098/005/im3.png (360,640,1) 1
098/005/im4.png (360,640,1) 1
098/005/im5.png (360,640,1) 1
098/005/im6.png (360,640,1) 1
098/005/im7.png (360,640,1) 1
098/005/im8.png (360,640,1) 1
098/005/im9.png (360,640,1) 1
098/005/im10.png (360,640,1) 1
098/005/im11.png (360,640,1) 1
098/005/im12.png (360,640,1) 1
098/005/im13.png (360,640,1) 1
098/005/im14.png (360,640,1) 1
098/005/im15.png (360,640,1) 1
098/006/im1.png (360,640,1) 1
098/006/im2.png (360,640,1) 1
098/006/im3.png (360,640,1) 1
098/006/im4.png (360,640,1) 1
098/006/im5.png (360,640,1) 1
098/006/im6.png (360,640,1) 1
098/006/im7.png (360,640,1) 1
098/006/im8.png (360,640,1) 1
098/006/im9.png (360,640,1) 1
098/006/im10.png (360,640,1) 1
098/006/im11.png (360,640,1) 1
098/006/im12.png (360,640,1) 1
098/006/im13.png (360,640,1) 1
098/006/im14.png (360,640,1) 1
098/006/im15.png (360,640,1) 1
098/007/im1.png (360,640,1) 1
098/007/im2.png (360,640,1) 1
098/007/im3.png (360,640,1) 1
098/007/im4.png (360,640,1) 1
098/007/im5.png (360,640,1) 1
098/007/im6.png (360,640,1) 1
098/007/im7.png (360,640,1) 1
098/007/im8.png (360,640,1) 1
098/007/im9.png (360,640,1) 1
098/007/im10.png (360,640,1) 1
098/007/im11.png (360,640,1) 1
098/007/im12.png (360,640,1) 1
098/007/im13.png (360,640,1) 1
098/007/im14.png (360,640,1) 1
098/007/im15.png (360,640,1) 1
098/008/im1.png (360,640,1) 1
098/008/im2.png (360,640,1) 1
098/008/im3.png (360,640,1) 1
098/008/im4.png (360,640,1) 1
098/008/im5.png (360,640,1) 1
098/008/im6.png (360,640,1) 1
098/008/im7.png (360,640,1) 1
098/008/im8.png (360,640,1) 1
098/008/im9.png (360,640,1) 1
098/008/im10.png (360,640,1) 1
098/008/im11.png (360,640,1) 1
098/008/im12.png (360,640,1) 1
098/008/im13.png (360,640,1) 1
098/008/im14.png (360,640,1) 1
098/008/im15.png (360,640,1) 1
099/001/im1.png (360,640,1) 1
099/001/im2.png (360,640,1) 1
099/001/im3.png (360,640,1) 1
099/001/im4.png (360,640,1) 1
099/001/im5.png (360,640,1) 1
099/001/im6.png (360,640,1) 1
099/001/im7.png (360,640,1) 1
099/001/im8.png (360,640,1) 1
099/001/im9.png (360,640,1) 1
099/001/im10.png (360,640,1) 1
099/001/im11.png (360,640,1) 1
099/001/im12.png (360,640,1) 1
099/001/im13.png (360,640,1) 1
099/001/im14.png (360,640,1) 1
099/001/im15.png (360,640,1) 1
099/002/im1.png (360,640,1) 1
099/002/im2.png (360,640,1) 1
099/002/im3.png (360,640,1) 1
099/002/im4.png (360,640,1) 1
099/002/im5.png (360,640,1) 1
099/002/im6.png (360,640,1) 1
099/002/im7.png (360,640,1) 1
099/002/im8.png (360,640,1) 1
099/002/im9.png (360,640,1) 1
099/002/im10.png (360,640,1) 1
099/002/im11.png (360,640,1) 1
099/002/im12.png (360,640,1) 1
099/002/im13.png (360,640,1) 1
099/002/im14.png (360,640,1) 1
099/002/im15.png (360,640,1) 1
099/003/im1.png (360,640,1) 1
099/003/im2.png (360,640,1) 1
099/003/im3.png (360,640,1) 1
099/003/im4.png (360,640,1) 1
099/003/im5.png (360,640,1) 1
099/003/im6.png (360,640,1) 1
099/003/im7.png (360,640,1) 1
099/003/im8.png (360,640,1) 1
099/003/im9.png (360,640,1) 1
099/003/im10.png (360,640,1) 1
099/003/im11.png (360,640,1) 1
099/003/im12.png (360,640,1) 1
099/003/im13.png (360,640,1) 1
099/003/im14.png (360,640,1) 1
099/003/im15.png (360,640,1) 1
099/004/im1.png (360,640,1) 1
099/004/im2.png (360,640,1) 1
099/004/im3.png (360,640,1) 1
099/004/im4.png (360,640,1) 1
099/004/im5.png (360,640,1) 1
099/004/im6.png (360,640,1) 1
099/004/im7.png (360,640,1) 1
099/004/im8.png (360,640,1) 1
099/004/im9.png (360,640,1) 1
099/004/im10.png (360,640,1) 1
099/004/im11.png (360,640,1) 1
099/004/im12.png (360,640,1) 1
099/004/im13.png (360,640,1) 1
099/004/im14.png (360,640,1) 1
099/004/im15.png (360,640,1) 1
099/005/im1.png (360,640,1) 1
099/005/im2.png (360,640,1) 1
099/005/im3.png (360,640,1) 1
099/005/im4.png (360,640,1) 1
099/005/im5.png (360,640,1) 1
099/005/im6.png (360,640,1) 1
099/005/im7.png (360,640,1) 1
099/005/im8.png (360,640,1) 1
099/005/im9.png (360,640,1) 1
099/005/im10.png (360,640,1) 1
099/005/im11.png (360,640,1) 1
099/005/im12.png (360,640,1) 1
099/005/im13.png (360,640,1) 1
099/005/im14.png (360,640,1) 1
099/005/im15.png (360,640,1) 1
099/006/im1.png (360,640,1) 1
099/006/im2.png (360,640,1) 1
099/006/im3.png (360,640,1) 1
099/006/im4.png (360,640,1) 1
099/006/im5.png (360,640,1) 1
099/006/im6.png (360,640,1) 1
099/006/im7.png (360,640,1) 1
099/006/im8.png (360,640,1) 1
099/006/im9.png (360,640,1) 1
099/006/im10.png (360,640,1) 1
099/006/im11.png (360,640,1) 1
099/006/im12.png (360,640,1) 1
099/006/im13.png (360,640,1) 1
099/006/im14.png (360,640,1) 1
099/006/im15.png (360,640,1) 1
099/007/im1.png (360,640,1) 1
099/007/im2.png (360,640,1) 1
099/007/im3.png (360,640,1) 1
099/007/im4.png (360,640,1) 1
099/007/im5.png (360,640,1) 1
099/007/im6.png (360,640,1) 1
099/007/im7.png (360,640,1) 1
099/007/im8.png (360,640,1) 1
099/007/im9.png (360,640,1) 1
099/007/im10.png (360,640,1) 1
099/007/im11.png (360,640,1) 1
099/007/im12.png (360,640,1) 1
099/007/im13.png (360,640,1) 1
099/007/im14.png (360,640,1) 1
099/007/im15.png (360,640,1) 1
099/008/im1.png (360,640,1) 1
099/008/im2.png (360,640,1) 1
099/008/im3.png (360,640,1) 1
099/008/im4.png (360,640,1) 1
099/008/im5.png (360,640,1) 1
099/008/im6.png (360,640,1) 1
099/008/im7.png (360,640,1) 1
099/008/im8.png (360,640,1) 1
099/008/im9.png (360,640,1) 1
099/008/im10.png (360,640,1) 1
099/008/im11.png (360,640,1) 1
099/008/im12.png (360,640,1) 1
099/008/im13.png (360,640,1) 1
099/008/im14.png (360,640,1) 1
099/008/im15.png (360,640,1) 1
100/001/im1.png (360,640,1) 1
100/001/im2.png (360,640,1) 1
100/001/im3.png (360,640,1) 1
100/001/im4.png (360,640,1) 1
100/001/im5.png (360,640,1) 1
100/001/im6.png (360,640,1) 1
100/001/im7.png (360,640,1) 1
100/001/im8.png (360,640,1) 1
100/001/im9.png (360,640,1) 1
100/001/im10.png (360,640,1) 1
100/001/im11.png (360,640,1) 1
100/001/im12.png (360,640,1) 1
100/001/im13.png (360,640,1) 1
100/001/im14.png (360,640,1) 1
100/001/im15.png (360,640,1) 1
100/002/im1.png (360,640,1) 1
100/002/im2.png (360,640,1) 1
100/002/im3.png (360,640,1) 1
100/002/im4.png (360,640,1) 1
100/002/im5.png (360,640,1) 1
100/002/im6.png (360,640,1) 1
100/002/im7.png (360,640,1) 1
100/002/im8.png (360,640,1) 1
100/002/im9.png (360,640,1) 1
100/002/im10.png (360,640,1) 1
100/002/im11.png (360,640,1) 1
100/002/im12.png (360,640,1) 1
100/002/im13.png (360,640,1) 1
100/002/im14.png (360,640,1) 1
100/002/im15.png (360,640,1) 1
100/003/im1.png (360,640,1) 1
100/003/im2.png (360,640,1) 1
100/003/im3.png (360,640,1) 1
100/003/im4.png (360,640,1) 1
100/003/im5.png (360,640,1) 1
100/003/im6.png (360,640,1) 1
100/003/im7.png (360,640,1) 1
100/003/im8.png (360,640,1) 1
100/003/im9.png (360,640,1) 1
100/003/im10.png (360,640,1) 1
100/003/im11.png (360,640,1) 1
100/003/im12.png (360,640,1) 1
100/003/im13.png (360,640,1) 1
100/003/im14.png (360,640,1) 1
100/003/im15.png (360,640,1) 1
100/004/im1.png (360,640,1) 1
100/004/im2.png (360,640,1) 1
100/004/im3.png (360,640,1) 1
100/004/im4.png (360,640,1) 1
100/004/im5.png (360,640,1) 1
100/004/im6.png (360,640,1) 1
100/004/im7.png (360,640,1) 1
100/004/im8.png (360,640,1) 1
100/004/im9.png (360,640,1) 1
100/004/im10.png (360,640,1) 1
100/004/im11.png (360,640,1) 1
100/004/im12.png (360,640,1) 1
100/004/im13.png (360,640,1) 1
100/004/im14.png (360,640,1) 1
100/004/im15.png (360,640,1) 1
100/005/im1.png (360,640,1) 1
100/005/im2.png (360,640,1) 1
100/005/im3.png (360,640,1) 1
100/005/im4.png (360,640,1) 1
100/005/im5.png (360,640,1) 1
100/005/im6.png (360,640,1) 1
100/005/im7.png (360,640,1) 1
100/005/im8.png (360,640,1) 1
100/005/im9.png (360,640,1) 1
100/005/im10.png (360,640,1) 1
100/005/im11.png (360,640,1) 1
100/005/im12.png (360,640,1) 1
100/005/im13.png (360,640,1) 1
100/005/im14.png (360,640,1) 1
100/005/im15.png (360,640,1) 1
100/006/im1.png (360,640,1) 1
100/006/im2.png (360,640,1) 1
100/006/im3.png (360,640,1) 1
100/006/im4.png (360,640,1) 1
100/006/im5.png (360,640,1) 1
100/006/im6.png (360,640,1) 1
100/006/im7.png (360,640,1) 1
100/006/im8.png (360,640,1) 1
100/006/im9.png (360,640,1) 1
100/006/im10.png (360,640,1) 1
100/006/im11.png (360,640,1) 1
100/006/im12.png (360,640,1) 1
100/006/im13.png (360,640,1) 1
100/006/im14.png (360,640,1) 1
100/006/im15.png (360,640,1) 1
100/007/im1.png (360,640,1) 1
100/007/im2.png (360,640,1) 1
100/007/im3.png (360,640,1) 1
100/007/im4.png (360,640,1) 1
100/007/im5.png (360,640,1) 1
100/007/im6.png (360,640,1) 1
100/007/im7.png (360,640,1) 1
100/007/im8.png (360,640,1) 1
100/007/im9.png (360,640,1) 1
100/007/im10.png (360,640,1) 1
100/007/im11.png (360,640,1) 1
100/007/im12.png (360,640,1) 1
100/007/im13.png (360,640,1) 1
100/007/im14.png (360,640,1) 1
100/007/im15.png (360,640,1) 1
100/008/im1.png (360,640,1) 1
100/008/im2.png (360,640,1) 1
100/008/im3.png (360,640,1) 1
100/008/im4.png (360,640,1) 1
100/008/im5.png (360,640,1) 1
100/008/im6.png (360,640,1) 1
100/008/im7.png (360,640,1) 1
100/008/im8.png (360,640,1) 1
100/008/im9.png (360,640,1) 1
100/008/im10.png (360,640,1) 1
100/008/im11.png (360,640,1) 1
100/008/im12.png (360,640,1) 1
100/008/im13.png (360,640,1) 1
100/008/im14.png (360,640,1) 1
100/008/im15.png (360,640,1) 1
101/001/im1.png (360,640,1) 1
101/001/im2.png (360,640,1) 1
101/001/im3.png (360,640,1) 1
101/001/im4.png (360,640,1) 1
101/001/im5.png (360,640,1) 1
101/001/im6.png (360,640,1) 1
101/001/im7.png (360,640,1) 1
101/001/im8.png (360,640,1) 1
101/001/im9.png (360,640,1) 1
101/001/im10.png (360,640,1) 1
101/001/im11.png (360,640,1) 1
101/001/im12.png (360,640,1) 1
101/001/im13.png (360,640,1) 1
101/001/im14.png (360,640,1) 1
101/001/im15.png (360,640,1) 1
101/002/im1.png (360,640,1) 1
101/002/im2.png (360,640,1) 1
101/002/im3.png (360,640,1) 1
101/002/im4.png (360,640,1) 1
101/002/im5.png (360,640,1) 1
101/002/im6.png (360,640,1) 1
101/002/im7.png (360,640,1) 1
101/002/im8.png (360,640,1) 1
101/002/im9.png (360,640,1) 1
101/002/im10.png (360,640,1) 1
101/002/im11.png (360,640,1) 1
101/002/im12.png (360,640,1) 1
101/002/im13.png (360,640,1) 1
101/002/im14.png (360,640,1) 1
101/002/im15.png (360,640,1) 1
101/003/im1.png (360,640,1) 1
101/003/im2.png (360,640,1) 1
101/003/im3.png (360,640,1) 1
101/003/im4.png (360,640,1) 1
101/003/im5.png (360,640,1) 1
101/003/im6.png (360,640,1) 1
101/003/im7.png (360,640,1) 1
101/003/im8.png (360,640,1) 1
101/003/im9.png (360,640,1) 1
101/003/im10.png (360,640,1) 1
101/003/im11.png (360,640,1) 1
101/003/im12.png (360,640,1) 1
101/003/im13.png (360,640,1) 1
101/003/im14.png (360,640,1) 1
101/003/im15.png (360,640,1) 1
101/004/im1.png (360,640,1) 1
101/004/im2.png (360,640,1) 1
101/004/im3.png (360,640,1) 1
101/004/im4.png (360,640,1) 1
101/004/im5.png (360,640,1) 1
101/004/im6.png (360,640,1) 1
101/004/im7.png (360,640,1) 1
101/004/im8.png (360,640,1) 1
101/004/im9.png (360,640,1) 1
101/004/im10.png (360,640,1) 1
101/004/im11.png (360,640,1) 1
101/004/im12.png (360,640,1) 1
101/004/im13.png (360,640,1) 1
101/004/im14.png (360,640,1) 1
101/004/im15.png (360,640,1) 1
101/005/im1.png (360,640,1) 1
101/005/im2.png (360,640,1) 1
101/005/im3.png (360,640,1) 1
101/005/im4.png (360,640,1) 1
101/005/im5.png (360,640,1) 1
101/005/im6.png (360,640,1) 1
101/005/im7.png (360,640,1) 1
101/005/im8.png (360,640,1) 1
101/005/im9.png (360,640,1) 1
101/005/im10.png (360,640,1) 1
101/005/im11.png (360,640,1) 1
101/005/im12.png (360,640,1) 1
101/005/im13.png (360,640,1) 1
101/005/im14.png (360,640,1) 1
101/005/im15.png (360,640,1) 1
101/006/im1.png (360,640,1) 1
101/006/im2.png (360,640,1) 1
101/006/im3.png (360,640,1) 1
101/006/im4.png (360,640,1) 1
101/006/im5.png (360,640,1) 1
101/006/im6.png (360,640,1) 1
101/006/im7.png (360,640,1) 1
101/006/im8.png (360,640,1) 1
101/006/im9.png (360,640,1) 1
101/006/im10.png (360,640,1) 1
101/006/im11.png (360,640,1) 1
101/006/im12.png (360,640,1) 1
101/006/im13.png (360,640,1) 1
101/006/im14.png (360,640,1) 1
101/006/im15.png (360,640,1) 1
101/007/im1.png (360,640,1) 1
101/007/im2.png (360,640,1) 1
101/007/im3.png (360,640,1) 1
101/007/im4.png (360,640,1) 1
101/007/im5.png (360,640,1) 1
101/007/im6.png (360,640,1) 1
101/007/im7.png (360,640,1) 1
101/007/im8.png (360,640,1) 1
101/007/im9.png (360,640,1) 1
101/007/im10.png (360,640,1) 1
101/007/im11.png (360,640,1) 1
101/007/im12.png (360,640,1) 1
101/007/im13.png (360,640,1) 1
101/007/im14.png (360,640,1) 1
101/007/im15.png (360,640,1) 1
101/008/im1.png (360,640,1) 1
101/008/im2.png (360,640,1) 1
101/008/im3.png (360,640,1) 1
101/008/im4.png (360,640,1) 1
101/008/im5.png (360,640,1) 1
101/008/im6.png (360,640,1) 1
101/008/im7.png (360,640,1) 1
101/008/im8.png (360,640,1) 1
101/008/im9.png (360,640,1) 1
101/008/im10.png (360,640,1) 1
101/008/im11.png (360,640,1) 1
101/008/im12.png (360,640,1) 1
101/008/im13.png (360,640,1) 1
101/008/im14.png (360,640,1) 1
101/008/im15.png (360,640,1) 1
102/001/im1.png (360,640,1) 1
102/001/im2.png (360,640,1) 1
102/001/im3.png (360,640,1) 1
102/001/im4.png (360,640,1) 1
102/001/im5.png (360,640,1) 1
102/001/im6.png (360,640,1) 1
102/001/im7.png (360,640,1) 1
102/001/im8.png (360,640,1) 1
102/001/im9.png (360,640,1) 1
102/001/im10.png (360,640,1) 1
102/001/im11.png (360,640,1) 1
102/001/im12.png (360,640,1) 1
102/001/im13.png (360,640,1) 1
102/001/im14.png (360,640,1) 1
102/001/im15.png (360,640,1) 1
102/002/im1.png (360,640,1) 1
102/002/im2.png (360,640,1) 1
102/002/im3.png (360,640,1) 1
102/002/im4.png (360,640,1) 1
102/002/im5.png (360,640,1) 1
102/002/im6.png (360,640,1) 1
102/002/im7.png (360,640,1) 1
102/002/im8.png (360,640,1) 1
102/002/im9.png (360,640,1) 1
102/002/im10.png (360,640,1) 1
102/002/im11.png (360,640,1) 1
102/002/im12.png (360,640,1) 1
102/002/im13.png (360,640,1) 1
102/002/im14.png (360,640,1) 1
102/002/im15.png (360,640,1) 1
102/003/im1.png (360,640,1) 1
102/003/im2.png (360,640,1) 1
102/003/im3.png (360,640,1) 1
102/003/im4.png (360,640,1) 1
102/003/im5.png (360,640,1) 1
102/003/im6.png (360,640,1) 1
102/003/im7.png (360,640,1) 1
102/003/im8.png (360,640,1) 1
102/003/im9.png (360,640,1) 1
102/003/im10.png (360,640,1) 1
102/003/im11.png (360,640,1) 1
102/003/im12.png (360,640,1) 1
102/003/im13.png (360,640,1) 1
102/003/im14.png (360,640,1) 1
102/003/im15.png (360,640,1) 1
102/004/im1.png (360,640,1) 1
102/004/im2.png (360,640,1) 1
102/004/im3.png (360,640,1) 1
102/004/im4.png (360,640,1) 1
102/004/im5.png (360,640,1) 1
102/004/im6.png (360,640,1) 1
102/004/im7.png (360,640,1) 1
102/004/im8.png (360,640,1) 1
102/004/im9.png (360,640,1) 1
102/004/im10.png (360,640,1) 1
102/004/im11.png (360,640,1) 1
102/004/im12.png (360,640,1) 1
102/004/im13.png (360,640,1) 1
102/004/im14.png (360,640,1) 1
102/004/im15.png (360,640,1) 1
102/005/im1.png (360,640,1) 1
102/005/im2.png (360,640,1) 1
102/005/im3.png (360,640,1) 1
102/005/im4.png (360,640,1) 1
102/005/im5.png (360,640,1) 1
102/005/im6.png (360,640,1) 1
102/005/im7.png (360,640,1) 1
102/005/im8.png (360,640,1) 1
102/005/im9.png (360,640,1) 1
102/005/im10.png (360,640,1) 1
102/005/im11.png (360,640,1) 1
102/005/im12.png (360,640,1) 1
102/005/im13.png (360,640,1) 1
102/005/im14.png (360,640,1) 1
102/005/im15.png (360,640,1) 1
102/006/im1.png (360,640,1) 1
102/006/im2.png (360,640,1) 1
102/006/im3.png (360,640,1) 1
102/006/im4.png (360,640,1) 1
102/006/im5.png (360,640,1) 1
102/006/im6.png (360,640,1) 1
102/006/im7.png (360,640,1) 1
102/006/im8.png (360,640,1) 1
102/006/im9.png (360,640,1) 1
102/006/im10.png (360,640,1) 1
102/006/im11.png (360,640,1) 1
102/006/im12.png (360,640,1) 1
102/006/im13.png (360,640,1) 1
102/006/im14.png (360,640,1) 1
102/006/im15.png (360,640,1) 1
102/007/im1.png (360,640,1) 1
102/007/im2.png (360,640,1) 1
102/007/im3.png (360,640,1) 1
102/007/im4.png (360,640,1) 1
102/007/im5.png (360,640,1) 1
102/007/im6.png (360,640,1) 1
102/007/im7.png (360,640,1) 1
102/007/im8.png (360,640,1) 1
102/007/im9.png (360,640,1) 1
102/007/im10.png (360,640,1) 1
102/007/im11.png (360,640,1) 1
102/007/im12.png (360,640,1) 1
102/007/im13.png (360,640,1) 1
102/007/im14.png (360,640,1) 1
102/007/im15.png (360,640,1) 1
102/008/im1.png (360,640,1) 1
102/008/im2.png (360,640,1) 1
102/008/im3.png (360,640,1) 1
102/008/im4.png (360,640,1) 1
102/008/im5.png (360,640,1) 1
102/008/im6.png (360,640,1) 1
102/008/im7.png (360,640,1) 1
102/008/im8.png (360,640,1) 1
102/008/im9.png (360,640,1) 1
102/008/im10.png (360,640,1) 1
102/008/im11.png (360,640,1) 1
102/008/im12.png (360,640,1) 1
102/008/im13.png (360,640,1) 1
102/008/im14.png (360,640,1) 1
102/008/im15.png (360,640,1) 1
103/001/im1.png (360,640,1) 1
103/001/im2.png (360,640,1) 1
103/001/im3.png (360,640,1) 1
103/001/im4.png (360,640,1) 1
103/001/im5.png (360,640,1) 1
103/001/im6.png (360,640,1) 1
103/001/im7.png (360,640,1) 1
103/001/im8.png (360,640,1) 1
103/001/im9.png (360,640,1) 1
103/001/im10.png (360,640,1) 1
103/001/im11.png (360,640,1) 1
103/001/im12.png (360,640,1) 1
103/001/im13.png (360,640,1) 1
103/001/im14.png (360,640,1) 1
103/001/im15.png (360,640,1) 1
103/002/im1.png (360,640,1) 1
103/002/im2.png (360,640,1) 1
103/002/im3.png (360,640,1) 1
103/002/im4.png (360,640,1) 1
103/002/im5.png (360,640,1) 1
103/002/im6.png (360,640,1) 1
103/002/im7.png (360,640,1) 1
103/002/im8.png (360,640,1) 1
103/002/im9.png (360,640,1) 1
103/002/im10.png (360,640,1) 1
103/002/im11.png (360,640,1) 1
103/002/im12.png (360,640,1) 1
103/002/im13.png (360,640,1) 1
103/002/im14.png (360,640,1) 1
103/002/im15.png (360,640,1) 1
103/003/im1.png (360,640,1) 1
103/003/im2.png (360,640,1) 1
103/003/im3.png (360,640,1) 1
103/003/im4.png (360,640,1) 1
103/003/im5.png (360,640,1) 1
103/003/im6.png (360,640,1) 1
103/003/im7.png (360,640,1) 1
103/003/im8.png (360,640,1) 1
103/003/im9.png (360,640,1) 1
103/003/im10.png (360,640,1) 1
103/003/im11.png (360,640,1) 1
103/003/im12.png (360,640,1) 1
103/003/im13.png (360,640,1) 1
103/003/im14.png (360,640,1) 1
103/003/im15.png (360,640,1) 1
103/004/im1.png (360,640,1) 1
103/004/im2.png (360,640,1) 1
103/004/im3.png (360,640,1) 1
103/004/im4.png (360,640,1) 1
103/004/im5.png (360,640,1) 1
103/004/im6.png (360,640,1) 1
103/004/im7.png (360,640,1) 1
103/004/im8.png (360,640,1) 1
103/004/im9.png (360,640,1) 1
103/004/im10.png (360,640,1) 1
103/004/im11.png (360,640,1) 1
103/004/im12.png (360,640,1) 1
103/004/im13.png (360,640,1) 1
103/004/im14.png (360,640,1) 1
103/004/im15.png (360,640,1) 1
103/005/im1.png (360,640,1) 1
103/005/im2.png (360,640,1) 1
103/005/im3.png (360,640,1) 1
103/005/im4.png (360,640,1) 1
103/005/im5.png (360,640,1) 1
103/005/im6.png (360,640,1) 1
103/005/im7.png (360,640,1) 1
103/005/im8.png (360,640,1) 1
103/005/im9.png (360,640,1) 1
103/005/im10.png (360,640,1) 1
103/005/im11.png (360,640,1) 1
103/005/im12.png (360,640,1) 1
103/005/im13.png (360,640,1) 1
103/005/im14.png (360,640,1) 1
103/005/im15.png (360,640,1) 1
103/006/im1.png (360,640,1) 1
103/006/im2.png (360,640,1) 1
103/006/im3.png (360,640,1) 1
103/006/im4.png (360,640,1) 1
103/006/im5.png (360,640,1) 1
103/006/im6.png (360,640,1) 1
103/006/im7.png (360,640,1) 1
103/006/im8.png (360,640,1) 1
103/006/im9.png (360,640,1) 1
103/006/im10.png (360,640,1) 1
103/006/im11.png (360,640,1) 1
103/006/im12.png (360,640,1) 1
103/006/im13.png (360,640,1) 1
103/006/im14.png (360,640,1) 1
103/006/im15.png (360,640,1) 1
103/007/im1.png (360,640,1) 1
103/007/im2.png (360,640,1) 1
103/007/im3.png (360,640,1) 1
103/007/im4.png (360,640,1) 1
103/007/im5.png (360,640,1) 1
103/007/im6.png (360,640,1) 1
103/007/im7.png (360,640,1) 1
103/007/im8.png (360,640,1) 1
103/007/im9.png (360,640,1) 1
103/007/im10.png (360,640,1) 1
103/007/im11.png (360,640,1) 1
103/007/im12.png (360,640,1) 1
103/007/im13.png (360,640,1) 1
103/007/im14.png (360,640,1) 1
103/007/im15.png (360,640,1) 1
103/008/im1.png (360,640,1) 1
103/008/im2.png (360,640,1) 1
103/008/im3.png (360,640,1) 1
103/008/im4.png (360,640,1) 1
103/008/im5.png (360,640,1) 1
103/008/im6.png (360,640,1) 1
103/008/im7.png (360,640,1) 1
103/008/im8.png (360,640,1) 1
103/008/im9.png (360,640,1) 1
103/008/im10.png (360,640,1) 1
103/008/im11.png (360,640,1) 1
103/008/im12.png (360,640,1) 1
103/008/im13.png (360,640,1) 1
103/008/im14.png (360,640,1) 1
103/008/im15.png (360,640,1) 1
104/001/im1.png (360,640,1) 1
104/001/im2.png (360,640,1) 1
104/001/im3.png (360,640,1) 1
104/001/im4.png (360,640,1) 1
104/001/im5.png (360,640,1) 1
104/001/im6.png (360,640,1) 1
104/001/im7.png (360,640,1) 1
104/001/im8.png (360,640,1) 1
104/001/im9.png (360,640,1) 1
104/001/im10.png (360,640,1) 1
104/001/im11.png (360,640,1) 1
104/001/im12.png (360,640,1) 1
104/001/im13.png (360,640,1) 1
104/001/im14.png (360,640,1) 1
104/001/im15.png (360,640,1) 1
104/002/im1.png (360,640,1) 1
104/002/im2.png (360,640,1) 1
104/002/im3.png (360,640,1) 1
104/002/im4.png (360,640,1) 1
104/002/im5.png (360,640,1) 1
104/002/im6.png (360,640,1) 1
104/002/im7.png (360,640,1) 1
104/002/im8.png (360,640,1) 1
104/002/im9.png (360,640,1) 1
104/002/im10.png (360,640,1) 1
104/002/im11.png (360,640,1) 1
104/002/im12.png (360,640,1) 1
104/002/im13.png (360,640,1) 1
104/002/im14.png (360,640,1) 1
104/002/im15.png (360,640,1) 1
104/003/im1.png (360,640,1) 1
104/003/im2.png (360,640,1) 1
104/003/im3.png (360,640,1) 1
104/003/im4.png (360,640,1) 1
104/003/im5.png (360,640,1) 1
104/003/im6.png (360,640,1) 1
104/003/im7.png (360,640,1) 1
104/003/im8.png (360,640,1) 1
104/003/im9.png (360,640,1) 1
104/003/im10.png (360,640,1) 1
104/003/im11.png (360,640,1) 1
104/003/im12.png (360,640,1) 1
104/003/im13.png (360,640,1) 1
104/003/im14.png (360,640,1) 1
104/003/im15.png (360,640,1) 1
104/004/im1.png (360,640,1) 1
104/004/im2.png (360,640,1) 1
104/004/im3.png (360,640,1) 1
104/004/im4.png (360,640,1) 1
104/004/im5.png (360,640,1) 1
104/004/im6.png (360,640,1) 1
104/004/im7.png (360,640,1) 1
104/004/im8.png (360,640,1) 1
104/004/im9.png (360,640,1) 1
104/004/im10.png (360,640,1) 1
104/004/im11.png (360,640,1) 1
104/004/im12.png (360,640,1) 1
104/004/im13.png (360,640,1) 1
104/004/im14.png (360,640,1) 1
104/004/im15.png (360,640,1) 1
104/005/im1.png (360,640,1) 1
104/005/im2.png (360,640,1) 1
104/005/im3.png (360,640,1) 1
104/005/im4.png (360,640,1) 1
104/005/im5.png (360,640,1) 1
104/005/im6.png (360,640,1) 1
104/005/im7.png (360,640,1) 1
104/005/im8.png (360,640,1) 1
104/005/im9.png (360,640,1) 1
104/005/im10.png (360,640,1) 1
104/005/im11.png (360,640,1) 1
104/005/im12.png (360,640,1) 1
104/005/im13.png (360,640,1) 1
104/005/im14.png (360,640,1) 1
104/005/im15.png (360,640,1) 1
104/006/im1.png (360,640,1) 1
104/006/im2.png (360,640,1) 1
104/006/im3.png (360,640,1) 1
104/006/im4.png (360,640,1) 1
104/006/im5.png (360,640,1) 1
104/006/im6.png (360,640,1) 1
104/006/im7.png (360,640,1) 1
104/006/im8.png (360,640,1) 1
104/006/im9.png (360,640,1) 1
104/006/im10.png (360,640,1) 1
104/006/im11.png (360,640,1) 1
104/006/im12.png (360,640,1) 1
104/006/im13.png (360,640,1) 1
104/006/im14.png (360,640,1) 1
104/006/im15.png (360,640,1) 1
104/007/im1.png (360,640,1) 1
104/007/im2.png (360,640,1) 1
104/007/im3.png (360,640,1) 1
104/007/im4.png (360,640,1) 1
104/007/im5.png (360,640,1) 1
104/007/im6.png (360,640,1) 1
104/007/im7.png (360,640,1) 1
104/007/im8.png (360,640,1) 1
104/007/im9.png (360,640,1) 1
104/007/im10.png (360,640,1) 1
104/007/im11.png (360,640,1) 1
104/007/im12.png (360,640,1) 1
104/007/im13.png (360,640,1) 1
104/007/im14.png (360,640,1) 1
104/007/im15.png (360,640,1) 1
104/008/im1.png (360,640,1) 1
104/008/im2.png (360,640,1) 1
104/008/im3.png (360,640,1) 1
104/008/im4.png (360,640,1) 1
104/008/im5.png (360,640,1) 1
104/008/im6.png (360,640,1) 1
104/008/im7.png (360,640,1) 1
104/008/im8.png (360,640,1) 1
104/008/im9.png (360,640,1) 1
104/008/im10.png (360,640,1) 1
104/008/im11.png (360,640,1) 1
104/008/im12.png (360,640,1) 1
104/008/im13.png (360,640,1) 1
104/008/im14.png (360,640,1) 1
104/008/im15.png (360,640,1) 1
105/001/im1.png (360,640,1) 1
105/001/im2.png (360,640,1) 1
105/001/im3.png (360,640,1) 1
105/001/im4.png (360,640,1) 1
105/001/im5.png (360,640,1) 1
105/001/im6.png (360,640,1) 1
105/001/im7.png (360,640,1) 1
105/001/im8.png (360,640,1) 1
105/001/im9.png (360,640,1) 1
105/001/im10.png (360,640,1) 1
105/001/im11.png (360,640,1) 1
105/001/im12.png (360,640,1) 1
105/001/im13.png (360,640,1) 1
105/001/im14.png (360,640,1) 1
105/001/im15.png (360,640,1) 1
105/002/im1.png (360,640,1) 1
105/002/im2.png (360,640,1) 1
105/002/im3.png (360,640,1) 1
105/002/im4.png (360,640,1) 1
105/002/im5.png (360,640,1) 1
105/002/im6.png (360,640,1) 1
105/002/im7.png (360,640,1) 1
105/002/im8.png (360,640,1) 1
105/002/im9.png (360,640,1) 1
105/002/im10.png (360,640,1) 1
105/002/im11.png (360,640,1) 1
105/002/im12.png (360,640,1) 1
105/002/im13.png (360,640,1) 1
105/002/im14.png (360,640,1) 1
105/002/im15.png (360,640,1) 1
105/003/im1.png (360,640,1) 1
105/003/im2.png (360,640,1) 1
105/003/im3.png (360,640,1) 1
105/003/im4.png (360,640,1) 1
105/003/im5.png (360,640,1) 1
105/003/im6.png (360,640,1) 1
105/003/im7.png (360,640,1) 1
105/003/im8.png (360,640,1) 1
105/003/im9.png (360,640,1) 1
105/003/im10.png (360,640,1) 1
105/003/im11.png (360,640,1) 1
105/003/im12.png (360,640,1) 1
105/003/im13.png (360,640,1) 1
105/003/im14.png (360,640,1) 1
105/003/im15.png (360,640,1) 1
105/004/im1.png (360,640,1) 1
105/004/im2.png (360,640,1) 1
105/004/im3.png (360,640,1) 1
105/004/im4.png (360,640,1) 1
105/004/im5.png (360,640,1) 1
105/004/im6.png (360,640,1) 1
105/004/im7.png (360,640,1) 1
105/004/im8.png (360,640,1) 1
105/004/im9.png (360,640,1) 1
105/004/im10.png (360,640,1) 1
105/004/im11.png (360,640,1) 1
105/004/im12.png (360,640,1) 1
105/004/im13.png (360,640,1) 1
105/004/im14.png (360,640,1) 1
105/004/im15.png (360,640,1) 1
105/005/im1.png (360,640,1) 1
105/005/im2.png (360,640,1) 1
105/005/im3.png (360,640,1) 1
105/005/im4.png (360,640,1) 1
105/005/im5.png (360,640,1) 1
105/005/im6.png (360,640,1) 1
105/005/im7.png (360,640,1) 1
105/005/im8.png (360,640,1) 1
105/005/im9.png (360,640,1) 1
105/005/im10.png (360,640,1) 1
105/005/im11.png (360,640,1) 1
105/005/im12.png (360,640,1) 1
105/005/im13.png (360,640,1) 1
105/005/im14.png (360,640,1) 1
105/005/im15.png (360,640,1) 1
105/006/im1.png (360,640,1) 1
105/006/im2.png (360,640,1) 1
105/006/im3.png (360,640,1) 1
105/006/im4.png (360,640,1) 1
105/006/im5.png (360,640,1) 1
105/006/im6.png (360,640,1) 1
105/006/im7.png (360,640,1) 1
105/006/im8.png (360,640,1) 1
105/006/im9.png (360,640,1) 1
105/006/im10.png (360,640,1) 1
105/006/im11.png (360,640,1) 1
105/006/im12.png (360,640,1) 1
105/006/im13.png (360,640,1) 1
105/006/im14.png (360,640,1) 1
105/006/im15.png (360,640,1) 1
105/007/im1.png (360,640,1) 1
105/007/im2.png (360,640,1) 1
105/007/im3.png (360,640,1) 1
105/007/im4.png (360,640,1) 1
105/007/im5.png (360,640,1) 1
105/007/im6.png (360,640,1) 1
105/007/im7.png (360,640,1) 1
105/007/im8.png (360,640,1) 1
105/007/im9.png (360,640,1) 1
105/007/im10.png (360,640,1) 1
105/007/im11.png (360,640,1) 1
105/007/im12.png (360,640,1) 1
105/007/im13.png (360,640,1) 1
105/007/im14.png (360,640,1) 1
105/007/im15.png (360,640,1) 1
105/008/im1.png (360,640,1) 1
105/008/im2.png (360,640,1) 1
105/008/im3.png (360,640,1) 1
105/008/im4.png (360,640,1) 1
105/008/im5.png (360,640,1) 1
105/008/im6.png (360,640,1) 1
105/008/im7.png (360,640,1) 1
105/008/im8.png (360,640,1) 1
105/008/im9.png (360,640,1) 1
105/008/im10.png (360,640,1) 1
105/008/im11.png (360,640,1) 1
105/008/im12.png (360,640,1) 1
105/008/im13.png (360,640,1) 1
105/008/im14.png (360,640,1) 1
105/008/im15.png (360,640,1) 1
106/001/im1.png (360,640,1) 1
106/001/im2.png (360,640,1) 1
106/001/im3.png (360,640,1) 1
106/001/im4.png (360,640,1) 1
106/001/im5.png (360,640,1) 1
106/001/im6.png (360,640,1) 1
106/001/im7.png (360,640,1) 1
106/001/im8.png (360,640,1) 1
106/001/im9.png (360,640,1) 1
106/001/im10.png (360,640,1) 1
106/001/im11.png (360,640,1) 1
106/001/im12.png (360,640,1) 1
106/001/im13.png (360,640,1) 1
106/001/im14.png (360,640,1) 1
106/001/im15.png (360,640,1) 1
106/002/im1.png (360,640,1) 1
106/002/im2.png (360,640,1) 1
106/002/im3.png (360,640,1) 1
106/002/im4.png (360,640,1) 1
106/002/im5.png (360,640,1) 1
106/002/im6.png (360,640,1) 1
106/002/im7.png (360,640,1) 1
106/002/im8.png (360,640,1) 1
106/002/im9.png (360,640,1) 1
106/002/im10.png (360,640,1) 1
106/002/im11.png (360,640,1) 1
106/002/im12.png (360,640,1) 1
106/002/im13.png (360,640,1) 1
106/002/im14.png (360,640,1) 1
106/002/im15.png (360,640,1) 1
106/003/im1.png (360,640,1) 1
106/003/im2.png (360,640,1) 1
106/003/im3.png (360,640,1) 1
106/003/im4.png (360,640,1) 1
106/003/im5.png (360,640,1) 1
106/003/im6.png (360,640,1) 1
106/003/im7.png (360,640,1) 1
106/003/im8.png (360,640,1) 1
106/003/im9.png (360,640,1) 1
106/003/im10.png (360,640,1) 1
106/003/im11.png (360,640,1) 1
106/003/im12.png (360,640,1) 1
106/003/im13.png (360,640,1) 1
106/003/im14.png (360,640,1) 1
106/003/im15.png (360,640,1) 1
106/004/im1.png (360,640,1) 1
106/004/im2.png (360,640,1) 1
106/004/im3.png (360,640,1) 1
106/004/im4.png (360,640,1) 1
106/004/im5.png (360,640,1) 1
106/004/im6.png (360,640,1) 1
106/004/im7.png (360,640,1) 1
106/004/im8.png (360,640,1) 1
106/004/im9.png (360,640,1) 1
106/004/im10.png (360,640,1) 1
106/004/im11.png (360,640,1) 1
106/004/im12.png (360,640,1) 1
106/004/im13.png (360,640,1) 1
106/004/im14.png (360,640,1) 1
106/004/im15.png (360,640,1) 1
106/005/im1.png (360,640,1) 1
106/005/im2.png (360,640,1) 1
106/005/im3.png (360,640,1) 1
106/005/im4.png (360,640,1) 1
106/005/im5.png (360,640,1) 1
106/005/im6.png (360,640,1) 1
106/005/im7.png (360,640,1) 1
106/005/im8.png (360,640,1) 1
106/005/im9.png (360,640,1) 1
106/005/im10.png (360,640,1) 1
106/005/im11.png (360,640,1) 1
106/005/im12.png (360,640,1) 1
106/005/im13.png (360,640,1) 1
106/005/im14.png (360,640,1) 1
106/005/im15.png (360,640,1) 1
106/006/im1.png (360,640,1) 1
106/006/im2.png (360,640,1) 1
106/006/im3.png (360,640,1) 1
106/006/im4.png (360,640,1) 1
106/006/im5.png (360,640,1) 1
106/006/im6.png (360,640,1) 1
106/006/im7.png (360,640,1) 1
106/006/im8.png (360,640,1) 1
106/006/im9.png (360,640,1) 1
106/006/im10.png (360,640,1) 1
106/006/im11.png (360,640,1) 1
106/006/im12.png (360,640,1) 1
106/006/im13.png (360,640,1) 1
106/006/im14.png (360,640,1) 1
106/006/im15.png (360,640,1) 1
106/007/im1.png (360,640,1) 1
106/007/im2.png (360,640,1) 1
106/007/im3.png (360,640,1) 1
106/007/im4.png (360,640,1) 1
106/007/im5.png (360,640,1) 1
106/007/im6.png (360,640,1) 1
106/007/im7.png (360,640,1) 1
106/007/im8.png (360,640,1) 1
106/007/im9.png (360,640,1) 1
106/007/im10.png (360,640,1) 1
106/007/im11.png (360,640,1) 1
106/007/im12.png (360,640,1) 1
106/007/im13.png (360,640,1) 1
106/007/im14.png (360,640,1) 1
106/007/im15.png (360,640,1) 1
106/008/im1.png (360,640,1) 1
106/008/im2.png (360,640,1) 1
106/008/im3.png (360,640,1) 1
106/008/im4.png (360,640,1) 1
106/008/im5.png (360,640,1) 1
106/008/im6.png (360,640,1) 1
106/008/im7.png (360,640,1) 1
106/008/im8.png (360,640,1) 1
106/008/im9.png (360,640,1) 1
106/008/im10.png (360,640,1) 1
106/008/im11.png (360,640,1) 1
106/008/im12.png (360,640,1) 1
106/008/im13.png (360,640,1) 1
106/008/im14.png (360,640,1) 1
106/008/im15.png (360,640,1) 1
107/001/im1.png (480,720,1) 1
107/001/im2.png (480,720,1) 1
107/001/im3.png (480,720,1) 1
107/001/im4.png (480,720,1) 1
107/001/im5.png (480,720,1) 1
107/001/im6.png (480,720,1) 1
107/001/im7.png (480,720,1) 1
107/001/im8.png (480,720,1) 1
107/001/im9.png (480,720,1) 1
107/001/im10.png (480,720,1) 1
107/001/im11.png (480,720,1) 1
107/001/im12.png (480,720,1) 1
107/001/im13.png (480,720,1) 1
107/001/im14.png (480,720,1) 1
107/001/im15.png (480,720,1) 1
107/002/im1.png (480,720,1) 1
107/002/im2.png (480,720,1) 1
107/002/im3.png (480,720,1) 1
107/002/im4.png (480,720,1) 1
107/002/im5.png (480,720,1) 1
107/002/im6.png (480,720,1) 1
107/002/im7.png (480,720,1) 1
107/002/im8.png (480,720,1) 1
107/002/im9.png (480,720,1) 1
107/002/im10.png (480,720,1) 1
107/002/im11.png (480,720,1) 1
107/002/im12.png (480,720,1) 1
107/002/im13.png (480,720,1) 1
107/002/im14.png (480,720,1) 1
107/002/im15.png (480,720,1) 1
107/003/im1.png (480,720,1) 1
107/003/im2.png (480,720,1) 1
107/003/im3.png (480,720,1) 1
107/003/im4.png (480,720,1) 1
107/003/im5.png (480,720,1) 1
107/003/im6.png (480,720,1) 1
107/003/im7.png (480,720,1) 1
107/003/im8.png (480,720,1) 1
107/003/im9.png (480,720,1) 1
107/003/im10.png (480,720,1) 1
107/003/im11.png (480,720,1) 1
107/003/im12.png (480,720,1) 1
107/003/im13.png (480,720,1) 1
107/003/im14.png (480,720,1) 1
107/003/im15.png (480,720,1) 1
107/004/im1.png (480,720,1) 1
107/004/im2.png (480,720,1) 1
107/004/im3.png (480,720,1) 1
107/004/im4.png (480,720,1) 1
107/004/im5.png (480,720,1) 1
107/004/im6.png (480,720,1) 1
107/004/im7.png (480,720,1) 1
107/004/im8.png (480,720,1) 1
107/004/im9.png (480,720,1) 1
107/004/im10.png (480,720,1) 1
107/004/im11.png (480,720,1) 1
107/004/im12.png (480,720,1) 1
107/004/im13.png (480,720,1) 1
107/004/im14.png (480,720,1) 1
107/004/im15.png (480,720,1) 1
107/005/im1.png (480,720,1) 1
107/005/im2.png (480,720,1) 1
107/005/im3.png (480,720,1) 1
107/005/im4.png (480,720,1) 1
107/005/im5.png (480,720,1) 1
107/005/im6.png (480,720,1) 1
107/005/im7.png (480,720,1) 1
107/005/im8.png (480,720,1) 1
107/005/im9.png (480,720,1) 1
107/005/im10.png (480,720,1) 1
107/005/im11.png (480,720,1) 1
107/005/im12.png (480,720,1) 1
107/005/im13.png (480,720,1) 1
107/005/im14.png (480,720,1) 1
107/005/im15.png (480,720,1) 1
107/006/im1.png (480,720,1) 1
107/006/im2.png (480,720,1) 1
107/006/im3.png (480,720,1) 1
107/006/im4.png (480,720,1) 1
107/006/im5.png (480,720,1) 1
107/006/im6.png (480,720,1) 1
107/006/im7.png (480,720,1) 1
107/006/im8.png (480,720,1) 1
107/006/im9.png (480,720,1) 1
107/006/im10.png (480,720,1) 1
107/006/im11.png (480,720,1) 1
107/006/im12.png (480,720,1) 1
107/006/im13.png (480,720,1) 1
107/006/im14.png (480,720,1) 1
107/006/im15.png (480,720,1) 1
107/007/im1.png (480,720,1) 1
107/007/im2.png (480,720,1) 1
107/007/im3.png (480,720,1) 1
107/007/im4.png (480,720,1) 1
107/007/im5.png (480,720,1) 1
107/007/im6.png (480,720,1) 1
107/007/im7.png (480,720,1) 1
107/007/im8.png (480,720,1) 1
107/007/im9.png (480,720,1) 1
107/007/im10.png (480,720,1) 1
107/007/im11.png (480,720,1) 1
107/007/im12.png (480,720,1) 1
107/007/im13.png (480,720,1) 1
107/007/im14.png (480,720,1) 1
107/007/im15.png (480,720,1) 1
107/008/im1.png (480,720,1) 1
107/008/im2.png (480,720,1) 1
107/008/im3.png (480,720,1) 1
107/008/im4.png (480,720,1) 1
107/008/im5.png (480,720,1) 1
107/008/im6.png (480,720,1) 1
107/008/im7.png (480,720,1) 1
107/008/im8.png (480,720,1) 1
107/008/im9.png (480,720,1) 1
107/008/im10.png (480,720,1) 1
107/008/im11.png (480,720,1) 1
107/008/im12.png (480,720,1) 1
107/008/im13.png (480,720,1) 1
107/008/im14.png (480,720,1) 1
107/008/im15.png (480,720,1) 1
107/009/im1.png (480,720,1) 1
107/009/im2.png (480,720,1) 1
107/009/im3.png (480,720,1) 1
107/009/im4.png (480,720,1) 1
107/009/im5.png (480,720,1) 1
107/009/im6.png (480,720,1) 1
107/009/im7.png (480,720,1) 1
107/009/im8.png (480,720,1) 1
107/009/im9.png (480,720,1) 1
107/009/im10.png (480,720,1) 1
107/009/im11.png (480,720,1) 1
107/009/im12.png (480,720,1) 1
107/009/im13.png (480,720,1) 1
107/009/im14.png (480,720,1) 1
107/009/im15.png (480,720,1) 1
107/010/im1.png (480,720,1) 1
107/010/im2.png (480,720,1) 1
107/010/im3.png (480,720,1) 1
107/010/im4.png (480,720,1) 1
107/010/im5.png (480,720,1) 1
107/010/im6.png (480,720,1) 1
107/010/im7.png (480,720,1) 1
107/010/im8.png (480,720,1) 1
107/010/im9.png (480,720,1) 1
107/010/im10.png (480,720,1) 1
107/010/im11.png (480,720,1) 1
107/010/im12.png (480,720,1) 1
107/010/im13.png (480,720,1) 1
107/010/im14.png (480,720,1) 1
107/010/im15.png (480,720,1) 1
107/011/im1.png (480,720,1) 1
107/011/im2.png (480,720,1) 1
107/011/im3.png (480,720,1) 1
107/011/im4.png (480,720,1) 1
107/011/im5.png (480,720,1) 1
107/011/im6.png (480,720,1) 1
107/011/im7.png (480,720,1) 1
107/011/im8.png (480,720,1) 1
107/011/im9.png (480,720,1) 1
107/011/im10.png (480,720,1) 1
107/011/im11.png (480,720,1) 1
107/011/im12.png (480,720,1) 1
107/011/im13.png (480,720,1) 1
107/011/im14.png (480,720,1) 1
107/011/im15.png (480,720,1) 1
107/012/im1.png (480,720,1) 1
107/012/im2.png (480,720,1) 1
107/012/im3.png (480,720,1) 1
107/012/im4.png (480,720,1) 1
107/012/im5.png (480,720,1) 1
107/012/im6.png (480,720,1) 1
107/012/im7.png (480,720,1) 1
107/012/im8.png (480,720,1) 1
107/012/im9.png (480,720,1) 1
107/012/im10.png (480,720,1) 1
107/012/im11.png (480,720,1) 1
107/012/im12.png (480,720,1) 1
107/012/im13.png (480,720,1) 1
107/012/im14.png (480,720,1) 1
107/012/im15.png (480,720,1) 1
107/013/im1.png (480,720,1) 1
107/013/im2.png (480,720,1) 1
107/013/im3.png (480,720,1) 1
107/013/im4.png (480,720,1) 1
107/013/im5.png (480,720,1) 1
107/013/im6.png (480,720,1) 1
107/013/im7.png (480,720,1) 1
107/013/im8.png (480,720,1) 1
107/013/im9.png (480,720,1) 1
107/013/im10.png (480,720,1) 1
107/013/im11.png (480,720,1) 1
107/013/im12.png (480,720,1) 1
107/013/im13.png (480,720,1) 1
107/013/im14.png (480,720,1) 1
107/013/im15.png (480,720,1) 1
107/014/im1.png (480,720,1) 1
107/014/im2.png (480,720,1) 1
107/014/im3.png (480,720,1) 1
107/014/im4.png (480,720,1) 1
107/014/im5.png (480,720,1) 1
107/014/im6.png (480,720,1) 1
107/014/im7.png (480,720,1) 1
107/014/im8.png (480,720,1) 1
107/014/im9.png (480,720,1) 1
107/014/im10.png (480,720,1) 1
107/014/im11.png (480,720,1) 1
107/014/im12.png (480,720,1) 1
107/014/im13.png (480,720,1) 1
107/014/im14.png (480,720,1) 1
107/014/im15.png (480,720,1) 1
107/015/im1.png (480,720,1) 1
107/015/im2.png (480,720,1) 1
107/015/im3.png (480,720,1) 1
107/015/im4.png (480,720,1) 1
107/015/im5.png (480,720,1) 1
107/015/im6.png (480,720,1) 1
107/015/im7.png (480,720,1) 1
107/015/im8.png (480,720,1) 1
107/015/im9.png (480,720,1) 1
107/015/im10.png (480,720,1) 1
107/015/im11.png (480,720,1) 1
107/015/im12.png (480,720,1) 1
107/015/im13.png (480,720,1) 1
107/015/im14.png (480,720,1) 1
107/015/im15.png (480,720,1) 1
107/016/im1.png (480,720,1) 1
107/016/im2.png (480,720,1) 1
107/016/im3.png (480,720,1) 1
107/016/im4.png (480,720,1) 1
107/016/im5.png (480,720,1) 1
107/016/im6.png (480,720,1) 1
107/016/im7.png (480,720,1) 1
107/016/im8.png (480,720,1) 1
107/016/im9.png (480,720,1) 1
107/016/im10.png (480,720,1) 1
107/016/im11.png (480,720,1) 1
107/016/im12.png (480,720,1) 1
107/016/im13.png (480,720,1) 1
107/016/im14.png (480,720,1) 1
107/016/im15.png (480,720,1) 1
107/017/im1.png (480,720,1) 1
107/017/im2.png (480,720,1) 1
107/017/im3.png (480,720,1) 1
107/017/im4.png (480,720,1) 1
107/017/im5.png (480,720,1) 1
107/017/im6.png (480,720,1) 1
107/017/im7.png (480,720,1) 1
107/017/im8.png (480,720,1) 1
107/017/im9.png (480,720,1) 1
107/017/im10.png (480,720,1) 1
107/017/im11.png (480,720,1) 1
107/017/im12.png (480,720,1) 1
107/017/im13.png (480,720,1) 1
107/017/im14.png (480,720,1) 1
107/017/im15.png (480,720,1) 1
107/018/im1.png (480,720,1) 1
107/018/im2.png (480,720,1) 1
107/018/im3.png (480,720,1) 1
107/018/im4.png (480,720,1) 1
107/018/im5.png (480,720,1) 1
107/018/im6.png (480,720,1) 1
107/018/im7.png (480,720,1) 1
107/018/im8.png (480,720,1) 1
107/018/im9.png (480,720,1) 1
107/018/im10.png (480,720,1) 1
107/018/im11.png (480,720,1) 1
107/018/im12.png (480,720,1) 1
107/018/im13.png (480,720,1) 1
107/018/im14.png (480,720,1) 1
107/018/im15.png (480,720,1) 1
107/019/im1.png (480,720,1) 1
107/019/im2.png (480,720,1) 1
107/019/im3.png (480,720,1) 1
107/019/im4.png (480,720,1) 1
107/019/im5.png (480,720,1) 1
107/019/im6.png (480,720,1) 1
107/019/im7.png (480,720,1) 1
107/019/im8.png (480,720,1) 1
107/019/im9.png (480,720,1) 1
107/019/im10.png (480,720,1) 1
107/019/im11.png (480,720,1) 1
107/019/im12.png (480,720,1) 1
107/019/im13.png (480,720,1) 1
107/019/im14.png (480,720,1) 1
107/019/im15.png (480,720,1) 1
107/020/im1.png (480,720,1) 1
107/020/im2.png (480,720,1) 1
107/020/im3.png (480,720,1) 1
107/020/im4.png (480,720,1) 1
107/020/im5.png (480,720,1) 1
107/020/im6.png (480,720,1) 1
107/020/im7.png (480,720,1) 1
107/020/im8.png (480,720,1) 1
107/020/im9.png (480,720,1) 1
107/020/im10.png (480,720,1) 1
107/020/im11.png (480,720,1) 1
107/020/im12.png (480,720,1) 1
107/020/im13.png (480,720,1) 1
107/020/im14.png (480,720,1) 1
107/020/im15.png (480,720,1) 1
108/001/im1.png (288,352,1) 1
108/001/im2.png (288,352,1) 1
108/001/im3.png (288,352,1) 1
108/001/im4.png (288,352,1) 1
108/001/im5.png (288,352,1) 1
108/001/im6.png (288,352,1) 1
108/001/im7.png (288,352,1) 1
108/001/im8.png (288,352,1) 1
108/001/im9.png (288,352,1) 1
108/001/im10.png (288,352,1) 1
108/001/im11.png (288,352,1) 1
108/001/im12.png (288,352,1) 1
108/001/im13.png (288,352,1) 1
108/001/im14.png (288,352,1) 1
108/001/im15.png (288,352,1) 1
108/002/im1.png (288,352,1) 1
108/002/im2.png (288,352,1) 1
108/002/im3.png (288,352,1) 1
108/002/im4.png (288,352,1) 1
108/002/im5.png (288,352,1) 1
108/002/im6.png (288,352,1) 1
108/002/im7.png (288,352,1) 1
108/002/im8.png (288,352,1) 1
108/002/im9.png (288,352,1) 1
108/002/im10.png (288,352,1) 1
108/002/im11.png (288,352,1) 1
108/002/im12.png (288,352,1) 1
108/002/im13.png (288,352,1) 1
108/002/im14.png (288,352,1) 1
108/002/im15.png (288,352,1) 1
108/003/im1.png (288,352,1) 1
108/003/im2.png (288,352,1) 1
108/003/im3.png (288,352,1) 1
108/003/im4.png (288,352,1) 1
108/003/im5.png (288,352,1) 1
108/003/im6.png (288,352,1) 1
108/003/im7.png (288,352,1) 1
108/003/im8.png (288,352,1) 1
108/003/im9.png (288,352,1) 1
108/003/im10.png (288,352,1) 1
108/003/im11.png (288,352,1) 1
108/003/im12.png (288,352,1) 1
108/003/im13.png (288,352,1) 1
108/003/im14.png (288,352,1) 1
108/003/im15.png (288,352,1) 1
108/004/im1.png (288,352,1) 1
108/004/im2.png (288,352,1) 1
108/004/im3.png (288,352,1) 1
108/004/im4.png (288,352,1) 1
108/004/im5.png (288,352,1) 1
108/004/im6.png (288,352,1) 1
108/004/im7.png (288,352,1) 1
108/004/im8.png (288,352,1) 1
108/004/im9.png (288,352,1) 1
108/004/im10.png (288,352,1) 1
108/004/im11.png (288,352,1) 1
108/004/im12.png (288,352,1) 1
108/004/im13.png (288,352,1) 1
108/004/im14.png (288,352,1) 1
108/004/im15.png (288,352,1) 1
108/005/im1.png (288,352,1) 1
108/005/im2.png (288,352,1) 1
108/005/im3.png (288,352,1) 1
108/005/im4.png (288,352,1) 1
108/005/im5.png (288,352,1) 1
108/005/im6.png (288,352,1) 1
108/005/im7.png (288,352,1) 1
108/005/im8.png (288,352,1) 1
108/005/im9.png (288,352,1) 1
108/005/im10.png (288,352,1) 1
108/005/im11.png (288,352,1) 1
108/005/im12.png (288,352,1) 1
108/005/im13.png (288,352,1) 1
108/005/im14.png (288,352,1) 1
108/005/im15.png (288,352,1) 1
108/006/im1.png (288,352,1) 1
108/006/im2.png (288,352,1) 1
108/006/im3.png (288,352,1) 1
108/006/im4.png (288,352,1) 1
108/006/im5.png (288,352,1) 1
108/006/im6.png (288,352,1) 1
108/006/im7.png (288,352,1) 1
108/006/im8.png (288,352,1) 1
108/006/im9.png (288,352,1) 1
108/006/im10.png (288,352,1) 1
108/006/im11.png (288,352,1) 1
108/006/im12.png (288,352,1) 1
108/006/im13.png (288,352,1) 1
108/006/im14.png (288,352,1) 1
108/006/im15.png (288,352,1) 1
108/007/im1.png (288,352,1) 1
108/007/im2.png (288,352,1) 1
108/007/im3.png (288,352,1) 1
108/007/im4.png (288,352,1) 1
108/007/im5.png (288,352,1) 1
108/007/im6.png (288,352,1) 1
108/007/im7.png (288,352,1) 1
108/007/im8.png (288,352,1) 1
108/007/im9.png (288,352,1) 1
108/007/im10.png (288,352,1) 1
108/007/im11.png (288,352,1) 1
108/007/im12.png (288,352,1) 1
108/007/im13.png (288,352,1) 1
108/007/im14.png (288,352,1) 1
108/007/im15.png (288,352,1) 1
108/008/im1.png (288,352,1) 1
108/008/im2.png (288,352,1) 1
108/008/im3.png (288,352,1) 1
108/008/im4.png (288,352,1) 1
108/008/im5.png (288,352,1) 1
108/008/im6.png (288,352,1) 1
108/008/im7.png (288,352,1) 1
108/008/im8.png (288,352,1) 1
108/008/im9.png (288,352,1) 1
108/008/im10.png (288,352,1) 1
108/008/im11.png (288,352,1) 1
108/008/im12.png (288,352,1) 1
108/008/im13.png (288,352,1) 1
108/008/im14.png (288,352,1) 1
108/008/im15.png (288,352,1) 1
108/009/im1.png (288,352,1) 1
108/009/im2.png (288,352,1) 1
108/009/im3.png (288,352,1) 1
108/009/im4.png (288,352,1) 1
108/009/im5.png (288,352,1) 1
108/009/im6.png (288,352,1) 1
108/009/im7.png (288,352,1) 1
108/009/im8.png (288,352,1) 1
108/009/im9.png (288,352,1) 1
108/009/im10.png (288,352,1) 1
108/009/im11.png (288,352,1) 1
108/009/im12.png (288,352,1) 1
108/009/im13.png (288,352,1) 1
108/009/im14.png (288,352,1) 1
108/009/im15.png (288,352,1) 1
108/010/im1.png (288,352,1) 1
108/010/im2.png (288,352,1) 1
108/010/im3.png (288,352,1) 1
108/010/im4.png (288,352,1) 1
108/010/im5.png (288,352,1) 1
108/010/im6.png (288,352,1) 1
108/010/im7.png (288,352,1) 1
108/010/im8.png (288,352,1) 1
108/010/im9.png (288,352,1) 1
108/010/im10.png (288,352,1) 1
108/010/im11.png (288,352,1) 1
108/010/im12.png (288,352,1) 1
108/010/im13.png (288,352,1) 1
108/010/im14.png (288,352,1) 1
108/010/im15.png (288,352,1) 1
108/011/im1.png (288,352,1) 1
108/011/im2.png (288,352,1) 1
108/011/im3.png (288,352,1) 1
108/011/im4.png (288,352,1) 1
108/011/im5.png (288,352,1) 1
108/011/im6.png (288,352,1) 1
108/011/im7.png (288,352,1) 1
108/011/im8.png (288,352,1) 1
108/011/im9.png (288,352,1) 1
108/011/im10.png (288,352,1) 1
108/011/im11.png (288,352,1) 1
108/011/im12.png (288,352,1) 1
108/011/im13.png (288,352,1) 1
108/011/im14.png (288,352,1) 1
108/011/im15.png (288,352,1) 1
108/012/im1.png (288,352,1) 1
108/012/im2.png (288,352,1) 1
108/012/im3.png (288,352,1) 1
108/012/im4.png (288,352,1) 1
108/012/im5.png (288,352,1) 1
108/012/im6.png (288,352,1) 1
108/012/im7.png (288,352,1) 1
108/012/im8.png (288,352,1) 1
108/012/im9.png (288,352,1) 1
108/012/im10.png (288,352,1) 1
108/012/im11.png (288,352,1) 1
108/012/im12.png (288,352,1) 1
108/012/im13.png (288,352,1) 1
108/012/im14.png (288,352,1) 1
108/012/im15.png (288,352,1) 1
108/013/im1.png (288,352,1) 1
108/013/im2.png (288,352,1) 1
108/013/im3.png (288,352,1) 1
108/013/im4.png (288,352,1) 1
108/013/im5.png (288,352,1) 1
108/013/im6.png (288,352,1) 1
108/013/im7.png (288,352,1) 1
108/013/im8.png (288,352,1) 1
108/013/im9.png (288,352,1) 1
108/013/im10.png (288,352,1) 1
108/013/im11.png (288,352,1) 1
108/013/im12.png (288,352,1) 1
108/013/im13.png (288,352,1) 1
108/013/im14.png (288,352,1) 1
108/013/im15.png (288,352,1) 1
108/014/im1.png (288,352,1) 1
108/014/im2.png (288,352,1) 1
108/014/im3.png (288,352,1) 1
108/014/im4.png (288,352,1) 1
108/014/im5.png (288,352,1) 1
108/014/im6.png (288,352,1) 1
108/014/im7.png (288,352,1) 1
108/014/im8.png (288,352,1) 1
108/014/im9.png (288,352,1) 1
108/014/im10.png (288,352,1) 1
108/014/im11.png (288,352,1) 1
108/014/im12.png (288,352,1) 1
108/014/im13.png (288,352,1) 1
108/014/im14.png (288,352,1) 1
108/014/im15.png (288,352,1) 1
108/015/im1.png (288,352,1) 1
108/015/im2.png (288,352,1) 1
108/015/im3.png (288,352,1) 1
108/015/im4.png (288,352,1) 1
108/015/im5.png (288,352,1) 1
108/015/im6.png (288,352,1) 1
108/015/im7.png (288,352,1) 1
108/015/im8.png (288,352,1) 1
108/015/im9.png (288,352,1) 1
108/015/im10.png (288,352,1) 1
108/015/im11.png (288,352,1) 1
108/015/im12.png (288,352,1) 1
108/015/im13.png (288,352,1) 1
108/015/im14.png (288,352,1) 1
108/015/im15.png (288,352,1) 1
108/016/im1.png (288,352,1) 1
108/016/im2.png (288,352,1) 1
108/016/im3.png (288,352,1) 1
108/016/im4.png (288,352,1) 1
108/016/im5.png (288,352,1) 1
108/016/im6.png (288,352,1) 1
108/016/im7.png (288,352,1) 1
108/016/im8.png (288,352,1) 1
108/016/im9.png (288,352,1) 1
108/016/im10.png (288,352,1) 1
108/016/im11.png (288,352,1) 1
108/016/im12.png (288,352,1) 1
108/016/im13.png (288,352,1) 1
108/016/im14.png (288,352,1) 1
108/016/im15.png (288,352,1) 1
108/017/im1.png (288,352,1) 1
108/017/im2.png (288,352,1) 1
108/017/im3.png (288,352,1) 1
108/017/im4.png (288,352,1) 1
108/017/im5.png (288,352,1) 1
108/017/im6.png (288,352,1) 1
108/017/im7.png (288,352,1) 1
108/017/im8.png (288,352,1) 1
108/017/im9.png (288,352,1) 1
108/017/im10.png (288,352,1) 1
108/017/im11.png (288,352,1) 1
108/017/im12.png (288,352,1) 1
108/017/im13.png (288,352,1) 1
108/017/im14.png (288,352,1) 1
108/017/im15.png (288,352,1) 1
